Age,AnnualSalary,Attrition,Department,EmployeeID,EngagementScore,JobRole,JobSatisfaction,OverTime,PerformanceRating,TenureYears,WorkLifeBalance,WorkMode,YearsSinceLastPromotion,CandidateID,HireSource,TimeToHireDays,HireDate,NameMatchScore,MatchStatus,TicketCount,EscalatedTickets,AvgResolveDays
43,54767,No,News & Content,1,1,Photojournalist,3,No,3,4.1,3,On-site,0.3,9001,LinkedIn,19,2024-06-02,1.0,OK,5,1,1.8
39,72622,No,Sales,2,1,Account Executive,3,Yes,3,4.3,4,On-site,0.2,9002,Employee Referral,38,2020-10-05,1.0,OK,2,0,1.5
39,57567,No,Finance,3,4,Financial Analyst,1,No,2,0.8,4,Hybrid,0.8,9003,Employee Referral,37,2025-03-18,1.0,OK,5,0,3.2
36,95031,Yes,News & Content,4,3,Editor,2,Yes,3,10.8,3,Remote,7.7,9004,Career Site,47,2025-11-16,1.0,OK,10,2,2.6
28,105281,No,Engineering,5,4,Systems Engineer,3,No,3,3.8,4,Remote,1.7,9005,Employee Referral,26,2022-12-30,1.0,OK,0,0,0.0
45,88299,Yes,News & Content,6,4,Photojournalist,4,No,4,0.3,1,Hybrid,0.3,9006,Employee Referral,27,2019-02-10,1.0,OK,6,0,2.3333333333333335
46,109974,No,News & Content,7,1,Photojournalist,3,No,3,9.8,3,Hybrid,1.8,9007,LinkedIn,7,2019-10-19,1.0,OK,3,1,2.6666666666666665
46,70325,No,Sales,8,3,Account Executive,3,No,3,1.0,2,Remote,1.0,9008,LinkedIn,46,2020-12-03,1.0,OK,2,0,3.0
43,104429,No,News & Content,9,2,Editor,4,No,4,9.2,4,On-site,3.6,9009,Indeed,28,2020-08-31,1.0,OK,0,0,0.0
34,47631,No,News & Content,10,3,News Director,3,No,3,2.0,3,On-site,0.6,9010,LinkedIn,24,2021-06-30,1.0,OK,2,0,0.5
40,69915,No,News & Content,11,3,News Director,2,No,3,14.8,2,Hybrid,0.1,9011,LinkedIn,25,2018-07-26,1.0,OK,4,1,3.0
41,93484,No,Sales,12,2,Sales Manager,4,No,3,19.1,4,Hybrid,2.2,9012,Indeed,41,2023-08-31,1.0,OK,2,0,2.0
38,38481,No,Sales,13,2,Account Executive,4,No,3,5.4,2,On-site,3.6,9013,Indeed,35,2021-08-04,1.0,OK,4,0,2.75
44,48547,No,News & Content,14,3,Producer,3,Yes,3,5.1,2,On-site,5.1,9014,Employee Referral,27,2020-01-17,1.0,OK,3,0,5.666666666666667
23,105340,No,Finance,15,4,Accountant,4,No,2,1.9,4,On-site,1.9,9015,Employee Referral,26,2018-09-16,1.0,OK,3,1,7.333333333333333
46,67996,No,Sales,16,4,Sales Manager,3,Yes,3,12.7,2,On-site,1.5,9016,Employee Referral,46,2025-05-31,1.0,OK,8,3,2.125
46,125110,No,Human Resources,17,2,HR Generalist,3,No,4,0.4,2,Hybrid,0.4,9017,Career Site,20,2024-10-07,1.0,OK,6,1,6.833333333333333
52,45035,Yes,News & Content,18,3,Producer,1,No,4,1.0,2,On-site,1.0,9018,Indeed,31,2020-06-20,1.0,OK,5,0,3.4
42,69960,No,Sales,19,2,Account Executive,4,No,3,14.9,3,Hybrid,0.8,9019,Employee Referral,31,2024-04-29,1.0,OK,3,1,2.6666666666666665
41,101607,No,News & Content,20,3,Reporter,4,No,3,4.3,3,Hybrid,0.8,9020,Career Site,39,2023-10-29,1.0,OK,2,0,2.5
26,85859,No,Engineering,21,1,Broadcast Engineer,3,Yes,3,0.3,4,Hybrid,0.3,9021,LinkedIn,70,2022-11-14,1.0,OK,2,0,1.5
33,58785,No,Finance,22,3,Accountant,1,Yes,2,4.0,4,On-site,2.1,9022,Employee Referral,49,2021-08-29,1.0,OK,3,1,0.6666666666666666
51,95205,No,News & Content,23,2,Editor,3,No,2,16.8,4,On-site,1.3,9023,University Recruiting,36,2022-10-02,1.0,OK,2,0,1.5
54,63058,No,Sales,24,4,Account Executive,2,No,3,2.6,3,Hybrid,2.4,9024,University Recruiting,45,2022-07-16,1.0,OK,2,1,0.0
50,52185,No,Sales,25,1,Sales Manager,1,No,3,0.1,1,On-site,0.1,9025,Employee Referral,20,2022-12-21,1.0,OK,7,1,1.7142857142857142
27,62916,No,Sales,26,4,Sales Manager,1,No,3,4.7,3,Remote,2.5,9026,LinkedIn,13,2023-06-19,1.0,OK,11,1,1.9090909090909092
44,100910,No,Finance,27,4,Finance Manager,1,No,3,3.8,4,On-site,3.8,9027,Recruiter Sourced,16,2021-02-20,1.0,OK,3,1,3.6666666666666665
31,58379,Yes,News & Content,28,4,Photojournalist,2,No,3,0.4,1,Hybrid,0.4,9028,Indeed,22,2023-09-08,1.0,OK,5,2,3.2
37,57835,No,News & Content,29,3,Photojournalist,3,No,3,15.4,3,On-site,2.9,9029,Employee Referral,41,2019-06-11,1.0,OK,5,0,4.8
40,95111,No,News & Content,30,4,News Director,1,No,4,2.5,3,On-site,0.8,9030,Career Site,45,2022-09-29,1.0,OK,3,0,7.0
33,99552,No,Sales,31,3,Account Executive,4,Yes,3,13.0,3,Hybrid,0.2,9031,Career Site,31,2019-02-03,1.0,OK,2,0,0.5
40,34000,Yes,Finance,32,3,Accountant,4,Yes,3,0.3,2,On-site,0.3,9032,Employee Referral,25,2025-03-29,1.0,OK,5,1,5.0
32,34010,Yes,Sales,33,3,Account Executive,2,No,4,10.0,2,On-site,4.4,9033,Recruiter Sourced,14,2019-08-07,1.0,OK,2,0,3.0
46,80705,No,News & Content,34,4,News Director,3,No,3,0.4,2,On-site,0.0,9034,Employee Referral,48,2025-07-19,1.0,OK,3,0,0.3333333333333333
43,92528,No,Sales,35,3,Account Executive,2,Yes,3,5.1,3,Hybrid,1.7,9035,LinkedIn,49,2020-03-05,1.0,OK,3,1,2.0
41,74734,No,News & Content,36,3,Photojournalist,4,No,3,21.0,3,Hybrid,1.3,9036,Indeed,22,2022-06-11,1.0,OK,5,0,4.6
36,55183,Yes,Finance,37,2,Financial Analyst,2,No,3,0.5,3,On-site,0.5,9037,Recruiter Sourced,20,2019-05-08,1.0,OK,1,1,5.0
21,87997,No,Sales,38,4,Account Executive,2,No,3,1.0,4,On-site,1.0,9038,Career Site,33,2023-02-16,1.0,OK,7,1,1.4285714285714286
25,77308,No,Finance,39,3,Accountant,4,No,3,2.4,4,Hybrid,2.4,9039,Career Site,53,2025-04-01,1.0,OK,4,0,4.75
39,72146,No,Sales,40,4,Sales Coordinator,4,Yes,3,1.4,4,Remote,1.3,9040,Indeed,38,2023-10-28,1.0,OK,5,0,1.0
48,115158,No,News & Content,41,3,Producer,1,No,4,2.0,3,Hybrid,1.6,9041,Indeed,28,2022-10-07,1.0,OK,7,0,1.5714285714285714
39,44982,Yes,News & Content,42,1,Photojournalist,1,No,3,4.4,3,Remote,1.1,9042,Employee Referral,33,2024-03-03,1.0,OK,7,0,1.8571428571428572
33,109364,No,News & Content,43,4,Producer,4,No,3,4.4,2,Hybrid,1.5,9043,Employee Referral,15,2020-08-09,1.0,OK,1,0,1.0
42,85582,No,News & Content,44,3,Editor,3,No,3,3.9,3,On-site,0.4,9044,Indeed,47,2021-06-28,1.0,OK,4,0,5.0
28,86113,Yes,Engineering,45,2,IT Support,1,Yes,3,1.0,2,Hybrid,0.2,9045,Recruiter Sourced,27,2023-05-29,1.0,OK,3,1,1.6666666666666667
26,70834,No,News & Content,46,3,Photojournalist,4,No,4,1.7,2,On-site,0.0,9046,Career Site,14,2019-02-16,1.0,OK,5,1,1.6
32,37614,No,News & Content,47,3,News Director,3,No,3,3.0,3,Hybrid,0.1,9047,Employee Referral,31,2026-01-01,1.0,OK,1,0,4.0
47,39246,No,News & Content,48,4,Photojournalist,1,No,2,9.1,2,Hybrid,4.0,9048,Employee Referral,28,2020-03-24,1.0,OK,7,2,2.857142857142857
54,96685,No,Sales,49,1,Account Executive,3,No,3,7.0,3,On-site,3.0,9049,University Recruiting,40,2022-06-28,1.0,OK,5,0,4.0
24,34000,Yes,News & Content,50,1,Reporter,4,No,4,1.3,2,On-site,1.3,9050,Recruiter Sourced,49,2025-09-04,1.0,OK,5,0,4.2
45,76065,No,Engineering,51,3,IT Support,4,No,3,0.1,4,Hybrid,0.1,9051,Recruiter Sourced,51,2019-03-14,1.0,OK,0,0,0.0
42,78044,Yes,Finance,52,4,Finance Manager,4,No,3,1.0,1,Hybrid,1.0,9052,Recruiter Sourced,36,2024-12-19,1.0,OK,3,0,1.6666666666666667
57,127551,Yes,News & Content,53,1,Reporter,4,Yes,3,1.0,2,Hybrid,0.3,9053,LinkedIn,30,2019-01-17,1.0,OK,6,1,3.6666666666666665
39,76752,Yes,Engineering,54,1,Systems Engineer,2,No,3,0.6,4,Hybrid,0.6,9054,LinkedIn,29,2023-01-09,1.0,OK,12,1,2.0833333333333335
33,84843,No,Sales,55,4,Sales Manager,3,No,3,1.2,2,Hybrid,1.2,9055,Recruiter Sourced,7,2026-01-24,1.0,OK,1,1,2.0
46,65302,Yes,News & Content,56,4,Producer,3,Yes,3,1.2,3,On-site,1.2,9056,Employee Referral,38,2021-11-20,1.0,OK,4,0,1.0
37,101523,No,Sales,57,4,Sales Coordinator,3,No,3,6.1,4,On-site,3.3,9057,Employee Referral,39,2021-07-06,1.0,OK,2,0,2.0
56,64443,No,Human Resources,58,2,HR Manager,4,No,3,7.7,2,Hybrid,2.8,9058,LinkedIn,31,2024-03-24,1.0,OK,2,0,1.5
49,82028,No,News & Content,59,2,Editor,2,No,4,14.4,3,On-site,2.1,9059,Indeed,21,2025-02-23,1.0,OK,9,1,2.7777777777777777
33,121900,No,Human Resources,60,4,HR Generalist,4,No,3,12.1,2,Hybrid,2.1,9060,University Recruiting,52,2020-09-07,1.0,OK,1,0,0.0
31,58129,Yes,Finance,61,2,Accountant,4,Yes,3,0.9,2,Hybrid,0.9,9061,University Recruiting,33,2018-11-19,1.0,OK,7,1,3.857142857142857
31,95048,No,News & Content,62,3,Editor,2,No,3,2.3,4,On-site,0.6,9062,LinkedIn,12,2019-02-14,1.0,OK,6,0,1.6666666666666667
48,52449,No,Sales,63,2,Sales Coordinator,2,No,3,1.5,3,Hybrid,1.4,9063,LinkedIn,35,2020-12-28,1.0,OK,6,0,2.6666666666666665
39,109791,No,News & Content,64,3,Photojournalist,2,No,3,2.3,3,On-site,2.3,9064,Indeed,28,2026-02-12,1.0,OK,5,1,1.6
21,102562,No,Human Resources,65,2,HR Manager,3,No,3,1.0,2,On-site,1.0,9065,Employee Referral,40,2026-03-30,1.0,OK,7,0,5.857142857142857
55,106221,No,Sales,66,2,Sales Manager,2,No,3,9.1,3,Remote,0.9,9066,Employee Referral,30,2019-05-03,1.0,OK,4,1,2.0
50,83769,No,News & Content,67,2,Reporter,4,No,3,14.8,3,Hybrid,0.2,9067,Employee Referral,38,2024-05-11,1.0,OK,4,1,4.75
46,37237,No,Human Resources,68,3,HR Generalist,3,No,3,7.7,2,On-site,1.2,9068,Employee Referral,33,2022-10-24,1.0,OK,5,0,1.4
39,44672,Yes,News & Content,69,2,News Director,3,No,3,19.0,3,On-site,3.0,9069,Career Site,23,2020-01-28,1.0,OK,4,3,1.0
25,56886,No,News & Content,70,4,Reporter,1,No,3,3.4,2,Hybrid,0.7,9070,Career Site,44,2022-10-08,1.0,OK,3,1,5.0
29,46530,No,Engineering,71,3,IT Support,2,No,3,5.9,3,Hybrid,4.0,9071,LinkedIn,52,2020-07-19,1.0,OK,6,4,1.6666666666666667
28,34000,Yes,Finance,72,2,Financial Analyst,3,No,3,0.4,3,Hybrid,0.4,9072,Indeed,52,2023-07-25,1.0,OK,3,0,4.0
21,68530,No,News & Content,73,4,Photojournalist,2,No,3,1.0,4,Hybrid,0.4,9073,Employee Referral,27,2019-12-28,1.0,OK,7,3,2.4285714285714284
24,34000,No,News & Content,74,4,Photojournalist,4,No,3,4.0,3,On-site,2.0,9074,Employee Referral,46,2024-07-21,1.0,OK,2,0,2.5
44,100283,No,Finance,75,4,Financial Analyst,1,No,3,3.3,4,Hybrid,3.1,9075,Employee Referral,56,2021-11-18,1.0,OK,3,0,1.6666666666666667
48,84029,Yes,Sales,76,3,Sales Manager,2,Yes,3,0.2,4,Remote,0.2,9076,Employee Referral,45,2019-05-28,1.0,OK,4,1,3.0
44,94166,No,Finance,77,3,Finance Manager,3,No,3,0.3,3,Hybrid,0.3,9077,Indeed,42,2023-09-02,1.0,OK,1,0,1.0
48,76911,No,News & Content,78,4,News Director,3,No,3,3.8,3,Hybrid,3.8,9078,Employee Referral,18,2021-06-03,1.0,OK,4,1,2.25
38,101833,No,Finance,79,4,Finance Manager,4,No,3,12.6,3,Hybrid,1.1,9079,Career Site,42,2022-03-25,1.0,OK,1,0,9.0
52,71751,No,News & Content,80,4,Photojournalist,2,No,4,5.9,3,On-site,0.7,9080,Employee Referral,31,2023-11-18,1.0,OK,7,0,3.4285714285714284
27,91113,No,Sales,81,1,Account Executive,4,No,3,7.0,3,Hybrid,6.4,9081,LinkedIn,29,2025-08-15,1.0,OK,4,0,1.0
54,60355,No,News & Content,82,4,Reporter,4,No,3,0.2,4,Hybrid,0.2,9082,Career Site,41,2019-11-23,1.0,OK,3,1,3.6666666666666665
52,56019,No,News & Content,83,4,Editor,2,Yes,3,5.4,2,Hybrid,1.7,9083,Recruiter Sourced,51,2020-01-02,1.0,OK,4,1,2.0
34,70067,No,Engineering,84,4,Broadcast Engineer,4,Yes,3,8.6,2,On-site,0.0,9084,Employee Referral,67,2021-10-09,1.0,OK,3,1,3.3333333333333335
44,42296,No,News & Content,85,3,Photojournalist,4,No,3,0.4,3,Hybrid,0.4,9085,Employee Referral,15,2021-04-05,1.0,OK,1,1,3.0
42,54140,No,Engineering,86,2,IT Support,2,No,3,9.1,2,On-site,0.2,9086,LinkedIn,49,2019-10-29,1.0,OK,8,3,3.25
36,76107,No,Engineering,87,2,Broadcast Engineer,4,No,2,1.8,4,On-site,1.6,9087,Career Site,42,2026-07-19,1.0,OK,3,0,3.6666666666666665
38,113863,No,News & Content,88,4,Reporter,1,No,3,4.5,3,Remote,0.9,9088,Employee Referral,49,2022-02-07,1.0,OK,6,2,3.1666666666666665
45,99353,No,Sales,89,1,Sales Manager,1,No,3,2.9,4,Hybrid,2.5,9089,Employee Referral,36,2021-05-18,1.0,OK,7,0,3.2857142857142856
51,115834,No,Sales,90,3,Account Executive,4,No,3,1.8,2,On-site,1.2,9090,Employee Referral,45,2021-01-29,1.0,OK,0,0,0.0
46,58148,No,Engineering,91,2,Broadcast Engineer,2,No,3,6.7,4,Remote,0.1,9091,Employee Referral,36,2026-06-29,1.0,OK,7,1,3.2857142857142856
53,52095,No,News & Content,92,3,Reporter,1,No,4,10.1,3,On-site,1.4,9092,Career Site,18,2021-02-26,1.0,OK,4,1,0.75
36,38774,No,Engineering,93,4,Broadcast Engineer,1,No,3,3.4,2,Hybrid,3.4,9093,Career Site,43,2021-07-14,1.0,OK,4,1,2.25
44,34859,Yes,News & Content,94,3,Producer,3,Yes,3,0.8,4,On-site,0.8,9094,Employee Referral,21,2024-09-02,1.0,OK,8,1,3.25
48,41378,Yes,Finance,95,1,Accountant,4,Yes,4,8.9,3,On-site,0.6,9095,LinkedIn,44,2022-01-02,1.0,OK,6,0,3.3333333333333335
37,100647,No,Human Resources,96,4,HR Manager,1,No,3,6.7,3,Hybrid,6.7,9096,Recruiter Sourced,50,2024-05-13,1.0,OK,2,0,3.5
51,97889,No,Engineering,97,1,Systems Engineer,4,No,3,0.1,3,Hybrid,0.1,9097,Career Site,22,2023-06-05,1.0,OK,1,1,1.0
32,130107,No,Sales,98,4,Sales Manager,3,Yes,3,7.6,1,Remote,0.6,9098,LinkedIn,35,2023-01-24,1.0,OK,4,0,1.5
54,66287,No,Sales,99,1,Sales Coordinator,3,Yes,3,9.2,2,Hybrid,2.3,9099,Employee Referral,45,2020-04-09,1.0,OK,13,1,1.6923076923076923
37,102549,No,News & Content,100,4,Photojournalist,4,No,4,0.3,3,On-site,0.3,9100,Indeed,30,2024-09-07,1.0,OK,1,0,0.0
54,59151,No,Engineering,101,4,Broadcast Engineer,4,No,4,3.0,3,On-site,2.0,9101,Recruiter Sourced,69,2025-12-20,1.0,OK,3,0,1.6666666666666667
51,118395,No,Human Resources,102,3,HR Generalist,3,No,3,6.7,3,On-site,0.2,9102,Indeed,35,2020-08-04,1.0,OK,1,0,6.0
31,79714,No,News & Content,103,3,Producer,2,Yes,3,4.8,4,On-site,2.0,9103,Employee Referral,21,2026-04-02,1.0,OK,4,0,0.75
30,34000,No,Engineering,104,3,Systems Engineer,4,No,3,0.8,2,On-site,0.8,9104,Employee Referral,46,2022-02-20,1.0,OK,2,0,3.0
43,34000,No,Sales,105,3,Account Executive,4,No,2,6.9,4,Remote,1.7,9105,Career Site,32,2021-09-26,1.0,OK,2,0,0.5
33,92513,Yes,Sales,106,3,Account Executive,2,Yes,4,0.6,1,On-site,0.6,9106,University Recruiting,43,2024-05-15,1.0,OK,6,1,2.0
38,83203,No,Finance,107,3,Accountant,3,Yes,3,1.3,3,Remote,0.3,9107,University Recruiting,28,2026-06-04,1.0,OK,4,1,4.0
43,102046,No,Sales,108,3,Sales Coordinator,2,No,3,5.0,4,Hybrid,2.5,9108,LinkedIn,44,2023-04-29,1.0,OK,5,1,0.6
49,105236,No,Engineering,109,3,Broadcast Engineer,3,Yes,4,1.1,3,On-site,1.1,9109,Recruiter Sourced,21,2022-09-13,1.0,OK,3,0,2.3333333333333335
41,55078,No,Engineering,110,4,Broadcast Engineer,3,No,4,0.4,4,On-site,0.4,9110,Indeed,27,2026-07-04,1.0,OK,1,0,0.0
39,43197,No,Engineering,111,3,Broadcast Engineer,2,No,3,0.1,3,On-site,0.1,9111,University Recruiting,42,2020-12-21,1.0,OK,6,1,2.0
31,107536,No,Sales,112,3,Sales Coordinator,3,No,3,0.8,4,On-site,0.8,9112,Employee Referral,56,2020-12-17,1.0,OK,3,0,1.6666666666666667
36,34000,No,Sales,113,4,Account Executive,3,No,3,2.3,3,Remote,2.3,9113,Indeed,47,2020-05-02,1.0,OK,1,0,4.0
53,71056,No,Sales,114,2,Account Executive,2,No,3,1.9,2,Hybrid,1.7,9114,Career Site,34,2025-05-28,1.0,OK,3,0,1.0
27,73768,No,Human Resources,115,2,HR Generalist,4,No,4,7.0,2,On-site,0.5,9115,Career Site,21,2018-09-25,1.0,OK,5,0,3.6
21,73368,Yes,Sales,116,2,Account Executive,2,No,4,1.0,3,On-site,1.0,9116,LinkedIn,51,2025-02-18,1.0,OK,6,1,0.8333333333333334
48,46437,No,Sales,117,4,Account Executive,4,Yes,3,8.6,4,On-site,1.2,9117,Recruiter Sourced,37,2024-01-29,1.0,OK,1,0,8.0
48,98988,Yes,News & Content,118,3,Photojournalist,2,No,3,4.6,3,Hybrid,4.6,9118,Recruiter Sourced,37,2020-10-07,1.0,OK,4,1,1.0
47,102913,No,News & Content,119,1,Photojournalist,1,No,2,21.3,4,On-site,0.7,9119,Indeed,52,2022-12-27,1.0,OK,2,1,1.5
30,85814,No,News & Content,120,3,News Director,1,No,3,2.6,2,Hybrid,2.5,9120,Career Site,34,2023-01-04,1.0,OK,6,0,2.8333333333333335
54,83732,No,Sales,121,3,Sales Manager,1,Yes,3,2.8,4,Hybrid,2.6,9121,Career Site,37,2025-12-19,1.0,OK,6,0,2.3333333333333335
28,71439,No,Human Resources,122,1,HR Generalist,3,Yes,3,1.6,4,On-site,1.6,9122,LinkedIn,36,2019-10-19,1.0,OK,4,0,3.0
30,78309,No,News & Content,123,4,News Director,1,No,3,6.3,4,On-site,0.1,9123,LinkedIn,36,2018-11-11,1.0,OK,4,0,1.75
35,56579,No,Finance,124,4,Financial Analyst,4,No,3,3.2,2,On-site,1.9,9124,Employee Referral,22,2021-05-28,1.0,OK,1,0,0.0
38,69231,No,News & Content,125,4,Producer,4,No,2,2.2,4,On-site,0.8,9125,LinkedIn,10,2019-09-01,1.0,OK,3,0,2.3333333333333335
29,75450,Yes,News & Content,126,2,News Director,3,Yes,4,3.8,3,On-site,3.8,9126,Indeed,38,2021-06-30,1.0,OK,5,0,2.4
34,44215,Yes,Finance,127,2,Accountant,1,No,3,0.3,4,On-site,0.3,9127,Employee Referral,22,2023-03-21,1.0,OK,5,0,1.2
40,73373,No,Sales,128,3,Sales Manager,3,Yes,3,0.1,3,Hybrid,0.1,9128,Indeed,29,2020-06-03,1.0,OK,2,0,3.5
25,64710,No,News & Content,129,2,Producer,4,No,3,0.3,2,On-site,0.3,9129,Career Site,41,2025-01-17,1.0,OK,1,1,4.0
30,34000,No,Sales,130,3,Sales Manager,3,No,2,2.5,4,On-site,2.5,9130,Employee Referral,17,2019-04-18,1.0,OK,2,0,0.0
32,82970,Yes,News & Content,131,1,Photojournalist,2,No,4,3.4,2,Hybrid,3.4,9131,Employee Referral,65,2021-10-04,1.0,OK,6,1,4.0
28,61091,No,News & Content,132,4,News Director,3,No,4,1.4,3,On-site,1.1,9132,Indeed,57,2025-11-26,1.0,OK,2,1,1.0
36,61366,No,Sales,133,4,Account Executive,2,No,3,12.0,4,On-site,1.1,9133,Career Site,34,2024-06-07,1.0,OK,4,0,2.75
47,128374,Yes,Engineering,134,1,Broadcast Engineer,1,Yes,2,6.0,3,Remote,0.2,9134,LinkedIn,39,2024-05-07,1.0,OK,2,1,2.0
40,71489,No,Human Resources,135,4,HR Manager,4,No,4,15.9,3,On-site,1.8,9135,Recruiter Sourced,28,2024-11-25,1.0,OK,1,0,4.0
36,88999,No,News & Content,136,2,Producer,3,No,3,1.6,2,Hybrid,1.6,9136,Employee Referral,12,2019-12-11,1.0,OK,2,0,1.5
30,61625,No,Sales,137,3,Sales Manager,1,No,3,2.9,4,On-site,2.1,9137,Employee Referral,23,2025-03-01,1.0,OK,2,1,0.0
28,40794,No,Sales,138,4,Sales Coordinator,2,No,4,3.6,3,Hybrid,0.0,9138,Employee Referral,55,2024-01-28,1.0,OK,5,1,4.2
41,34000,No,News & Content,139,4,Producer,2,No,2,4.5,4,On-site,0.4,9139,Employee Referral,38,2023-03-03,1.0,OK,7,1,3.7142857142857144
47,83191,No,News & Content,140,2,Photojournalist,4,No,3,0.8,3,Hybrid,0.8,9140,Career Site,13,2025-10-27,1.0,OK,2,1,7.0
48,77740,No,News & Content,141,3,Editor,2,No,3,2.6,4,On-site,2.6,9141,Career Site,38,2023-04-28,1.0,OK,5,1,2.6
46,38515,Yes,News & Content,142,4,Photojournalist,3,Yes,2,5.9,3,Hybrid,3.1,9142,Indeed,55,2020-12-17,1.0,OK,4,1,1.75
45,103420,No,Sales,143,3,Sales Manager,4,Yes,3,6.4,3,Hybrid,1.1,9143,LinkedIn,24,2024-05-28,1.0,OK,4,2,2.0
34,60968,No,News & Content,144,3,Photojournalist,3,No,3,0.1,4,On-site,0.1,9144,Career Site,17,2023-03-03,1.0,OK,5,2,2.0
54,98780,No,Human Resources,145,4,HR Manager,2,Yes,3,7.4,3,Hybrid,0.1,9145,Employee Referral,30,2019-03-10,1.0,OK,5,0,2.2
44,51928,Yes,News & Content,146,2,Photojournalist,1,No,4,0.7,3,Hybrid,0.7,9146,Employee Referral,58,2019-01-03,1.0,OK,4,1,2.25
24,71557,No,News & Content,147,4,News Director,4,No,3,4.0,4,Remote,0.5,9147,Indeed,17,2024-09-22,1.0,OK,2,0,4.0
29,55664,No,News & Content,148,3,Photojournalist,3,No,3,5.4,3,On-site,2.7,9148,LinkedIn,32,2021-05-05,1.0,OK,1,1,0.0
54,59201,No,Finance,149,3,Finance Manager,2,No,4,6.5,2,On-site,2.4,9149,LinkedIn,54,2025-02-04,1.0,OK,4,0,4.75
35,42060,No,Sales,150,2,Sales Coordinator,4,No,3,1.5,2,Hybrid,0.1,9150,Employee Referral,51,2021-11-22,1.0,OK,5,0,2.0
21,43254,Yes,News & Content,151,3,Reporter,1,No,2,1.0,4,On-site,1.0,9151,LinkedIn,34,2025-07-02,1.0,OK,3,2,4.0
28,48543,Yes,Finance,152,2,Accountant,2,No,2,0.7,4,Hybrid,0.4,9152,Recruiter Sourced,64,2025-07-08,1.0,OK,3,0,2.0
40,104161,No,News & Content,153,4,Producer,1,Yes,3,3.3,4,On-site,2.7,9153,Career Site,31,2020-05-16,1.0,OK,5,2,2.2
21,66376,No,Sales,154,3,Sales Manager,4,No,3,1.0,4,On-site,1.0,9154,Indeed,34,2023-10-13,1.0,OK,1,0,0.0
31,88869,Yes,Finance,155,2,Finance Manager,2,No,4,1.3,4,Remote,0.5,9155,University Recruiting,9,2023-05-18,1.0,OK,8,1,0.875
43,123200,Yes,News & Content,156,3,Reporter,1,No,3,6.3,2,Hybrid,3.5,9156,Career Site,50,2018-08-26,1.0,OK,2,0,1.0
39,34000,Yes,News & Content,157,3,Editor,4,No,4,1.5,3,Hybrid,1.1,9157,LinkedIn,42,2024-10-11,1.0,OK,4,2,1.5
29,94089,No,Engineering,158,3,IT Support,2,Yes,3,4.3,3,Hybrid,1.0,9158,LinkedIn,34,2021-08-14,1.0,OK,1,0,0.0
39,78754,No,News & Content,159,3,Editor,4,No,3,3.2,4,Remote,2.2,9159,University Recruiting,27,2020-12-30,1.0,OK,1,0,3.0
35,57328,No,Sales,160,2,Account Executive,4,No,3,0.4,2,Remote,0.3,9160,LinkedIn,36,2018-11-21,1.0,OK,3,1,1.0
37,34000,Yes,Finance,161,2,Financial Analyst,2,No,3,7.9,3,On-site,0.2,9161,Recruiter Sourced,25,2022-11-17,1.0,OK,5,0,3.2
21,116309,No,Human Resources,162,4,HR Generalist,4,Yes,3,1.0,2,On-site,1.0,9162,Career Site,29,2019-10-04,1.0,OK,2,0,1.0
40,64750,No,Sales,163,2,Sales Coordinator,4,No,3,1.2,3,On-site,1.2,9163,Indeed,38,2022-07-31,1.0,OK,2,0,4.0
39,96059,No,Engineering,164,2,IT Support,1,No,3,7.4,3,On-site,0.6,9164,Recruiter Sourced,41,2020-04-29,1.0,OK,10,0,1.5
32,69465,No,News & Content,165,2,Editor,4,No,3,6.1,4,Hybrid,5.3,9165,LinkedIn,41,2018-12-18,1.0,OK,3,1,0.0
48,81506,No,Engineering,166,1,IT Support,3,Yes,3,9.3,2,Hybrid,1.4,9166,Recruiter Sourced,24,2024-05-30,1.0,OK,10,2,2.1
44,114776,No,News & Content,167,4,Editor,4,No,3,0.3,3,Hybrid,0.3,9167,University Recruiting,10,2021-09-14,1.0,OK,5,1,1.8
45,73961,Yes,News & Content,168,4,Editor,1,Yes,4,24.3,3,Hybrid,0.2,9168,Career Site,18,2022-02-15,1.0,OK,8,4,3.5
26,68921,No,Engineering,169,2,Broadcast Engineer,2,No,3,1.9,4,Hybrid,1.9,9169,LinkedIn,54,2023-04-27,1.0,OK,6,1,4.666666666666667
32,75449,No,Engineering,170,3,IT Support,4,Yes,3,4.8,3,Hybrid,0.6,9170,Career Site,28,2022-08-06,1.0,OK,0,0,0.0
35,34000,Yes,Sales,171,2,Sales Coordinator,3,No,2,1.0,2,On-site,0.0,9171,Employee Referral,34,2020-05-02,1.0,OK,5,1,3.8
32,67516,No,News & Content,172,3,Reporter,1,No,4,1.6,2,Hybrid,1.6,9172,Recruiter Sourced,46,2020-11-16,1.0,OK,2,0,2.0
45,69557,No,Human Resources,173,4,HR Generalist,3,No,3,0.8,4,On-site,0.7,9173,LinkedIn,30,2021-09-18,1.0,OK,5,1,2.6
42,76056,No,Sales,174,1,Sales Manager,4,No,3,1.3,3,On-site,1.0,9174,Employee Referral,45,2019-08-14,1.0,OK,3,0,1.0
21,46906,No,Human Resources,175,3,HR Generalist,3,No,3,1.0,3,On-site,1.0,9175,Recruiter Sourced,30,2019-03-22,1.0,OK,3,0,5.666666666666667
27,39975,Yes,Human Resources,176,3,HR Generalist,1,No,2,0.3,2,On-site,0.3,9176,University Recruiting,26,2023-02-17,1.0,OK,7,0,3.2857142857142856
46,108045,No,News & Content,177,3,Producer,4,No,3,8.4,3,On-site,0.8,9177,University Recruiting,58,2018-12-15,1.0,OK,5,1,5.6
42,69808,No,Engineering,178,3,IT Support,3,No,3,6.4,2,Remote,0.1,9178,LinkedIn,47,2021-10-02,1.0,OK,1,0,0.0
51,111079,No,News & Content,179,3,Reporter,1,No,3,1.9,2,On-site,1.9,9179,LinkedIn,49,2019-03-29,1.0,OK,6,2,2.3333333333333335
40,40787,Yes,News & Content,180,2,Photojournalist,1,No,3,16.1,4,On-site,1.1,9180,Career Site,18,2022-07-29,1.0,OK,2,0,4.0
37,78411,No,News & Content,181,4,Reporter,3,No,3,9.9,4,On-site,7.1,9181,Recruiter Sourced,24,2024-10-01,1.0,OK,4,1,0.75
21,57545,No,Sales,182,3,Account Executive,4,No,3,1.0,4,Hybrid,0.4,9182,Indeed,33,2019-08-08,1.0,OK,3,0,0.0
21,92941,Yes,Sales,183,3,Sales Coordinator,1,No,4,1.0,3,Remote,1.0,9183,LinkedIn,29,2019-08-22,1.0,OK,5,0,2.8
57,74373,No,News & Content,184,4,Photojournalist,4,No,3,5.9,2,Hybrid,2.0,9184,Employee Referral,44,2023-01-13,1.0,OK,0,0,0.0
34,79843,No,Sales,185,4,Sales Manager,2,Yes,4,7.1,4,Hybrid,1.4,9185,Employee Referral,41,2022-06-18,1.0,OK,5,1,3.4
48,55321,No,News & Content,186,3,Editor,3,No,3,1.0,3,Hybrid,1.0,9186,Employee Referral,51,2023-10-11,1.0,OK,2,1,0.0
49,66275,No,Engineering,187,4,IT Support,1,No,4,10.1,3,On-site,2.2,9187,Employee Referral,28,2020-02-17,1.0,OK,8,2,2.375
35,111926,No,Human Resources,188,2,HR Manager,4,No,4,3.4,4,On-site,3.4,9188,Recruiter Sourced,36,2023-06-27,1.0,OK,7,2,4.714285714285714
50,34000,Yes,Finance,189,4,Finance Manager,1,No,3,0.3,4,On-site,0.3,9189,Career Site,49,2024-06-11,1.0,OK,3,1,2.3333333333333335
31,66650,No,News & Content,190,4,News Director,1,Yes,3,2.4,4,On-site,2.4,9190,University Recruiting,27,2020-07-12,1.0,OK,13,4,3.230769230769231
33,89592,No,Sales,191,4,Sales Coordinator,2,Yes,3,2.9,3,On-site,2.9,9191,University Recruiting,25,2019-02-18,1.0,OK,5,2,1.4
31,89791,No,Sales,192,3,Sales Coordinator,4,No,4,2.9,3,Hybrid,0.3,9192,Employee Referral,51,2024-10-09,1.0,OK,5,0,2.8
40,108099,No,News & Content,193,3,Reporter,3,No,3,4.6,2,On-site,0.8,9193,Career Site,7,2021-02-23,1.0,OK,4,0,1.25
42,57325,Yes,News & Content,194,2,Reporter,4,No,3,0.6,1,Hybrid,0.1,9194,Recruiter Sourced,54,2025-12-14,1.0,OK,4,0,5.0
21,59986,No,Sales,195,4,Sales Manager,1,Yes,4,1.0,4,Hybrid,1.0,9195,Employee Referral,30,2019-04-11,1.0,OK,9,2,2.5555555555555554
26,70164,Yes,Finance,196,3,Finance Manager,3,Yes,3,0.4,3,Hybrid,0.4,9196,LinkedIn,33,2023-12-07,1.0,OK,5,1,0.6
38,77524,No,Finance,197,4,Finance Manager,1,Yes,4,1.6,3,Hybrid,1.0,9197,Employee Referral,50,2021-12-12,1.0,OK,3,0,4.0
21,78157,No,Sales,198,4,Sales Manager,3,No,3,1.0,3,Hybrid,1.0,9198,Indeed,44,2021-05-06,1.0,OK,3,1,4.333333333333333
30,60297,No,Human Resources,199,2,HR Generalist,4,No,3,4.7,3,Remote,2.7,9199,University Recruiting,15,2021-02-15,1.0,OK,3,2,3.0
23,46077,No,Sales,200,2,Sales Manager,4,No,4,3.0,4,On-site,2.7,9200,Recruiter Sourced,23,2023-04-24,1.0,OK,0,0,0.0
62,93968,No,Human Resources,201,4,HR Manager,3,No,3,0.1,3,Hybrid,0.1,9201,Employee Referral,34,2018-10-02,1.0,OK,1,0,0.0
38,34000,No,Sales,202,3,Account Executive,2,No,3,0.4,3,Hybrid,0.4,9202,University Recruiting,46,2020-12-30,1.0,OK,6,2,1.8333333333333333
43,127755,No,News & Content,203,3,Editor,4,No,3,9.5,4,On-site,0.8,9203,Employee Referral,40,2026-06-17,1.0,OK,3,1,2.6666666666666665
43,67076,No,Finance,204,4,Accountant,1,No,3,3.0,4,Remote,3.0,9204,Indeed,34,2023-06-28,1.0,OK,4,0,1.75
44,47745,No,Sales,205,4,Account Executive,4,No,3,4.4,2,Remote,4.4,9205,Indeed,28,2026-06-25,1.0,OK,2,0,0.5
27,64636,No,Engineering,206,4,IT Support,4,Yes,3,7.0,1,On-site,0.0,9206,Indeed,58,2022-02-05,1.0,OK,5,0,3.8
48,50000,No,Sales,207,4,Sales Manager,4,No,3,2.0,3,On-site,2.0,9207,Indeed,32,2019-09-23,1.0,OK,1,0,8.0
22,84540,No,Engineering,208,4,Broadcast Engineer,2,No,3,0.2,2,Remote,0.2,9208,Indeed,46,2018-12-02,1.0,OK,7,2,2.4285714285714284
46,69744,Yes,News & Content,209,1,Editor,2,No,3,0.9,1,Hybrid,0.9,9209,LinkedIn,31,2025-02-07,1.0,OK,7,0,1.7142857142857142
36,51585,No,Finance,210,3,Financial Analyst,2,No,4,8.7,4,Hybrid,3.2,9210,LinkedIn,16,2020-02-27,1.0,OK,6,1,2.1666666666666665
46,34000,Yes,Engineering,211,4,Broadcast Engineer,1,No,3,7.4,2,On-site,3.6,9211,Indeed,9,2021-07-20,1.0,OK,2,0,0.0
35,169884,No,Sales,212,3,Account Executive,3,Yes,3,0.8,1,On-site,0.1,9212,Recruiter Sourced,38,2024-08-15,1.0,OK,6,2,4.333333333333333
42,34000,Yes,News & Content,213,2,Photojournalist,3,No,3,2.0,2,On-site,0.2,9213,Career Site,43,2025-05-19,1.0,OK,4,1,3.0
36,85770,Yes,News & Content,214,2,Photojournalist,3,Yes,4,2.5,4,Hybrid,1.2,9214,LinkedIn,53,2019-06-17,1.0,OK,3,0,1.3333333333333333
23,77982,Yes,News & Content,215,3,News Director,2,No,3,1.3,1,Remote,1.0,9215,University Recruiting,33,2018-12-30,1.0,OK,6,1,1.0
37,101037,No,Engineering,216,2,IT Support,3,No,3,1.8,4,On-site,0.7,9216,Recruiter Sourced,30,2026-02-24,1.0,OK,4,1,0.5
62,96017,No,Sales,217,4,Sales Manager,3,Yes,3,0.3,2,Remote,0.0,9217,University Recruiting,37,2025-12-21,1.0,OK,1,0,5.0
28,34000,Yes,News & Content,218,4,Producer,2,Yes,4,8.0,4,Hybrid,1.0,9218,LinkedIn,19,2025-07-05,1.0,OK,10,0,3.7
52,34000,Yes,Finance,219,3,Accountant,1,Yes,3,4.9,3,Remote,3.3,9219,University Recruiting,37,2025-02-13,1.0,OK,3,0,1.6666666666666667
45,91965,No,Human Resources,220,4,HR Generalist,2,Yes,2,3.7,3,Hybrid,0.4,9220,LinkedIn,37,2018-09-02,1.0,OK,4,0,3.0
44,83804,No,Sales,221,2,Sales Manager,4,No,4,1.4,3,Hybrid,1.4,9221,LinkedIn,32,2024-02-10,1.0,OK,2,0,1.5
54,108159,No,Finance,222,4,Financial Analyst,3,No,3,1.7,1,Hybrid,0.3,9222,Recruiter Sourced,33,2019-06-14,1.0,OK,6,2,1.5
45,43959,No,Engineering,223,4,IT Support,3,No,4,7.6,1,On-site,2.8,9223,Recruiter Sourced,53,2022-02-28,1.0,OK,4,0,4.75
51,88241,No,News & Content,224,2,Editor,3,No,3,9.5,4,Remote,0.2,9224,University Recruiting,38,2018-09-28,1.0,OK,4,1,3.5
34,76014,No,Engineering,225,2,IT Support,2,No,3,3.6,3,On-site,0.9,9225,Recruiter Sourced,29,2020-03-25,1.0,OK,10,4,2.2
21,57913,No,News & Content,226,4,Photojournalist,4,Yes,3,0.3,4,Hybrid,0.3,9226,Employee Referral,13,2022-11-12,1.0,OK,3,1,1.6666666666666667
37,64516,No,Finance,227,3,Accountant,1,No,3,17.0,4,On-site,0.5,9227,University Recruiting,16,2020-03-10,1.0,OK,5,2,6.4
38,46187,No,News & Content,228,4,Reporter,3,Yes,4,3.0,3,On-site,0.2,9228,Career Site,40,2022-09-29,1.0,OK,5,0,1.8
52,106937,No,Sales,229,4,Sales Coordinator,1,No,3,1.4,2,On-site,1.4,9229,Indeed,23,2020-08-17,0.5454545454545454,REVIEW,3,1,2.6666666666666665
22,132349,No,Engineering,230,4,Broadcast Engineer,2,No,3,0.6,1,On-site,0.6,9230,Career Site,30,2022-06-04,1.0,OK,7,2,5.571428571428571
22,86399,No,News & Content,231,3,Photojournalist,4,Yes,4,2.0,4,On-site,2.0,9231,Indeed,35,2024-05-25,1.0,OK,4,0,5.75
36,81809,No,Sales,232,3,Sales Coordinator,4,No,3,0.4,3,Hybrid,0.4,9232,Recruiter Sourced,54,2019-09-10,1.0,OK,1,0,1.0
41,87902,Yes,Human Resources,233,2,HR Generalist,2,Yes,3,0.1,2,Hybrid,0.1,9233,Indeed,47,2024-02-24,1.0,OK,3,0,1.6666666666666667
47,85991,No,Sales,234,3,Sales Coordinator,4,No,3,8.2,2,Hybrid,3.0,9234,LinkedIn,36,2018-09-15,1.0,OK,2,0,6.0
24,62491,No,Sales,235,4,Sales Manager,2,No,3,4.0,4,On-site,0.1,9235,Employee Referral,53,2023-03-23,1.0,OK,4,0,1.25
46,56612,No,Engineering,236,1,Systems Engineer,3,No,3,4.7,2,Remote,0.1,9236,Employee Referral,45,2023-11-13,1.0,OK,2,0,3.5
45,67558,No,Sales,237,4,Sales Coordinator,3,No,4,0.5,4,On-site,0.5,9237,Employee Referral,11,2018-11-28,1.0,OK,4,0,1.75
45,101371,No,News & Content,238,2,Producer,4,No,3,2.0,4,Hybrid,0.9,9238,LinkedIn,52,2019-12-03,1.0,OK,13,1,1.6153846153846154
44,63971,No,Finance,239,3,Financial Analyst,4,No,3,0.4,3,Hybrid,0.4,9239,Recruiter Sourced,36,2020-10-30,1.0,OK,1,0,2.0
37,50523,No,News & Content,240,3,Photojournalist,3,No,3,2.4,4,On-site,1.7,9240,Career Site,7,2024-11-15,1.0,OK,4,1,1.75
53,55748,No,News & Content,241,3,Producer,1,Yes,3,9.6,3,On-site,0.5,9241,LinkedIn,46,2023-07-03,1.0,OK,7,1,2.7142857142857144
29,70907,No,News & Content,242,4,News Director,4,No,3,3.8,3,On-site,3.1,9242,University Recruiting,38,2018-12-26,1.0,OK,2,0,1.5
43,134137,Yes,News & Content,243,1,Producer,3,Yes,3,0.6,3,On-site,0.6,9243,Employee Referral,33,2023-10-19,1.0,OK,5,1,1.8
39,100775,No,News & Content,244,3,Photojournalist,4,Yes,4,6.7,4,Hybrid,2.8,9244,Employee Referral,44,2018-08-17,1.0,OK,2,0,0.5
48,69217,Yes,News & Content,245,2,Producer,1,No,3,1.0,3,Hybrid,1.0,9245,LinkedIn,33,2021-09-01,1.0,OK,9,2,3.2222222222222223
36,64280,No,News & Content,246,4,Reporter,3,No,3,10.4,1,Hybrid,0.2,9246,LinkedIn,39,2020-09-23,1.0,OK,0,0,0.0
21,89351,Yes,News & Content,247,3,Photojournalist,3,No,3,1.0,1,Hybrid,1.0,9247,Indeed,32,2025-05-17,1.0,OK,4,2,1.5
26,74910,No,News & Content,248,3,News Director,3,No,3,4.5,3,On-site,2.5,9248,Employee Referral,33,2023-11-03,1.0,OK,3,1,1.3333333333333333
53,41168,Yes,Sales,249,2,Account Executive,3,No,3,1.9,2,Hybrid,1.2,9249,Employee Referral,19,2025-06-22,1.0,OK,3,0,1.0
40,48266,Yes,News & Content,250,2,Photojournalist,2,No,3,5.7,2,On-site,5.2,9250,LinkedIn,40,2018-09-17,1.0,OK,8,2,3.75
36,41711,No,Sales,251,3,Sales Manager,4,No,3,2.7,3,On-site,2.2,9251,Recruiter Sourced,60,2025-07-01,1.0,OK,2,0,1.5
39,89192,No,News & Content,252,4,Photojournalist,3,No,3,4.8,4,On-site,3.0,9252,Employee Referral,29,2023-10-03,1.0,OK,2,1,4.0
34,85763,No,News & Content,253,3,Photojournalist,1,No,3,3.7,3,Remote,3.7,9253,Employee Referral,23,2020-05-29,1.0,OK,5,1,0.8
44,104519,No,News & Content,254,4,Editor,4,Yes,3,24.0,4,On-site,0.1,9254,Employee Referral,26,2021-08-09,1.0,OK,2,0,2.0
35,102782,Yes,Sales,255,2,Sales Coordinator,1,Yes,3,0.1,1,On-site,0.1,9255,Employee Referral,15,2026-05-16,1.0,OK,8,1,1.375
26,78980,No,Sales,256,4,Sales Coordinator,3,No,3,4.4,4,On-site,2.7,9256,LinkedIn,31,2019-05-11,1.0,OK,2,1,4.0
35,87693,No,News & Content,257,4,Editor,2,No,3,3.4,4,Hybrid,3.4,9257,Indeed,32,2021-01-30,1.0,OK,4,0,2.75
31,77657,Yes,News & Content,258,3,Reporter,1,Yes,3,0.5,4,Hybrid,0.5,9258,Recruiter Sourced,34,2025-06-29,1.0,OK,6,1,3.5
38,57039,Yes,News & Content,259,1,News Director,4,Yes,3,2.7,3,Hybrid,0.4,9259,Indeed,45,2022-10-24,1.0,OK,3,0,5.0
40,78757,No,News & Content,260,4,Reporter,2,No,2,2.3,3,On-site,1.0,9260,Career Site,25,2020-01-19,1.0,OK,9,2,2.111111111111111
47,79315,No,News & Content,261,2,Producer,3,No,3,9.7,4,On-site,0.5,9261,Employee Referral,26,2022-07-25,1.0,OK,6,1,1.8333333333333333
38,57539,No,News & Content,262,4,Photojournalist,4,No,3,0.3,4,On-site,0.2,9262,LinkedIn,18,2022-03-23,1.0,OK,1,0,2.0
31,70930,No,Sales,263,3,Sales Manager,1,No,3,11.0,3,On-site,0.4,9263,Indeed,25,2025-12-20,1.0,OK,6,0,0.6666666666666666
33,61317,Yes,News & Content,264,3,Photojournalist,3,Yes,3,1.2,1,On-site,1.2,9264,Career Site,7,2018-09-24,1.0,OK,5,1,1.8
33,64203,No,Engineering,265,3,IT Support,4,No,3,8.0,2,On-site,3.3,9265,Employee Referral,45,2020-07-15,1.0,OK,0,0,0.0
48,68730,No,Finance,266,4,Accountant,3,No,4,7.8,3,On-site,3.3,9266,Recruiter Sourced,21,2022-10-17,1.0,OK,2,0,3.0
26,58017,No,News & Content,267,3,Photojournalist,4,No,4,3.0,3,On-site,1.0,9267,Indeed,21,2021-03-24,1.0,OK,6,1,0.6666666666666666
21,120415,No,Engineering,268,4,Systems Engineer,3,No,3,1.0,3,On-site,1.0,9268,LinkedIn,35,2021-09-15,1.0,OK,0,0,0.0
28,51978,No,Sales,269,2,Account Executive,4,No,3,0.9,4,On-site,0.9,9269,Indeed,23,2019-10-25,1.0,OK,4,2,2.75
49,34000,No,Sales,270,1,Account Executive,4,No,3,5.9,2,Hybrid,1.6,9270,LinkedIn,22,2021-05-02,1.0,OK,4,1,1.25
43,106411,No,News & Content,271,3,Reporter,2,Yes,4,6.2,3,On-site,1.5,9271,Employee Referral,20,2021-05-17,1.0,OK,2,0,2.0
31,96206,No,Sales,272,3,Sales Coordinator,4,No,3,4.0,3,Hybrid,1.0,9272,LinkedIn,25,2023-07-24,1.0,OK,2,0,2.0
39,60590,Yes,News & Content,273,3,Photojournalist,4,Yes,3,1.2,4,Hybrid,1.2,9273,Employee Referral,36,2020-06-13,1.0,OK,2,0,7.5
45,75673,No,Sales,274,4,Sales Coordinator,2,No,2,2.8,3,Hybrid,0.5,9274,Career Site,45,2026-05-21,1.0,OK,7,2,1.4285714285714286
45,40688,Yes,News & Content,275,3,Producer,4,Yes,3,3.8,1,Hybrid,3.8,9275,Career Site,22,2022-07-27,1.0,OK,4,0,3.0
25,75358,No,Sales,276,3,Sales Coordinator,3,No,3,1.6,2,Hybrid,1.6,9276,Indeed,33,2025-01-20,1.0,OK,10,4,2.2
46,113234,Yes,News & Content,277,2,Producer,2,No,3,20.8,1,Hybrid,0.7,9277,Indeed,28,2023-07-26,1.0,OK,11,1,3.909090909090909
36,43522,Yes,Sales,278,3,Account Executive,2,Yes,2,1.2,4,Remote,0.0,9278,Employee Referral,54,2025-08-03,1.0,OK,4,0,3.5
32,47593,No,News & Content,279,4,Reporter,4,No,3,0.5,3,Hybrid,0.5,9279,LinkedIn,52,2025-09-06,1.0,OK,4,1,5.25
30,76131,No,News & Content,280,4,Producer,3,Yes,3,2.6,4,Hybrid,1.5,9280,Indeed,16,2025-01-29,1.0,OK,2,0,1.0
24,127643,No,Finance,281,3,Accountant,1,No,3,0.8,4,Remote,0.8,9281,LinkedIn,34,2018-10-18,1.0,OK,5,1,3.0
50,90611,Yes,News & Content,282,2,Editor,1,Yes,3,2.4,4,On-site,0.2,9282,Employee Referral,35,2022-12-31,1.0,OK,7,2,1.0
39,52975,No,News & Content,283,3,Photojournalist,1,Yes,3,6.0,3,On-site,0.4,9283,Employee Referral,28,2020-10-19,1.0,OK,14,3,3.5
42,34000,Yes,News & Content,284,3,News Director,4,No,3,0.1,2,On-site,0.1,9284,Employee Referral,25,2019-10-10,1.0,OK,5,0,1.8
32,101074,No,Engineering,285,3,Systems Engineer,1,No,3,1.1,3,Hybrid,0.6,9285,Employee Referral,23,2025-09-26,1.0,OK,4,2,1.25
49,68023,No,News & Content,286,4,Photojournalist,3,Yes,3,1.0,2,On-site,1.0,9286,Recruiter Sourced,26,2023-10-25,1.0,OK,2,0,2.0
36,52216,No,Finance,287,4,Accountant,3,Yes,3,0.6,3,On-site,0.6,9287,Employee Referral,7,2019-04-06,1.0,OK,3,0,0.3333333333333333
42,70206,No,News & Content,288,3,Producer,4,No,3,10.3,3,Hybrid,0.5,9288,University Recruiting,42,2021-08-13,1.0,OK,3,0,3.3333333333333335
33,56931,No,Sales,289,1,Sales Manager,4,No,3,3.3,2,Hybrid,0.7,9289,Employee Referral,39,2026-03-30,1.0,OK,2,1,4.0
31,113004,No,News & Content,290,3,Photojournalist,3,No,3,4.5,3,Hybrid,3.8,9290,Recruiter Sourced,32,2023-06-17,1.0,OK,3,0,4.666666666666667
34,64558,No,News & Content,291,3,Reporter,3,No,4,6.6,2,On-site,0.7,9291,Recruiter Sourced,24,2023-07-25,1.0,OK,1,0,1.0
47,69355,No,Engineering,292,3,IT Support,4,No,3,17.2,3,Hybrid,6.5,9292,Career Site,27,2020-05-18,1.0,OK,0,0,0.0
36,34000,Yes,Sales,293,2,Sales Coordinator,2,No,3,2.5,1,Remote,1.2,9293,University Recruiting,60,2020-06-25,1.0,OK,4,1,1.75
41,98399,Yes,News & Content,294,4,Producer,2,Yes,2,7.2,1,On-site,0.9,9294,LinkedIn,55,2019-10-13,1.0,OK,5,2,1.4
42,61975,No,Engineering,295,1,Systems Engineer,3,No,2,11.7,1,Hybrid,1.1,9295,Career Site,26,2026-04-28,1.0,OK,8,2,6.25
37,140016,Yes,News & Content,296,2,Photojournalist,4,Yes,3,3.8,3,On-site,0.2,9296,LinkedIn,20,2025-11-02,1.0,OK,6,0,3.0
44,56635,No,Sales,297,3,Account Executive,1,No,3,12.0,3,Hybrid,0.2,9297,Indeed,28,2021-03-12,1.0,OK,4,1,1.25
31,86048,Yes,News & Content,298,2,Editor,2,No,3,3.0,2,On-site,1.7,9298,Indeed,30,2022-11-24,1.0,OK,6,1,2.1666666666666665
53,47933,Yes,News & Content,299,2,Reporter,3,No,3,1.0,4,On-site,0.8,9299,LinkedIn,19,2020-03-19,1.0,OK,3,0,2.0
26,85099,Yes,Engineering,300,1,Broadcast Engineer,1,Yes,3,3.5,4,On-site,1.3,9300,LinkedIn,37,2019-09-01,1.0,OK,10,4,3.1
46,123229,No,Sales,301,3,Sales Coordinator,2,No,3,9.0,3,Hybrid,1.2,9301,Indeed,32,2022-11-21,1.0,OK,6,1,1.8333333333333333
42,87556,Yes,Finance,302,3,Finance Manager,2,Yes,3,1.5,3,Hybrid,1.5,9302,Employee Referral,28,2024-12-16,1.0,OK,5,1,2.8
33,97052,No,News & Content,303,3,News Director,3,No,3,5.1,3,Hybrid,1.2,9303,Employee Referral,26,2025-06-17,1.0,OK,3,0,2.0
27,36939,No,Sales,304,2,Account Executive,3,No,4,4.9,2,On-site,0.3,9304,Career Site,43,2021-01-11,1.0,OK,7,1,1.0
33,34000,Yes,News & Content,305,2,News Director,1,No,3,0.1,1,On-site,0.1,9305,Career Site,24,2024-03-14,1.0,OK,12,2,1.25
25,39309,No,Finance,306,3,Financial Analyst,1,No,3,5.0,3,Hybrid,0.3,9306,LinkedIn,65,2022-10-01,1.0,OK,4,0,3.0
28,101026,No,Sales,307,4,Sales Manager,4,No,4,3.4,4,On-site,2.5,9307,LinkedIn,36,2019-08-23,1.0,OK,1,0,7.0
26,90631,Yes,News & Content,308,2,News Director,2,No,3,1.8,1,On-site,1.8,9308,Employee Referral,35,2026-07-11,1.0,OK,7,1,1.4285714285714286
44,62835,Yes,News & Content,309,3,Editor,2,Yes,4,0.1,2,Hybrid,0.1,9309,Employee Referral,40,2026-05-14,1.0,OK,6,1,3.3333333333333335
47,34000,Yes,Engineering,310,1,IT Support,2,Yes,4,2.2,2,On-site,0.4,9310,Recruiter Sourced,54,2019-09-21,1.0,OK,0,0,0.0
21,60950,No,News & Content,311,3,Reporter,2,No,3,1.0,4,Hybrid,1.0,9311,Employee Referral,26,2026-01-09,1.0,OK,3,0,4.333333333333333
41,71996,No,News & Content,312,3,News Director,4,Yes,3,6.3,2,Hybrid,0.7,9312,Employee Referral,41,2025-11-23,1.0,OK,7,0,2.0
40,34000,No,Engineering,313,2,IT Support,2,No,4,3.3,2,Remote,2.3,9313,Employee Referral,41,2021-02-05,1.0,OK,8,0,1.5
37,71932,No,Sales,314,2,Sales Manager,4,No,3,7.7,2,Hybrid,5.0,9314,Indeed,47,2023-01-07,1.0,OK,3,0,3.3333333333333335
31,104548,No,Human Resources,315,4,HR Manager,3,No,3,11.0,4,Remote,3.9,9315,LinkedIn,30,2026-02-23,1.0,OK,5,1,3.4
39,78104,No,News & Content,316,3,Reporter,4,No,3,2.4,1,Hybrid,1.6,9316,Recruiter Sourced,46,2019-07-04,1.0,OK,8,1,1.375
26,34000,No,Finance,317,3,Accountant,4,No,3,0.6,3,On-site,0.6,9317,LinkedIn,25,2021-02-06,1.0,OK,1,0,1.0
39,44089,Yes,Sales,318,2,Sales Manager,4,No,3,1.4,2,Hybrid,0.1,9318,LinkedIn,7,2025-08-06,1.0,OK,1,0,0.0
47,79139,No,Sales,319,4,Sales Coordinator,2,Yes,4,3.9,3,On-site,1.8,9319,Career Site,13,2024-05-17,1.0,OK,5,0,6.8
33,85677,Yes,Sales,320,3,Sales Coordinator,2,Yes,3,2.1,3,Remote,0.8,9320,Recruiter Sourced,34,2024-09-06,1.0,OK,4,1,2.5
39,69232,No,News & Content,321,4,Reporter,4,No,3,0.6,2,Hybrid,0.1,9321,LinkedIn,45,2025-08-07,1.0,OK,4,1,4.0
39,86798,Yes,News & Content,322,4,Producer,2,Yes,3,0.7,1,Hybrid,0.7,9322,Indeed,35,2021-11-14,1.0,OK,10,0,2.3
35,64590,No,Sales,323,4,Sales Manager,4,Yes,3,2.8,4,On-site,1.3,9323,Employee Referral,36,2021-11-06,1.0,OK,6,0,2.5
38,85063,No,Sales,324,4,Sales Coordinator,3,No,3,4.5,3,Hybrid,0.5,9324,LinkedIn,41,2022-02-07,1.0,OK,2,0,2.0
52,87518,No,Sales,325,3,Account Executive,2,No,3,3.3,1,On-site,0.4,9325,Employee Referral,40,2026-01-11,1.0,OK,7,1,1.1428571428571428
36,62371,Yes,News & Content,326,3,Photojournalist,2,Yes,3,13.7,1,Remote,1.8,9326,Indeed,50,2025-09-17,1.0,OK,8,2,2.875
39,34571,No,Sales,327,4,Sales Manager,1,No,3,4.7,4,On-site,0.2,9327,Recruiter Sourced,27,2026-01-09,1.0,OK,5,1,0.6
27,102957,Yes,Sales,328,4,Account Executive,1,No,3,0.3,1,On-site,0.3,9328,LinkedIn,39,2020-10-01,1.0,OK,7,1,3.4285714285714284
34,70202,No,News & Content,329,1,Producer,2,No,3,1.8,4,On-site,1.8,9329,Employee Referral,53,2024-10-16,1.0,OK,7,0,1.8571428571428572
35,45828,No,Sales,330,4,Sales Coordinator,2,No,4,1.0,3,On-site,1.0,9330,Recruiter Sourced,39,2019-05-31,1.0,OK,4,2,2.5
32,34000,Yes,News & Content,331,2,Photojournalist,4,No,3,2.4,4,Hybrid,2.4,9331,LinkedIn,50,2020-01-14,1.0,OK,5,1,1.6
42,80571,No,Engineering,332,3,Broadcast Engineer,3,No,3,14.2,3,Hybrid,0.1,9332,Employee Referral,28,2024-08-28,1.0,OK,2,0,1.5
32,39131,No,Finance,333,3,Finance Manager,3,No,3,5.0,3,Hybrid,1.9,9333,Employee Referral,46,2023-06-16,1.0,OK,2,1,2.0
53,66862,No,Sales,334,3,Sales Coordinator,1,No,3,7.9,3,Hybrid,1.2,9334,Career Site,46,2020-09-10,1.0,OK,3,0,8.333333333333334
34,54866,No,Sales,335,3,Account Executive,3,Yes,3,2.4,2,Hybrid,1.5,9335,Career Site,12,2023-02-04,1.0,OK,4,0,0.25
34,47098,Yes,Finance,336,2,Finance Manager,1,No,3,3.8,3,Hybrid,1.5,9336,LinkedIn,37,2020-05-28,1.0,OK,4,1,2.0
35,108735,No,News & Content,337,3,Photojournalist,4,No,3,6.2,2,On-site,0.5,9337,Employee Referral,36,2020-06-01,1.0,OK,4,3,1.75
51,34000,Yes,News & Content,338,3,Producer,2,Yes,3,0.4,4,Hybrid,0.4,9338,LinkedIn,44,2024-01-22,1.0,OK,3,0,5.333333333333333
61,34000,No,Finance,339,4,Finance Manager,4,No,4,4.9,4,On-site,0.7,9339,LinkedIn,36,2021-06-07,1.0,OK,1,0,3.0
35,34000,No,Sales,340,1,Sales Coordinator,4,No,3,10.5,3,Hybrid,5.9,9340,Indeed,68,2024-01-24,1.0,OK,4,0,1.75
48,52384,No,Sales,341,4,Account Executive,4,Yes,3,6.5,3,Hybrid,2.5,9341,Employee Referral,57,2022-05-16,1.0,OK,1,0,3.0
23,100976,No,News & Content,342,1,Reporter,3,No,4,1.0,3,Hybrid,1.0,9342,University Recruiting,41,2022-07-30,1.0,OK,1,0,0.0
34,82361,No,News & Content,343,2,Editor,3,No,3,14.0,1,On-site,0.3,9343,Career Site,37,2023-05-25,1.0,OK,6,1,3.3333333333333335
40,52381,No,News & Content,344,1,Photojournalist,4,No,3,9.2,4,On-site,0.1,9344,Indeed,19,2024-04-03,1.0,OK,8,2,2.75
47,54774,No,Sales,345,4,Sales Manager,1,No,3,8.9,3,Remote,3.1,9345,LinkedIn,36,2021-07-20,1.0,OK,6,0,3.5
33,78452,No,Sales,346,3,Account Executive,3,No,3,4.1,2,On-site,4.1,9346,University Recruiting,35,2025-05-17,1.0,OK,0,0,0.0
39,106418,No,Sales,347,3,Sales Coordinator,4,No,4,0.9,3,Hybrid,0.9,9347,LinkedIn,67,2022-06-29,1.0,OK,1,0,4.0
48,80792,Yes,News & Content,348,2,Producer,2,No,3,1.6,1,Hybrid,1.6,9348,LinkedIn,40,2019-08-29,1.0,OK,8,2,0.5
47,51569,No,News & Content,349,1,Photojournalist,1,No,3,2.2,3,On-site,1.0,9349,Employee Referral,47,2020-02-08,1.0,OK,7,1,3.7142857142857144
47,53209,No,Engineering,350,3,IT Support,3,No,3,0.6,3,On-site,0.6,9350,Employee Referral,26,2018-10-26,1.0,OK,2,0,1.5
42,101953,No,Engineering,351,2,Broadcast Engineer,3,No,3,2.4,4,Remote,0.9,9351,LinkedIn,45,2024-09-03,1.0,OK,5,1,1.0
36,103674,No,News & Content,352,3,Producer,1,No,3,3.8,3,Hybrid,3.8,9352,Recruiter Sourced,7,2018-09-05,1.0,OK,5,0,4.0
36,92731,No,Engineering,353,3,IT Support,3,No,3,0.6,3,On-site,0.6,9353,LinkedIn,50,2020-09-19,1.0,OK,1,0,4.0
33,98899,No,Engineering,354,4,Broadcast Engineer,4,Yes,2,6.0,3,Hybrid,1.7,9354,LinkedIn,23,2021-11-11,1.0,OK,4,1,0.75
40,72493,Yes,News & Content,355,4,Reporter,1,Yes,3,8.8,3,Hybrid,1.1,9355,Employee Referral,19,2024-07-01,1.0,OK,6,1,1.1666666666666667
33,75236,No,Sales,356,3,Account Executive,2,Yes,3,13.0,1,Remote,1.0,9356,Employee Referral,32,2026-06-19,1.0,OK,6,0,2.3333333333333335
30,63264,No,Engineering,357,2,IT Support,1,No,3,10.0,2,On-site,0.4,9357,Indeed,44,2024-08-15,1.0,OK,5,1,2.0
41,119875,No,Sales,358,3,Sales Coordinator,1,Yes,4,6.4,3,Hybrid,0.3,9358,LinkedIn,31,2019-02-02,1.0,OK,8,1,3.125
36,77938,No,Sales,359,3,Sales Coordinator,2,No,3,1.5,3,On-site,0.4,9359,Indeed,20,2025-12-22,1.0,OK,9,0,2.5555555555555554
21,76575,No,Engineering,360,3,Broadcast Engineer,1,Yes,4,1.0,3,Remote,0.7,9360,University Recruiting,40,2026-06-12,1.0,OK,4,0,2.0
34,38847,No,News & Content,361,4,News Director,2,No,3,13.3,2,On-site,1.1,9361,Employee Referral,23,2025-06-30,1.0,OK,3,1,5.333333333333333
42,92141,No,Sales,362,4,Account Executive,4,No,4,3.4,4,Hybrid,2.4,9362,University Recruiting,31,2022-06-24,1.0,OK,1,0,2.0
33,105089,Yes,Engineering,363,2,Systems Engineer,2,No,3,0.6,2,On-site,0.6,9363,Indeed,25,2021-02-27,1.0,OK,4,0,2.25
43,81324,No,News & Content,364,2,Reporter,3,Yes,4,2.9,3,Hybrid,1.9,9364,Career Site,35,2022-03-21,1.0,OK,6,1,3.5
30,66529,Yes,News & Content,365,1,Photojournalist,2,Yes,3,0.7,4,On-site,0.7,9365,Employee Referral,32,2020-07-14,1.0,OK,8,1,1.625
54,58833,No,Engineering,366,2,Systems Engineer,4,No,4,3.4,3,Hybrid,0.9,9366,Employee Referral,36,2021-10-19,1.0,OK,1,0,2.0
36,62314,No,News & Content,367,4,Editor,2,No,3,3.1,1,Hybrid,2.6,9367,Employee Referral,67,2018-11-23,1.0,OK,7,0,2.4285714285714284
42,91400,No,Finance,368,3,Finance Manager,2,No,4,3.8,4,Hybrid,3.5,9368,Employee Referral,19,2024-06-10,1.0,OK,3,0,3.3333333333333335
34,70834,No,Human Resources,369,3,HR Manager,3,No,3,0.3,3,On-site,0.3,9369,Career Site,52,2021-08-08,1.0,OK,2,0,0.0
28,47243,No,News & Content,370,3,Producer,4,Yes,3,3.0,3,On-site,1.3,9370,LinkedIn,7,2021-01-23,1.0,OK,5,1,4.8
37,69132,No,Sales,371,2,Sales Manager,3,No,3,1.8,4,Hybrid,1.8,9371,LinkedIn,18,2023-06-14,1.0,OK,0,0,0.0
48,62215,No,News & Content,372,3,News Director,4,No,3,4.7,3,Hybrid,4.2,9372,Employee Referral,36,2024-07-01,1.0,OK,2,1,7.0
34,82060,No,Sales,373,4,Sales Coordinator,2,No,3,2.5,3,On-site,0.5,9373,Recruiter Sourced,32,2023-04-24,1.0,OK,4,1,3.5
21,73380,Yes,Engineering,374,1,Broadcast Engineer,2,Yes,3,1.0,4,Hybrid,0.8,9374,LinkedIn,40,2022-10-05,1.0,OK,2,0,2.0
48,100331,No,News & Content,375,2,Photojournalist,3,No,3,10.3,2,Hybrid,0.4,9375,Career Site,29,2025-07-26,1.0,OK,2,0,3.5
31,95414,No,Sales,376,3,Sales Manager,3,No,3,7.5,4,On-site,3.6,9376,Employee Referral,33,2024-11-08,1.0,OK,0,0,0.0
21,72796,No,Engineering,377,3,IT Support,1,No,3,1.0,3,Hybrid,0.0,9377,Career Site,32,2022-09-22,1.0,OK,2,1,3.0
37,69200,No,Finance,378,1,Accountant,3,No,3,4.3,2,Hybrid,0.6,9378,Employee Referral,34,2022-03-04,1.0,OK,4,1,0.75
28,77563,Yes,Engineering,379,4,Systems Engineer,1,Yes,4,0.2,2,On-site,0.2,9379,Employee Referral,35,2025-03-05,1.0,OK,5,1,0.2
37,36071,No,News & Content,380,4,Reporter,3,No,4,1.9,2,Hybrid,1.9,9380,Employee Referral,32,2018-11-24,1.0,OK,1,0,1.0
27,99865,No,News & Content,381,3,Photojournalist,3,No,4,4.5,4,On-site,0.8,9381,Career Site,29,2026-07-11,1.0,OK,4,1,2.5
37,74329,No,News & Content,382,4,Photojournalist,1,No,4,1.7,4,Hybrid,1.7,9382,Employee Referral,31,2022-09-16,1.0,OK,6,2,2.0
39,91873,No,Sales,383,4,Sales Coordinator,3,No,4,0.6,3,Hybrid,0.6,9383,Career Site,37,2021-09-21,1.0,OK,2,0,3.0
30,34000,No,Sales,384,2,Sales Coordinator,3,Yes,4,5.0,3,Remote,2.6,9384,LinkedIn,37,2024-06-10,1.0,OK,6,2,1.3333333333333333
34,63442,Yes,News & Content,385,3,Photojournalist,4,Yes,3,1.0,3,Hybrid,0.1,9385,Career Site,25,2023-01-08,1.0,OK,3,0,1.6666666666666667
38,76677,No,News & Content,386,4,Editor,3,No,3,0.6,2,Remote,0.6,9386,Recruiter Sourced,21,2022-09-09,1.0,OK,3,2,3.0
30,42180,Yes,Sales,387,2,Account Executive,2,No,3,2.3,4,On-site,0.1,9387,Employee Referral,12,2023-08-09,1.0,OK,7,2,2.5714285714285716
24,104088,No,News & Content,388,3,Photojournalist,3,No,2,0.9,3,On-site,0.6,9388,Recruiter Sourced,56,2018-12-15,1.0,OK,3,0,5.0
40,101573,Yes,News & Content,389,2,Reporter,1,Yes,3,5.0,4,On-site,0.7,9389,Recruiter Sourced,17,2020-11-20,1.0,OK,9,0,2.5555555555555554
52,96956,No,Human Resources,390,3,HR Manager,4,No,3,2.5,4,On-site,1.3,9390,LinkedIn,23,2021-09-29,1.0,OK,1,0,0.0
45,83519,No,Finance,391,1,Accountant,3,No,3,25.0,1,On-site,4.6,9391,Indeed,43,2020-12-29,1.0,OK,4,0,3.75
21,45364,Yes,News & Content,392,2,Photojournalist,1,No,3,1.0,4,On-site,0.6,9392,LinkedIn,15,2025-03-07,1.0,OK,12,2,1.4166666666666667
37,66270,No,Finance,393,3,Financial Analyst,1,No,3,1.8,2,On-site,1.8,9393,Indeed,11,2022-04-02,1.0,OK,3,0,3.0
41,58594,No,Engineering,394,3,Broadcast Engineer,3,Yes,2,0.1,3,Hybrid,0.1,9394,University Recruiting,26,2021-12-09,1.0,OK,4,1,2.25
38,34000,No,Engineering,395,3,Broadcast Engineer,4,Yes,2,10.8,4,Hybrid,5.9,9395,Career Site,46,2023-06-19,1.0,OK,3,1,2.3333333333333335
43,75094,Yes,News & Content,396,2,Producer,1,No,3,1.5,3,On-site,0.7,9396,Recruiter Sourced,33,2018-12-30,1.0,OK,6,1,2.0
29,36596,No,News & Content,397,4,Editor,3,No,4,7.1,3,Hybrid,2.1,9397,LinkedIn,62,2022-09-11,1.0,OK,2,0,0.0
33,127673,Yes,News & Content,398,2,Editor,3,No,3,5.9,4,On-site,1.5,9398,Employee Referral,42,2019-09-12,1.0,OK,4,0,2.25
40,72239,No,News & Content,399,4,Photojournalist,3,No,3,4.3,2,Hybrid,0.9,9399,Employee Referral,17,2025-03-13,1.0,OK,2,1,2.0
37,46787,Yes,News & Content,400,2,Editor,4,Yes,3,1.9,2,Hybrid,0.4,9400,LinkedIn,35,2022-03-04,1.0,OK,5,1,3.4
46,81941,No,Sales,401,4,Sales Manager,3,No,3,1.3,3,Hybrid,0.3,9401,Employee Referral,12,2024-05-04,1.0,OK,2,0,0.0
41,93266,No,News & Content,402,3,Reporter,4,No,3,1.3,3,Hybrid,1.3,9402,Indeed,41,2019-06-19,1.0,OK,3,1,1.3333333333333333
22,37809,No,Sales,403,2,Sales Coordinator,3,No,3,1.7,2,On-site,1.7,9403,Career Site,27,2024-10-15,1.0,OK,3,1,2.6666666666666665
38,62083,No,Sales,404,1,Sales Manager,3,No,3,0.1,3,Hybrid,0.1,9404,Employee Referral,40,2026-01-23,1.0,OK,5,1,2.4
23,66162,No,Engineering,405,1,Broadcast Engineer,4,No,3,0.6,2,On-site,0.6,9405,Employee Referral,55,2024-02-17,1.0,OK,3,0,2.6666666666666665
30,72125,No,Sales,406,4,Account Executive,1,No,3,5.8,4,Hybrid,1.3,9406,Career Site,54,2019-08-23,1.0,OK,5,0,2.8
29,68020,No,News & Content,407,3,News Director,1,Yes,4,6.2,2,Hybrid,2.2,9407,Employee Referral,31,2021-11-13,1.0,OK,6,1,2.1666666666666665
32,55325,No,Engineering,408,4,Systems Engineer,3,No,3,1.6,3,Hybrid,0.6,9408,LinkedIn,44,2022-03-02,1.0,OK,2,0,1.0
24,34000,Yes,Finance,409,2,Financial Analyst,1,No,3,3.8,3,Hybrid,0.4,9409,Indeed,29,2019-12-28,1.0,OK,8,1,5.375
37,72488,Yes,News & Content,410,2,Photojournalist,2,Yes,4,1.7,3,Hybrid,1.7,9410,Indeed,36,2023-04-13,1.0,OK,10,3,3.3
44,63605,No,Sales,411,1,Sales Manager,3,No,3,4.5,3,On-site,0.7,9411,Employee Referral,14,2024-04-05,1.0,OK,5,0,3.0
49,77361,No,News & Content,412,3,Reporter,3,No,3,2.5,3,On-site,2.5,9412,LinkedIn,23,2020-03-05,1.0,OK,3,1,2.0
33,54728,No,Human Resources,413,3,HR Generalist,4,No,3,2.2,4,On-site,0.3,9413,Career Site,41,2022-03-13,1.0,OK,1,0,8.0
50,118399,No,Finance,414,1,Finance Manager,4,No,2,7.0,2,On-site,0.9,9414,LinkedIn,11,2020-07-23,1.0,OK,7,3,1.2857142857142858
29,81760,No,News & Content,415,4,Editor,4,Yes,4,4.7,3,Hybrid,1.0,9415,Career Site,35,2024-02-04,1.0,OK,3,0,7.666666666666667
37,90892,No,News & Content,416,4,News Director,2,No,3,6.9,4,Hybrid,3.7,9416,Employee Referral,36,2025-10-25,1.0,OK,7,0,3.5714285714285716
30,61513,No,News & Content,417,3,Reporter,1,No,3,4.8,4,On-site,1.3,9417,Employee Referral,41,2024-12-06,1.0,OK,3,1,0.6666666666666666
43,66956,No,Sales,418,3,Sales Coordinator,3,Yes,2,0.7,3,Hybrid,0.7,9418,Employee Referral,14,2024-04-22,1.0,OK,2,0,4.0
43,34000,Yes,News & Content,419,3,Reporter,4,Yes,2,0.4,2,Hybrid,0.4,9419,Indeed,12,2019-07-19,1.0,OK,5,0,1.2
32,70254,No,Engineering,420,4,Broadcast Engineer,2,No,3,3.5,3,On-site,3.5,9420,Career Site,46,2019-06-22,1.0,OK,5,0,2.0
46,83695,No,News & Content,421,2,Reporter,3,No,3,14.8,2,Hybrid,1.9,9421,Employee Referral,36,2022-02-26,1.0,OK,2,0,0.0
43,69251,No,Sales,422,3,Account Executive,1,No,3,3.1,1,Hybrid,0.5,9422,Indeed,29,2021-06-18,1.0,OK,5,1,3.6
42,55818,No,Sales,423,2,Account Executive,4,Yes,3,3.1,3,Hybrid,0.4,9423,Career Site,13,2022-10-01,1.0,OK,5,1,0.8
48,67557,Yes,News & Content,424,4,Editor,2,No,3,0.8,2,On-site,0.5,9424,Recruiter Sourced,28,2021-08-19,1.0,OK,4,1,1.0
39,82648,Yes,News & Content,425,2,Photojournalist,2,Yes,3,1.6,1,Hybrid,0.2,9425,Recruiter Sourced,19,2024-11-20,1.0,OK,10,1,3.0
43,63032,Yes,Sales,426,2,Account Executive,2,Yes,3,0.8,1,On-site,0.2,9426,Indeed,46,2022-08-27,1.0,OK,8,0,1.75
43,47402,No,News & Content,427,4,Editor,4,Yes,3,5.0,3,Hybrid,3.5,9427,LinkedIn,16,2026-02-27,1.0,OK,4,0,1.75
45,82365,Yes,News & Content,428,1,News Director,2,No,3,1.7,2,On-site,1.7,9428,Indeed,31,2021-08-03,1.0,OK,11,1,2.5454545454545454
26,101440,No,Human Resources,429,4,HR Generalist,1,No,3,2.8,4,On-site,2.8,9429,Recruiter Sourced,44,2021-08-09,1.0,OK,4,1,3.75
39,67719,No,Sales,430,2,Account Executive,4,No,4,7.4,1,On-site,2.2,9430,Career Site,42,2024-09-14,1.0,OK,6,2,2.8333333333333335
32,63622,No,Sales,431,3,Account Executive,4,No,3,1.4,1,On-site,1.4,9431,Career Site,28,2025-11-09,1.0,OK,3,0,0.3333333333333333
46,96514,Yes,Sales,432,2,Account Executive,2,Yes,4,4.8,3,On-site,2.1,9432,LinkedIn,42,2023-01-31,1.0,OK,12,3,1.9166666666666667
36,54898,No,Human Resources,433,3,HR Manager,4,No,3,3.4,4,Remote,3.4,9433,Employee Referral,44,2023-11-02,1.0,OK,0,0,0.0
23,63555,Yes,News & Content,434,2,Reporter,3,No,3,0.8,3,Remote,0.4,9434,Employee Referral,35,2019-10-05,1.0,OK,5,3,2.0
52,57653,Yes,Finance,435,1,Finance Manager,1,No,2,0.7,3,On-site,0.7,9435,Career Site,39,2025-07-05,1.0,OK,4,0,3.5
55,39657,No,Human Resources,436,3,HR Generalist,3,No,3,18.1,1,On-site,2.0,9436,University Recruiting,31,2019-12-28,1.0,OK,3,0,0.0
23,70342,No,News & Content,437,4,Producer,3,No,4,3.0,3,Hybrid,1.8,9437,University Recruiting,48,2024-04-03,1.0,OK,3,0,0.0
34,34000,Yes,News & Content,438,2,News Director,4,No,3,1.0,4,On-site,1.0,9438,Recruiter Sourced,32,2021-12-01,1.0,OK,1,0,0.0
37,93327,Yes,News & Content,439,1,Reporter,2,No,4,0.9,3,On-site,0.9,9439,LinkedIn,15,2021-01-13,1.0,OK,9,2,2.2222222222222223
37,46139,Yes,Engineering,440,2,IT Support,4,Yes,3,1.5,3,Hybrid,1.5,9440,Employee Referral,40,2024-09-15,1.0,OK,6,1,1.3333333333333333
38,45501,Yes,News & Content,441,2,Reporter,3,No,4,0.1,3,Hybrid,0.1,9441,Employee Referral,20,2022-02-16,1.0,OK,6,0,3.6666666666666665
44,63765,No,Sales,442,4,Sales Coordinator,2,Yes,3,1.9,3,On-site,1.9,9442,Career Site,50,2023-07-28,1.0,OK,4,0,1.25
38,40125,Yes,Engineering,443,3,Broadcast Engineer,1,No,3,0.2,3,On-site,0.2,9443,Employee Referral,39,2019-07-02,1.0,OK,6,0,2.8333333333333335
38,138874,No,Sales,444,1,Account Executive,3,Yes,2,13.7,4,Hybrid,0.3,9444,Recruiter Sourced,8,2019-08-12,1.0,OK,3,1,0.6666666666666666
21,101527,No,Finance,445,4,Finance Manager,4,No,3,1.0,4,On-site,0.3,9445,LinkedIn,45,2020-03-07,1.0,OK,9,2,2.111111111111111
32,41646,No,News & Content,446,3,Photojournalist,4,No,3,9.3,1,Hybrid,0.6,9446,Indeed,37,2023-07-17,1.0,OK,5,1,4.0
44,48661,No,Finance,447,3,Finance Manager,3,No,2,9.1,4,Remote,0.8,9447,Employee Referral,43,2020-08-01,1.0,OK,3,0,3.6666666666666665
39,72862,No,Sales,448,4,Account Executive,4,Yes,3,0.5,3,Hybrid,0.5,9448,Recruiter Sourced,34,2022-03-25,1.0,OK,3,0,3.3333333333333335
40,100649,No,Engineering,449,2,Systems Engineer,3,No,3,0.6,3,Hybrid,0.2,9449,University Recruiting,49,2025-05-27,1.0,OK,4,1,2.75
45,109415,No,Finance,450,4,Accountant,2,Yes,3,3.4,3,Remote,1.8,9450,LinkedIn,25,2022-11-28,1.0,OK,8,0,4.875
45,53781,No,Human Resources,451,1,HR Generalist,2,No,3,3.0,2,Hybrid,0.8,9451,LinkedIn,45,2018-08-09,1.0,OK,7,1,2.0
21,38470,Yes,News & Content,452,2,News Director,2,No,2,1.0,3,Hybrid,1.0,9452,University Recruiting,38,2025-08-15,1.0,OK,2,0,3.0
48,45078,No,Sales,453,3,Sales Manager,4,No,3,13.1,3,Hybrid,2.5,9453,Career Site,12,2020-06-18,1.0,OK,1,0,3.0
35,58911,No,News & Content,454,3,Producer,1,No,3,3.3,4,Remote,0.1,9454,Career Site,11,2023-04-09,1.0,OK,4,0,2.75
34,76068,No,News & Content,455,4,Editor,1,No,3,0.5,4,On-site,0.5,9455,Employee Referral,30,2022-05-14,1.0,OK,6,1,4.833333333333333
23,99384,No,Human Resources,456,3,HR Manager,3,No,3,1.0,2,Remote,1.0,9456,LinkedIn,23,2021-11-03,1.0,OK,3,0,5.0
32,85422,No,Human Resources,457,3,HR Generalist,3,No,2,3.2,4,On-site,1.7,9457,LinkedIn,8,2019-03-13,1.0,OK,1,0,8.0
47,87371,No,Sales,458,3,Sales Manager,1,No,3,3.1,2,Hybrid,2.3,9458,Career Site,18,2023-05-12,1.0,OK,2,0,1.0
38,107198,No,Sales,459,2,Account Executive,3,No,3,3.4,2,On-site,2.0,9459,Employee Referral,31,2020-07-08,1.0,OK,3,1,2.3333333333333335
44,99825,Yes,News & Content,460,4,Editor,4,Yes,4,0.7,3,On-site,0.6,9460,Recruiter Sourced,23,2022-12-09,1.0,OK,2,1,0.0
45,67129,No,Sales,461,4,Sales Coordinator,1,No,2,4.7,2,Hybrid,1.1,9461,University Recruiting,64,2023-07-08,1.0,OK,1,0,4.0
28,76243,No,News & Content,462,1,Photojournalist,3,No,3,0.5,4,On-site,0.5,9462,Employee Referral,25,2023-01-08,1.0,OK,4,0,1.25
32,109107,No,Sales,463,3,Account Executive,4,No,3,3.9,2,Hybrid,3.9,9463,University Recruiting,49,2025-02-28,1.0,OK,1,1,0.0
41,75384,No,Human Resources,464,2,HR Manager,4,Yes,2,0.8,3,Remote,0.8,9464,Indeed,55,2018-12-13,1.0,OK,2,1,6.0
37,100731,Yes,News & Content,465,3,Producer,2,Yes,3,3.3,4,Remote,3.3,9465,Employee Referral,27,2019-09-30,1.0,OK,1,0,0.0
42,120947,Yes,News & Content,466,3,Photojournalist,2,Yes,3,3.6,4,Hybrid,3.6,9466,Employee Referral,26,2023-10-14,1.0,OK,6,1,4.666666666666667
26,67138,No,Human Resources,467,1,HR Generalist,3,No,3,0.5,2,Remote,0.5,9467,Career Site,27,2018-11-08,1.0,OK,2,0,1.5
48,63755,No,News & Content,468,4,Reporter,3,No,3,1.7,3,Hybrid,1.0,9468,University Recruiting,31,2025-05-22,1.0,OK,2,1,0.5
37,100036,No,Engineering,469,3,Broadcast Engineer,2,No,2,5.9,2,Hybrid,0.8,9469,Recruiter Sourced,29,2023-11-23,1.0,OK,3,0,4.0
51,47431,No,Sales,470,1,Sales Coordinator,1,No,3,0.4,3,Hybrid,0.4,9470,Career Site,18,2025-04-06,1.0,OK,5,0,1.2
21,62757,No,Sales,471,3,Sales Manager,3,No,3,1.0,4,Remote,0.2,9471,Career Site,38,2020-12-12,1.0,OK,0,0,0.0
45,94045,No,Sales,472,3,Sales Coordinator,4,No,2,0.2,3,Hybrid,0.2,9472,Employee Referral,29,2025-12-03,1.0,OK,2,0,1.0
24,92324,No,Sales,473,3,Account Executive,3,No,3,4.0,1,Hybrid,2.1,9473,Employee Referral,64,2018-12-14,1.0,OK,4,0,1.5
58,92040,Yes,Human Resources,474,2,HR Generalist,1,No,3,7.9,3,On-site,1.8,9474,Indeed,46,2021-11-23,1.0,OK,7,0,1.5714285714285714
46,110602,No,News & Content,475,3,Producer,3,No,3,0.7,4,Hybrid,0.7,9475,Employee Referral,29,2019-12-26,1.0,OK,4,0,0.5
51,70209,No,Finance,476,4,Finance Manager,2,Yes,3,3.3,2,On-site,0.5,9476,Employee Referral,41,2023-12-08,1.0,OK,6,1,1.0
46,90277,No,Engineering,477,2,Broadcast Engineer,4,No,3,1.4,3,On-site,0.2,9477,Recruiter Sourced,41,2023-06-13,1.0,OK,2,1,0.5
53,73156,No,Sales,478,3,Sales Coordinator,4,Yes,3,12.8,3,On-site,0.3,9478,Indeed,48,2024-02-03,1.0,OK,1,0,5.0
26,88028,No,Sales,479,3,Sales Coordinator,4,No,2,0.7,3,On-site,0.7,9479,Employee Referral,11,2023-04-27,1.0,OK,1,0,0.0
32,92655,No,News & Content,480,3,Producer,4,No,3,5.7,4,Hybrid,1.5,9480,Employee Referral,17,2024-11-09,1.0,OK,1,0,9.0
35,34000,No,News & Content,481,3,Editor,3,No,3,7.2,4,Hybrid,1.7,9481,Career Site,23,2019-12-24,1.0,OK,4,2,4.75
51,63208,Yes,News & Content,482,1,Reporter,2,Yes,3,3.1,3,Remote,1.1,9482,Employee Referral,33,2022-03-15,1.0,OK,10,1,2.8
31,89090,Yes,News & Content,483,1,Reporter,3,No,4,0.4,1,Hybrid,0.4,9483,Career Site,7,2023-03-11,1.0,OK,5,0,0.6
39,34000,No,Engineering,484,4,Systems Engineer,4,Yes,3,7.2,4,Hybrid,0.6,9484,Indeed,22,2026-01-04,1.0,OK,5,0,2.2
40,84540,No,Sales,485,3,Account Executive,1,Yes,3,6.0,4,On-site,0.3,9485,Recruiter Sourced,51,2019-04-22,1.0,OK,5,0,4.4
37,70901,No,Human Resources,486,3,HR Manager,1,Yes,3,0.9,3,Hybrid,0.9,9486,Indeed,19,2020-12-14,1.0,OK,6,1,3.1666666666666665
42,34000,Yes,News & Content,487,4,News Director,2,No,3,0.1,3,On-site,0.1,9487,Employee Referral,37,2021-07-04,1.0,OK,9,1,4.666666666666667
38,34000,Yes,News & Content,488,3,Producer,2,No,3,6.2,4,Remote,0.1,9488,Career Site,37,2021-08-04,1.0,OK,4,1,1.0
40,54590,No,News & Content,489,1,Editor,3,No,3,2.4,2,On-site,1.3,9489,Recruiter Sourced,39,2019-02-06,1.0,OK,9,0,1.7777777777777777
44,80475,No,Sales,490,3,Sales Manager,3,Yes,3,0.1,4,On-site,0.1,9490,Recruiter Sourced,43,2021-12-23,1.0,OK,1,0,4.0
32,75969,No,Engineering,491,3,IT Support,3,No,3,5.0,3,Hybrid,0.5,9491,Career Site,47,2022-12-18,1.0,OK,1,1,3.0
44,88805,No,Engineering,492,3,Systems Engineer,3,Yes,3,0.8,3,Hybrid,0.8,9492,Career Site,53,2020-11-25,1.0,OK,5,0,1.8
36,48411,No,News & Content,493,3,Photojournalist,4,No,4,6.4,4,Remote,1.2,9493,Employee Referral,29,2019-08-21,1.0,OK,4,1,1.75
42,34000,No,Sales,494,3,Sales Manager,3,Yes,3,2.6,2,On-site,2.6,9494,Career Site,23,2024-02-12,1.0,OK,1,0,1.0
42,80088,No,Engineering,495,4,Broadcast Engineer,2,Yes,3,6.4,2,On-site,0.9,9495,Employee Referral,39,2020-10-02,1.0,OK,2,0,1.5
47,88082,No,Sales,496,1,Sales Manager,4,No,3,0.2,3,Hybrid,0.2,9496,Indeed,39,2022-10-11,1.0,OK,2,0,6.0
31,90453,No,Sales,497,3,Sales Manager,4,No,3,5.1,4,On-site,1.0,9497,Employee Referral,44,2022-10-04,1.0,OK,2,1,2.5
42,82340,Yes,News & Content,498,2,Producer,2,No,3,2.3,2,On-site,1.5,9498,University Recruiting,14,2024-02-16,1.0,OK,10,1,1.9
29,67245,Yes,Sales,499,2,Sales Coordinator,2,Yes,3,2.6,4,Hybrid,2.6,9499,Indeed,43,2023-06-16,1.0,OK,11,2,1.6363636363636365
31,67359,No,Sales,500,3,Account Executive,1,No,3,8.8,2,Remote,2.7,9500,Indeed,16,2019-06-08,1.0,OK,2,0,1.0
45,90575,No,News & Content,501,4,Producer,4,No,4,4.6,4,Hybrid,3.0,9501,Career Site,37,2024-05-25,1.0,OK,5,0,1.6
27,79172,Yes,News & Content,502,2,News Director,4,Yes,3,2.7,2,Hybrid,0.4,9502,Indeed,28,2023-08-04,1.0,OK,7,0,1.5714285714285714
62,84222,No,Finance,503,3,Accountant,2,Yes,3,1.4,4,On-site,1.4,9503,University Recruiting,49,2026-06-16,1.0,OK,2,0,6.0
40,103821,No,News & Content,504,4,Photojournalist,4,No,4,3.1,4,On-site,1.8,9504,University Recruiting,15,2022-06-06,1.0,OK,2,0,3.0
26,96274,Yes,News & Content,505,2,Producer,4,Yes,3,1.3,2,On-site,1.3,9505,Employee Referral,36,2024-01-26,1.0,OK,4,0,0.25
39,37217,No,Engineering,506,1,Broadcast Engineer,4,No,3,2.5,1,On-site,1.4,9506,Employee Referral,39,2026-01-11,1.0,OK,9,0,3.888888888888889
50,83079,No,Finance,507,4,Financial Analyst,4,Yes,3,7.2,4,On-site,0.1,9507,LinkedIn,29,2026-06-13,1.0,OK,1,0,4.0
48,60800,No,News & Content,508,2,Reporter,3,No,3,10.6,4,On-site,0.4,9508,Indeed,36,2020-11-09,1.0,OK,5,1,4.0
33,96653,No,Finance,509,4,Finance Manager,3,No,3,3.2,3,On-site,2.6,9509,LinkedIn,27,2023-06-07,1.0,OK,2,1,3.5
38,34000,No,Finance,510,2,Finance Manager,3,No,2,4.5,3,Hybrid,1.5,9510,Recruiter Sourced,35,2021-02-02,1.0,OK,5,1,1.8
24,64055,Yes,News & Content,511,2,Editor,4,Yes,3,1.0,4,Remote,0.9,9511,University Recruiting,38,2022-10-06,1.0,OK,6,1,2.0
34,107265,No,News & Content,512,3,Photojournalist,4,Yes,3,3.2,2,Hybrid,3.2,9512,Employee Referral,27,2026-07-09,1.0,OK,4,0,4.0
51,90037,No,News & Content,513,2,News Director,3,No,2,6.5,4,On-site,5.1,9513,Employee Referral,32,2021-05-22,1.0,OK,5,0,2.0
43,78026,Yes,News & Content,514,4,News Director,3,Yes,3,2.1,1,On-site,1.8,9514,Career Site,7,2019-08-07,1.0,OK,3,1,3.3333333333333335
47,44974,Yes,News & Content,515,3,News Director,3,Yes,2,8.9,2,Hybrid,1.3,9515,Career Site,11,2023-01-23,1.0,OK,3,1,2.3333333333333335
31,62853,No,News & Content,516,4,Producer,3,Yes,2,9.1,2,Hybrid,4.7,9516,University Recruiting,28,2022-09-19,1.0,OK,3,1,0.0
44,34000,Yes,News & Content,517,4,News Director,4,No,3,5.1,3,On-site,5.1,9517,LinkedIn,18,2023-08-13,1.0,OK,2,0,1.0
25,124286,Yes,News & Content,518,2,News Director,4,No,3,0.4,2,Hybrid,0.4,9518,Recruiter Sourced,31,2022-07-02,1.0,OK,18,4,2.0555555555555554
33,95569,No,News & Content,519,2,Producer,3,No,3,2.5,1,On-site,0.6,9519,Career Site,48,2019-12-31,1.0,OK,5,1,3.2
45,56680,No,News & Content,520,3,Editor,3,No,3,5.5,3,Hybrid,1.1,9520,LinkedIn,51,2023-06-08,1.0,OK,4,2,1.75
31,50124,No,Sales,521,2,Sales Manager,2,No,2,7.4,3,On-site,0.6,9521,University Recruiting,31,2024-03-24,1.0,OK,4,0,3.5
54,49877,Yes,Engineering,522,4,IT Support,1,Yes,3,8.8,3,On-site,0.0,9522,University Recruiting,19,2026-05-24,1.0,OK,4,1,4.5
50,66466,No,News & Content,523,3,Photojournalist,3,No,3,1.4,3,On-site,1.1,9523,LinkedIn,18,2018-07-28,1.0,OK,1,0,0.0
44,67590,No,Human Resources,524,2,HR Generalist,4,No,4,7.1,3,Hybrid,1.4,9524,LinkedIn,55,2018-10-02,1.0,OK,2,0,2.0
58,78455,Yes,News & Content,525,3,Reporter,1,No,3,6.8,1,On-site,0.4,9525,University Recruiting,45,2023-07-25,1.0,OK,7,1,3.5714285714285716
27,77443,No,Sales,526,2,Sales Manager,1,No,2,7.0,3,Hybrid,0.8,9526,Employee Referral,31,2019-07-03,1.0,OK,7,0,1.4285714285714286
40,86050,No,News & Content,527,3,Reporter,3,Yes,4,0.6,4,On-site,0.6,9527,Employee Referral,34,2025-05-06,1.0,OK,7,1,2.7142857142857144
44,85838,No,Sales,528,2,Sales Manager,4,No,3,4.9,2,On-site,0.4,9528,LinkedIn,31,2024-12-15,1.0,OK,2,0,2.0
31,81570,No,News & Content,529,4,Reporter,3,Yes,2,6.7,3,Hybrid,3.2,9529,Recruiter Sourced,40,2026-07-21,1.0,OK,1,0,1.0
31,90799,No,Finance,530,3,Accountant,3,No,4,3.4,1,Hybrid,2.2,9530,Employee Referral,33,2021-11-14,1.0,OK,2,0,4.5
34,87200,No,Sales,531,3,Sales Coordinator,3,No,3,7.8,2,Hybrid,2.9,9531,Recruiter Sourced,43,2021-03-25,1.0,OK,1,1,5.0
48,47476,No,Sales,532,4,Sales Coordinator,3,No,3,2.8,3,Remote,0.2,9532,Recruiter Sourced,43,2023-01-16,1.0,OK,1,0,4.0
33,49684,No,Engineering,533,3,Systems Engineer,3,Yes,4,3.0,2,On-site,0.6,9533,Career Site,21,2023-08-29,1.0,OK,2,1,4.0
45,82072,No,Engineering,534,4,IT Support,4,Yes,3,3.5,3,Remote,1.6,9534,Employee Referral,38,2018-08-26,1.0,OK,6,0,2.3333333333333335
53,61832,No,Sales,535,4,Sales Coordinator,4,Yes,3,2.5,4,On-site,2.5,9535,University Recruiting,50,2020-03-02,1.0,OK,2,0,5.0
35,89616,No,Finance,536,4,Financial Analyst,4,No,2,0.6,2,On-site,0.6,9536,LinkedIn,40,2020-10-23,1.0,OK,0,0,0.0
35,95682,No,Sales,537,2,Account Executive,4,No,2,0.7,4,Hybrid,0.7,9537,Employee Referral,38,2024-11-17,1.0,OK,1,0,10.0
43,83048,No,Sales,538,4,Sales Coordinator,4,No,3,8.9,2,On-site,0.9,9538,LinkedIn,24,2021-01-08,1.0,OK,1,0,0.0
21,61642,No,Sales,539,1,Account Executive,3,Yes,3,1.0,4,Hybrid,0.5,9539,Employee Referral,24,2022-08-12,1.0,OK,11,1,2.1818181818181817
26,49357,Yes,Finance,540,4,Accountant,4,Yes,4,0.7,3,Hybrid,0.2,9540,Indeed,33,2021-02-24,1.0,OK,13,1,1.6153846153846154
21,82268,Yes,Engineering,541,4,Broadcast Engineer,4,Yes,3,1.0,1,Remote,1.0,9541,Employee Referral,25,2018-08-10,1.0,OK,2,1,2.5
25,34000,Yes,News & Content,542,3,Reporter,3,Yes,3,5.0,1,On-site,2.8,9542,LinkedIn,46,2024-01-18,1.0,OK,9,3,1.5555555555555556
21,79210,No,Sales,543,4,Sales Manager,1,No,4,1.0,1,On-site,1.0,9543,Employee Referral,31,2021-04-16,1.0,OK,9,1,1.8888888888888888
64,94775,No,Human Resources,544,1,HR Manager,2,No,2,7.6,3,On-site,0.5,9544,LinkedIn,25,2024-05-09,1.0,OK,7,1,2.5714285714285716
50,72994,No,Finance,545,2,Finance Manager,3,No,3,1.9,2,Hybrid,1.9,9545,Indeed,47,2023-06-27,1.0,OK,3,1,4.333333333333333
32,82607,No,Sales,546,3,Sales Manager,3,No,3,1.0,4,Hybrid,1.0,9546,Recruiter Sourced,19,2018-10-17,1.0,OK,3,0,2.6666666666666665
49,112374,No,Sales,547,2,Sales Coordinator,3,No,3,0.5,1,On-site,0.5,9547,Career Site,33,2019-12-19,1.0,OK,6,1,3.6666666666666665
35,34000,No,Finance,548,1,Finance Manager,4,No,3,3.9,3,Hybrid,0.2,9548,Employee Referral,26,2021-03-15,1.0,OK,2,1,0.5
41,90648,No,News & Content,549,3,Photojournalist,1,No,3,1.3,3,Hybrid,1.0,9549,Employee Referral,65,2021-04-06,1.0,OK,9,1,1.6666666666666667
56,102405,No,News & Content,550,2,News Director,4,Yes,3,3.3,2,On-site,2.1,9550,Career Site,33,2023-12-09,1.0,OK,2,0,2.0
21,57494,No,News & Content,551,3,News Director,2,No,3,0.5,3,On-site,0.5,9551,Indeed,22,2025-11-21,1.0,OK,6,3,7.0
31,64478,No,Sales,552,4,Account Executive,4,No,3,10.9,4,Hybrid,3.1,9552,LinkedIn,34,2024-12-08,1.0,OK,3,0,1.6666666666666667
21,59478,No,Sales,553,4,Sales Manager,4,No,3,1.0,3,Hybrid,0.6,9553,Employee Referral,31,2023-09-22,1.0,OK,3,0,3.3333333333333335
35,84626,Yes,News & Content,554,2,Producer,3,Yes,3,2.2,4,On-site,2.2,9554,Employee Referral,24,2022-05-30,1.0,OK,7,1,2.2857142857142856
39,40485,Yes,News & Content,555,1,Reporter,1,Yes,3,0.1,4,Remote,0.1,9555,Indeed,46,2023-07-30,1.0,OK,11,1,2.0
45,74453,No,Sales,556,4,Sales Manager,4,No,3,1.1,3,Hybrid,1.1,9556,Employee Referral,42,2025-09-11,1.0,OK,1,1,3.0
21,47899,No,Sales,557,4,Account Executive,4,Yes,3,1.0,4,Hybrid,0.3,9557,Employee Referral,37,2022-11-09,1.0,OK,3,0,3.3333333333333335
30,97402,No,Engineering,558,4,IT Support,4,No,4,1.8,4,On-site,0.7,9558,Career Site,23,2021-03-29,1.0,OK,2,0,6.0
35,60694,No,Sales,559,4,Account Executive,4,No,3,3.1,4,On-site,1.1,9559,Employee Referral,57,2024-10-30,1.0,OK,1,0,1.0
31,34000,No,Finance,560,3,Accountant,4,No,4,11.0,2,Hybrid,1.5,9560,Recruiter Sourced,38,2021-11-14,1.0,OK,2,1,1.5
38,34000,No,Sales,561,4,Account Executive,4,Yes,3,3.4,3,Remote,2.8,9561,Career Site,26,2024-07-01,1.0,OK,1,0,1.0
21,34000,No,Sales,562,3,Sales Manager,4,No,3,1.0,3,Hybrid,1.0,9562,Recruiter Sourced,48,2025-03-29,1.0,OK,2,0,0.0
29,121339,No,Human Resources,563,1,HR Manager,3,No,4,5.9,2,On-site,2.8,9563,Employee Referral,35,2020-12-14,1.0,OK,2,0,3.0
25,84200,No,Sales,564,4,Account Executive,4,No,4,1.7,3,Hybrid,1.7,9564,Recruiter Sourced,46,2024-05-11,1.0,OK,0,0,0.0
49,48561,No,Sales,565,4,Account Executive,3,Yes,3,16.0,3,Hybrid,2.6,9565,LinkedIn,39,2021-01-30,1.0,OK,3,0,4.0
47,72962,No,Finance,566,4,Finance Manager,4,No,3,3.9,4,Hybrid,0.2,9566,Career Site,62,2022-11-05,1.0,OK,3,0,3.0
30,34000,Yes,Engineering,567,3,Broadcast Engineer,2,Yes,3,1.4,3,On-site,0.8,9567,Employee Referral,20,2020-03-23,1.0,OK,4,0,1.5
45,50855,No,Human Resources,568,4,HR Manager,4,No,3,0.5,4,On-site,0.5,9568,Career Site,27,2024-01-17,1.0,OK,3,0,0.0
34,95923,No,Human Resources,569,4,HR Manager,3,No,3,6.6,3,Remote,1.9,9569,Career Site,72,2024-12-15,1.0,OK,3,0,2.0
45,93326,Yes,News & Content,570,2,Editor,2,Yes,3,0.4,4,Hybrid,0.4,9570,Career Site,32,2025-08-30,1.0,OK,4,1,0.5
50,68283,No,Finance,571,4,Financial Analyst,2,Yes,3,10.3,1,Hybrid,1.8,9571,Employee Referral,19,2021-05-22,1.0,OK,3,1,3.3333333333333335
37,63309,No,Sales,572,4,Account Executive,1,No,4,2.1,2,Hybrid,1.2,9572,Career Site,41,2026-04-26,1.0,OK,6,2,1.6666666666666667
45,75269,No,Finance,573,4,Accountant,3,No,4,0.3,3,On-site,0.3,9573,Employee Referral,48,2020-10-20,1.0,OK,2,1,2.5
34,55540,Yes,News & Content,574,2,Reporter,3,No,3,1.1,4,On-site,1.1,9574,Career Site,32,2018-10-23,1.0,OK,4,0,4.5
51,65660,No,Human Resources,575,3,HR Manager,3,No,3,9.9,3,On-site,2.0,9575,Career Site,9,2026-06-06,1.0,OK,2,0,1.0
30,34000,No,Finance,576,1,Financial Analyst,3,No,3,4.8,3,On-site,2.7,9576,LinkedIn,22,2023-07-28,1.0,OK,1,0,3.0
48,56006,No,News & Content,577,3,Reporter,3,No,4,10.2,1,Hybrid,0.0,9577,University Recruiting,13,2025-04-19,1.0,OK,1,0,0.0
35,90388,No,Sales,578,2,Account Executive,2,No,3,2.2,4,Hybrid,0.5,9578,Career Site,60,2023-02-16,1.0,OK,7,0,3.5714285714285716
30,62351,No,News & Content,579,4,Reporter,4,Yes,2,0.5,2,On-site,0.5,9579,LinkedIn,12,2021-09-04,1.0,OK,6,1,1.5
34,56022,No,News & Content,580,4,News Director,3,No,4,4.4,3,Remote,1.8,9580,Indeed,26,2023-04-28,1.0,OK,5,1,1.4
23,34000,No,Sales,581,1,Account Executive,4,No,4,0.6,3,Hybrid,0.5,9581,Recruiter Sourced,40,2025-06-23,0.5454545454545454,REVIEW,4,0,2.5
29,108837,No,Sales,582,4,Account Executive,3,Yes,3,0.3,3,Hybrid,0.0,9582,Indeed,17,2024-07-28,1.0,OK,1,0,7.0
21,67815,Yes,Engineering,583,2,IT Support,2,Yes,2,1.0,2,Hybrid,0.5,9583,Career Site,39,2024-03-14,1.0,OK,8,0,1.5
27,74470,No,News & Content,584,3,Reporter,3,No,2,7.0,3,Hybrid,0.1,9584,Recruiter Sourced,25,2021-01-27,1.0,OK,6,0,2.8333333333333335
35,151821,No,News & Content,585,4,News Director,3,No,3,5.9,3,On-site,3.8,9585,Employee Referral,38,2018-10-24,1.0,OK,4,0,3.0
56,86581,No,Engineering,586,2,Systems Engineer,3,No,4,3.0,2,On-site,0.1,9586,Indeed,30,2021-11-14,1.0,OK,6,2,1.0
50,96515,No,Engineering,587,3,IT Support,4,No,3,2.5,4,On-site,1.4,9587,Employee Referral,31,2022-07-15,1.0,OK,3,0,1.0
37,90450,No,Sales,588,4,Sales Coordinator,4,No,3,12.7,2,On-site,3.2,9588,Indeed,47,2020-06-17,1.0,OK,1,0,1.0
34,49351,No,Sales,589,1,Sales Coordinator,4,No,3,14.0,3,Remote,0.5,9589,LinkedIn,18,2022-03-05,1.0,OK,7,0,2.4285714285714284
49,55189,No,News & Content,590,3,Editor,4,No,2,0.3,3,Remote,0.3,9590,LinkedIn,38,2026-03-02,1.0,OK,5,1,2.8
46,116997,Yes,News & Content,591,1,News Director,2,Yes,4,12.4,2,On-site,0.1,9591,University Recruiting,44,2020-04-15,1.0,OK,5,1,0.6
37,90627,No,Sales,592,3,Sales Manager,2,No,3,1.0,4,Hybrid,1.0,9592,LinkedIn,17,2020-12-23,1.0,OK,6,3,3.3333333333333335
28,40247,Yes,News & Content,593,2,Photojournalist,2,No,3,0.6,3,Hybrid,0.2,9593,Career Site,13,2019-06-16,1.0,OK,4,0,3.0
47,60544,No,Human Resources,594,4,HR Generalist,4,No,3,0.4,3,Hybrid,0.4,9594,Employee Referral,30,2024-11-02,1.0,OK,4,0,2.75
31,50295,No,Sales,595,3,Account Executive,3,Yes,3,1.8,4,Hybrid,0.0,9595,Employee Referral,7,2024-10-12,1.0,OK,5,0,0.8
31,68792,Yes,News & Content,596,4,Producer,2,No,3,0.5,3,On-site,0.5,9596,Recruiter Sourced,37,2025-11-12,1.0,OK,7,1,2.5714285714285716
45,89299,No,Human Resources,597,4,HR Manager,3,Yes,4,1.4,3,Hybrid,1.4,9597,LinkedIn,42,2022-02-09,1.0,OK,8,2,3.0
50,130534,No,Sales,598,4,Account Executive,2,No,3,2.9,2,On-site,0.0,9598,Career Site,15,2018-10-04,1.0,OK,7,1,4.0
32,61773,Yes,News & Content,599,2,Reporter,1,No,3,5.7,2,Remote,2.9,9599,Employee Referral,45,2022-06-03,1.0,OK,9,0,2.2222222222222223
42,103329,No,Engineering,600,4,Systems Engineer,4,No,3,0.5,1,Hybrid,0.5,9600,LinkedIn,49,2022-07-24,1.0,OK,2,0,4.0
43,64815,No,Finance,601,1,Finance Manager,4,No,3,2.4,2,Remote,2.4,9601,Recruiter Sourced,38,2020-01-30,1.0,OK,0,0,0.0
34,44829,Yes,News & Content,602,4,Reporter,2,Yes,3,3.1,2,Hybrid,1.7,9602,Recruiter Sourced,50,2025-12-12,1.0,OK,8,0,1.5
37,68811,Yes,Sales,603,4,Account Executive,2,No,3,0.5,1,Hybrid,0.5,9603,Employee Referral,29,2024-06-02,1.0,OK,5,1,3.6
41,34000,Yes,News & Content,604,4,Photojournalist,1,No,2,14.9,3,On-site,6.6,9604,Employee Referral,26,2022-10-01,1.0,OK,4,0,2.5
24,53030,No,Finance,605,4,Finance Manager,2,No,4,4.0,2,On-site,1.5,9605,Indeed,32,2024-10-06,1.0,OK,1,0,10.0
56,34000,No,News & Content,606,1,Producer,3,No,3,2.5,3,Hybrid,0.5,9606,University Recruiting,20,2019-09-15,1.0,OK,4,1,3.75
34,63827,Yes,News & Content,607,2,News Director,4,Yes,4,0.3,1,Hybrid,0.3,9607,LinkedIn,26,2025-07-14,1.0,OK,15,1,1.8666666666666667
27,52210,Yes,News & Content,608,3,News Director,2,No,3,0.7,4,Hybrid,0.7,9608,Employee Referral,34,2025-02-19,1.0,OK,6,2,0.6666666666666666
36,88774,Yes,Sales,609,2,Account Executive,2,No,3,4.9,1,Hybrid,0.4,9609,University Recruiting,35,2026-01-23,1.0,OK,5,0,4.2
34,80660,Yes,News & Content,610,2,News Director,4,No,3,0.5,2,Remote,0.4,9610,Recruiter Sourced,39,2023-12-22,1.0,OK,5,1,2.2
23,75397,No,Engineering,611,3,IT Support,4,No,3,2.7,1,Hybrid,2.7,9611,LinkedIn,7,2019-08-15,1.0,OK,6,1,0.8333333333333334
30,106363,No,News & Content,612,3,Reporter,2,No,4,2.4,4,On-site,2.4,9612,Career Site,72,2024-05-10,1.0,OK,10,2,2.7
35,66475,No,News & Content,613,3,Producer,2,No,3,1.8,3,Hybrid,0.1,9613,Employee Referral,21,2022-03-27,1.0,OK,5,1,3.4
62,40762,No,Engineering,614,3,Systems Engineer,4,Yes,3,7.6,2,On-site,0.3,9614,Career Site,42,2024-04-08,1.0,OK,5,1,2.4
34,94597,No,Sales,615,3,Sales Coordinator,4,Yes,4,4.0,1,Hybrid,1.6,9615,University Recruiting,37,2022-09-27,1.0,OK,5,2,1.2
42,71516,No,News & Content,616,2,Reporter,3,No,4,1.0,2,Hybrid,1.0,9616,LinkedIn,25,2018-08-05,1.0,OK,2,0,2.0
21,67030,No,Engineering,617,3,IT Support,3,No,4,0.1,2,Hybrid,0.1,9617,Recruiter Sourced,41,2026-01-07,1.0,OK,0,0,0.0
30,90050,No,Sales,618,3,Sales Manager,4,Yes,3,5.6,4,On-site,0.4,9618,Recruiter Sourced,22,2024-01-21,1.0,OK,3,1,0.3333333333333333
44,70340,No,News & Content,619,4,Photojournalist,3,No,3,3.0,4,Remote,0.4,9619,University Recruiting,33,2023-04-25,1.0,OK,2,1,4.0
43,86570,No,Sales,620,3,Sales Coordinator,4,No,4,0.5,4,Hybrid,0.5,9620,Indeed,60,2019-04-04,1.0,OK,4,2,1.25
35,78861,No,News & Content,621,3,Producer,3,No,3,1.2,4,On-site,1.2,9621,Recruiter Sourced,28,2022-04-18,1.0,OK,4,1,3.75
26,40045,No,News & Content,622,3,Reporter,2,No,3,3.9,3,Hybrid,0.4,9622,University Recruiting,34,2018-12-05,1.0,OK,4,0,2.25
29,77258,No,Sales,623,4,Sales Manager,1,No,3,4.2,3,On-site,2.7,9623,Career Site,20,2022-09-22,1.0,OK,5,0,1.8
37,79485,No,News & Content,624,1,Reporter,3,No,4,2.0,1,Hybrid,0.9,9624,Career Site,42,2023-10-31,1.0,OK,8,1,4.125
53,83498,Yes,Engineering,625,2,Systems Engineer,3,Yes,3,0.7,2,On-site,0.3,9625,LinkedIn,23,2021-01-22,1.0,OK,2,0,0.5
34,60880,No,News & Content,626,3,Producer,3,Yes,3,8.9,2,On-site,2.3,9626,Career Site,37,2023-03-07,0.5454545454545454,REVIEW,3,0,0.6666666666666666
44,102375,Yes,News & Content,627,3,Producer,4,Yes,3,0.5,4,Remote,0.5,9627,University Recruiting,47,2021-01-21,1.0,OK,5,0,2.2
37,84356,No,Finance,628,2,Financial Analyst,1,No,2,3.4,3,On-site,0.2,9628,Career Site,30,2025-09-11,1.0,OK,8,0,2.875
33,78910,No,Sales,629,4,Sales Coordinator,3,Yes,4,4.7,1,Hybrid,4.7,9629,Indeed,41,2021-02-15,1.0,OK,6,1,2.1666666666666665
39,63172,No,News & Content,630,4,Reporter,3,No,3,0.9,2,On-site,0.9,9630,LinkedIn,38,2020-02-06,1.0,OK,0,0,0.0
59,101689,No,News & Content,631,3,News Director,3,Yes,4,11.8,4,Remote,1.0,9631,LinkedIn,47,2020-10-09,1.0,OK,3,0,0.6666666666666666
48,69742,No,Engineering,632,3,IT Support,4,Yes,3,1.7,3,On-site,1.2,9632,Career Site,41,2021-02-10,1.0,OK,6,2,2.3333333333333335
53,34000,Yes,News & Content,633,3,News Director,1,No,3,15.6,3,On-site,0.4,9633,Recruiter Sourced,50,2022-02-01,1.0,OK,9,0,3.111111111111111
43,100916,No,Sales,634,4,Sales Coordinator,4,No,3,4.1,2,On-site,4.1,9634,Employee Referral,30,2019-07-02,1.0,OK,1,0,2.0
33,77458,No,Sales,635,4,Sales Manager,4,No,4,4.1,2,Hybrid,2.3,9635,Indeed,17,2019-10-03,1.0,OK,2,1,0.0
38,69915,Yes,Engineering,636,2,IT Support,2,No,3,1.0,2,Hybrid,0.7,9636,Career Site,12,2020-09-30,1.0,OK,10,2,2.0
46,50542,Yes,News & Content,637,3,News Director,2,No,3,9.7,3,Hybrid,3.2,9637,LinkedIn,13,2018-09-06,1.0,OK,5,2,2.8
36,66875,No,Human Resources,638,1,HR Generalist,3,No,4,11.8,3,Hybrid,3.8,9638,LinkedIn,30,2023-07-18,1.0,OK,5,1,2.4
45,35580,No,News & Content,639,4,Editor,3,Yes,4,9.4,4,Remote,0.6,9639,Employee Referral,36,2022-09-03,1.0,OK,1,1,0.0
24,36768,No,Engineering,640,3,Systems Engineer,3,No,4,4.0,2,Hybrid,1.7,9640,Career Site,24,2020-03-18,1.0,OK,3,0,7.0
60,46586,No,News & Content,641,3,Editor,4,No,3,4.2,2,On-site,1.7,9641,Indeed,7,2021-05-12,0.5454545454545454,REVIEW,2,0,1.5
33,71984,No,Sales,642,3,Sales Coordinator,1,No,4,6.6,3,Hybrid,1.1,9642,Recruiter Sourced,25,2021-02-08,1.0,OK,0,0,0.0
37,56779,No,Finance,643,4,Finance Manager,3,Yes,4,3.6,2,On-site,3.6,9643,Indeed,28,2019-09-10,1.0,OK,6,2,1.3333333333333333
37,80213,Yes,Sales,644,1,Sales Coordinator,2,Yes,3,0.7,4,Hybrid,0.7,9644,LinkedIn,33,2024-03-12,1.0,OK,8,1,2.375
43,139483,Yes,News & Content,645,1,Photojournalist,4,Yes,2,0.1,2,Remote,0.1,9645,LinkedIn,52,2020-10-28,1.0,OK,6,1,2.1666666666666665
21,82633,No,News & Content,646,3,Producer,4,No,3,1.0,2,Hybrid,1.0,9646,Indeed,10,2020-07-08,1.0,OK,2,0,1.5
38,105865,No,Human Resources,647,3,HR Generalist,4,No,3,5.3,2,Hybrid,0.5,9647,Indeed,42,2019-02-17,1.0,OK,1,0,1.0
53,87428,No,Sales,648,3,Sales Manager,2,No,2,1.5,3,On-site,1.1,9648,Career Site,41,2023-06-19,1.0,OK,0,0,0.0
33,50175,No,News & Content,649,1,News Director,4,No,4,1.2,3,Hybrid,1.2,9649,University Recruiting,30,2021-04-08,1.0,OK,4,2,4.0
44,57531,No,Engineering,650,3,IT Support,4,Yes,3,2.0,4,On-site,2.0,9650,University Recruiting,39,2022-02-09,1.0,OK,2,0,3.5
34,80051,No,News & Content,651,2,Photojournalist,2,No,4,2.3,2,On-site,1.2,9651,Employee Referral,31,2019-08-08,1.0,OK,8,1,1.75
49,34000,Yes,Sales,652,1,Sales Manager,1,Yes,4,0.8,2,Hybrid,0.8,9652,Employee Referral,41,2022-04-29,1.0,OK,4,0,4.25
21,74106,Yes,News & Content,653,3,News Director,4,Yes,3,0.8,3,On-site,0.8,9653,LinkedIn,22,2023-12-18,1.0,OK,12,0,0.6666666666666666
22,34000,No,Sales,654,4,Account Executive,1,No,3,2.0,2,On-site,0.6,9654,LinkedIn,21,2019-05-29,1.0,OK,2,0,7.5
34,91670,No,Finance,655,3,Finance Manager,2,No,3,4.7,2,Hybrid,1.2,9655,Recruiter Sourced,9,2018-12-28,1.0,OK,4,0,3.75
38,86885,No,Finance,656,1,Financial Analyst,1,Yes,4,2.0,2,Hybrid,1.6,9656,Indeed,39,2021-12-21,1.0,OK,9,4,1.6666666666666667
33,71152,No,Sales,657,2,Account Executive,3,Yes,3,5.3,2,Hybrid,1.9,9657,Career Site,26,2019-12-28,1.0,OK,5,2,0.8
40,115687,No,News & Content,658,3,Editor,3,Yes,2,5.3,4,Remote,2.4,9658,Employee Referral,13,2023-04-30,1.0,OK,4,0,6.5
42,60065,No,Sales,659,4,Sales Coordinator,4,No,2,12.2,3,On-site,0.0,9659,Employee Referral,21,2023-04-21,1.0,OK,1,0,2.0
34,64178,Yes,News & Content,660,2,Editor,2,Yes,3,14.0,3,Remote,6.3,9660,Indeed,41,2025-04-01,1.0,OK,12,4,1.9166666666666667
54,109896,No,Engineering,661,3,Systems Engineer,3,No,4,4.6,4,On-site,3.3,9661,Career Site,36,2024-02-26,1.0,OK,0,0,0.0
29,99447,Yes,News & Content,662,3,News Director,1,Yes,3,2.6,4,On-site,2.0,9662,Employee Referral,21,2023-06-28,1.0,OK,9,3,2.5555555555555554
24,57107,No,Sales,663,3,Sales Coordinator,3,Yes,3,0.8,3,On-site,0.8,9663,University Recruiting,52,2021-01-21,1.0,OK,2,0,1.0
30,48095,No,Engineering,664,4,Systems Engineer,4,No,3,7.5,3,Hybrid,1.1,9664,Indeed,33,2025-02-05,1.0,OK,6,0,2.5
49,34000,No,Engineering,665,4,Broadcast Engineer,3,No,2,8.6,2,Hybrid,1.3,9665,Employee Referral,40,2024-04-06,1.0,OK,3,0,1.3333333333333333
55,125784,No,Human Resources,666,3,HR Manager,3,Yes,3,2.5,2,Hybrid,2.5,9666,Indeed,35,2023-12-05,1.0,OK,3,0,3.3333333333333335
45,107126,No,News & Content,667,1,Photojournalist,3,No,3,4.6,3,Hybrid,4.6,9667,Recruiter Sourced,30,2022-10-29,1.0,OK,2,0,3.5
31,36591,Yes,News & Content,668,1,News Director,4,No,3,1.6,4,On-site,1.6,9668,Employee Referral,39,2026-05-08,1.0,OK,2,0,2.5
21,94004,Yes,News & Content,669,4,Producer,1,No,4,0.8,4,On-site,0.8,9669,Indeed,48,2024-08-09,1.0,OK,3,0,3.3333333333333335
51,89730,No,News & Content,670,2,Editor,3,No,3,4.8,3,Remote,1.8,9670,Recruiter Sourced,30,2022-04-14,1.0,OK,6,0,3.8333333333333335
28,49100,No,News & Content,671,3,Reporter,1,No,3,3.7,3,Remote,2.7,9671,LinkedIn,43,2019-08-13,1.0,OK,2,0,1.0
27,158655,No,News & Content,672,4,News Director,3,No,4,4.9,4,Remote,0.3,9672,LinkedIn,24,2025-01-23,1.0,OK,2,0,2.0
34,86452,Yes,News & Content,673,4,Photojournalist,2,No,3,1.1,4,Hybrid,1.1,9673,Recruiter Sourced,57,2025-12-01,1.0,OK,7,1,2.857142857142857
21,75024,No,Sales,674,3,Account Executive,1,No,2,1.0,4,Remote,1.0,9674,Employee Referral,23,2022-04-22,1.0,OK,3,1,0.6666666666666666
21,61847,Yes,Human Resources,675,2,HR Manager,2,No,3,1.0,3,On-site,0.6,9675,Indeed,62,2022-03-16,1.0,OK,6,2,2.1666666666666665
30,96192,No,Human Resources,676,3,HR Generalist,4,No,3,0.6,4,On-site,0.4,9676,Employee Referral,17,2024-01-14,1.0,OK,1,1,1.0
34,110147,Yes,News & Content,677,4,Producer,2,Yes,3,3.1,4,Hybrid,0.1,9677,Career Site,29,2024-03-29,1.0,OK,4,0,0.5
26,99853,No,News & Content,678,4,Reporter,4,No,4,2.3,3,On-site,2.3,9678,Employee Referral,39,2022-04-13,1.0,OK,1,0,3.0
21,76391,No,News & Content,679,3,News Director,3,No,3,1.0,3,On-site,1.0,9679,Employee Referral,49,2020-05-31,1.0,OK,3,0,4.0
43,51470,No,Human Resources,680,4,HR Generalist,4,No,3,2.5,2,On-site,2.5,9680,Indeed,55,2020-05-07,1.0,OK,1,1,1.0
26,50350,No,News & Content,681,4,Photojournalist,1,Yes,3,3.7,3,Hybrid,1.5,9681,Employee Referral,52,2025-06-13,1.0,OK,10,1,2.2
34,48092,No,Sales,682,4,Sales Manager,2,Yes,3,8.7,3,On-site,1.2,9682,Indeed,12,2023-06-30,1.0,OK,1,0,7.0
40,71471,Yes,News & Content,683,4,Reporter,2,No,4,1.2,4,Hybrid,1.2,9683,University Recruiting,39,2025-11-11,1.0,OK,5,0,3.8
33,99661,No,News & Content,684,4,Editor,1,No,3,3.2,3,Remote,0.4,9684,LinkedIn,23,2021-09-11,0.5454545454545454,REVIEW,12,5,3.3333333333333335
51,79261,No,News & Content,685,3,Photojournalist,3,No,3,0.1,2,Hybrid,0.1,9685,LinkedIn,46,2024-02-27,1.0,OK,4,0,3.5
45,67485,No,News & Content,686,3,News Director,4,No,4,10.3,4,Hybrid,0.3,9686,University Recruiting,48,2023-11-18,1.0,OK,11,0,2.090909090909091
41,42829,No,Human Resources,687,3,HR Generalist,1,No,3,1.9,1,On-site,1.6,9687,Employee Referral,37,2024-11-13,1.0,OK,3,0,0.3333333333333333
35,75422,No,Sales,688,2,Sales Manager,2,No,3,1.7,4,Hybrid,0.6,9688,Indeed,27,2025-08-14,1.0,OK,8,0,2.375
34,113465,No,Sales,689,4,Sales Coordinator,2,No,3,1.8,4,On-site,1.8,9689,LinkedIn,19,2022-03-09,1.0,OK,4,1,4.0
45,36955,Yes,Sales,690,1,Sales Manager,3,No,3,5.7,1,On-site,5.7,9690,LinkedIn,24,2018-10-20,1.0,OK,4,0,2.25
49,83427,No,Engineering,691,3,Broadcast Engineer,2,No,4,2.3,3,Remote,1.8,9691,Employee Referral,24,2022-05-12,1.0,OK,3,0,0.6666666666666666
41,105899,No,Finance,692,4,Financial Analyst,3,Yes,3,1.4,2,On-site,1.4,9692,Recruiter Sourced,34,2021-05-15,1.0,OK,2,0,1.5
42,121157,No,Sales,693,3,Sales Manager,3,No,3,10.6,4,Hybrid,1.0,9693,Employee Referral,47,2022-04-01,1.0,OK,3,1,3.0
37,62596,No,News & Content,694,3,Producer,4,No,3,17.0,3,On-site,1.7,9694,Career Site,35,2019-12-05,1.0,OK,2,0,3.5
57,59554,No,Human Resources,695,4,HR Manager,4,No,4,3.5,1,Hybrid,3.1,9695,Indeed,18,2024-09-13,1.0,OK,3,0,3.0
34,63149,No,Sales,696,3,Account Executive,4,No,3,7.0,3,On-site,1.2,9696,Career Site,17,2023-05-25,1.0,OK,1,0,4.0
43,88666,Yes,News & Content,697,2,Reporter,4,No,3,3.9,1,Hybrid,0.2,9697,University Recruiting,43,2019-07-31,1.0,OK,7,0,2.142857142857143
35,57868,No,News & Content,698,4,Producer,4,No,3,0.9,3,Hybrid,0.2,9698,Career Site,59,2019-05-20,1.0,OK,4,0,0.75
47,50118,No,Sales,699,3,Sales Manager,1,Yes,2,3.5,3,On-site,3.5,9699,LinkedIn,35,2025-02-05,1.0,OK,5,1,0.4
36,104536,Yes,News & Content,700,3,News Director,1,No,3,0.8,1,Hybrid,0.7,9700,University Recruiting,25,2024-12-07,1.0,OK,2,0,0.5
22,111579,No,Finance,701,4,Finance Manager,1,No,3,2.0,3,Remote,0.1,9701,Employee Referral,21,2021-03-02,1.0,OK,3,0,2.0
25,47748,No,Finance,702,3,Financial Analyst,2,No,4,3.9,3,On-site,0.2,9702,Indeed,42,2023-10-03,1.0,OK,6,1,0.8333333333333334
40,77757,Yes,News & Content,703,3,Reporter,3,No,3,1.5,1,Remote,1.5,9703,Employee Referral,54,2024-11-24,1.0,OK,6,3,1.5
32,34000,Yes,News & Content,704,3,News Director,3,Yes,3,3.0,4,Remote,3.0,9704,LinkedIn,30,2022-10-27,1.0,OK,2,1,1.5
52,44329,Yes,Engineering,705,1,Broadcast Engineer,2,Yes,2,5.0,4,On-site,0.2,9705,Career Site,27,2021-10-07,1.0,OK,11,0,2.6363636363636362
38,79365,Yes,News & Content,706,2,Photojournalist,3,No,2,0.8,1,Remote,0.8,9706,Employee Referral,15,2021-11-13,1.0,OK,3,0,4.666666666666667
31,34000,No,Finance,707,2,Financial Analyst,3,No,2,0.4,2,Hybrid,0.4,9707,University Recruiting,34,2023-07-12,1.0,OK,2,0,1.0
42,34000,No,News & Content,708,4,Reporter,3,Yes,4,3.4,3,On-site,1.4,9708,Recruiter Sourced,44,2022-12-11,1.0,OK,11,0,2.090909090909091
33,56188,No,Finance,709,3,Financial Analyst,1,No,2,1.2,3,On-site,0.2,9709,Indeed,24,2026-05-08,1.0,OK,5,1,3.6
31,35683,No,Sales,710,1,Sales Coordinator,4,No,4,2.3,3,On-site,0.8,9710,Career Site,36,2021-08-18,1.0,OK,5,3,2.8
57,73302,No,News & Content,711,1,News Director,4,No,3,4.0,3,Hybrid,1.0,9711,Employee Referral,40,2021-04-14,1.0,OK,5,1,4.2
47,60494,No,Engineering,712,3,Systems Engineer,4,Yes,3,9.2,3,Remote,0.6,9712,Career Site,41,2025-01-26,1.0,OK,7,0,3.857142857142857
34,37700,No,News & Content,713,3,Editor,4,No,3,2.0,2,On-site,1.1,9713,Employee Referral,20,2023-04-15,1.0,OK,3,1,2.0
37,113410,No,Sales,714,3,Account Executive,2,No,3,10.8,3,On-site,0.1,9714,LinkedIn,22,2024-10-31,1.0,OK,4,0,1.25
41,65467,No,Engineering,715,4,Broadcast Engineer,4,No,3,0.5,3,On-site,0.5,9715,Employee Referral,35,2022-01-16,1.0,OK,2,0,0.5
31,62994,No,Human Resources,716,4,HR Generalist,2,No,3,3.7,4,Remote,2.6,9716,LinkedIn,43,2024-11-09,1.0,OK,8,1,2.875
34,70632,No,Sales,717,2,Account Executive,3,No,3,3.0,2,Hybrid,2.5,9717,LinkedIn,62,2022-12-01,1.0,OK,5,1,1.8
41,75045,No,News & Content,718,4,News Director,3,No,3,1.3,2,On-site,1.3,9718,Indeed,19,2020-06-13,1.0,OK,4,0,5.5
28,78906,No,Sales,719,3,Account Executive,3,No,3,0.3,3,Hybrid,0.3,9719,Recruiter Sourced,37,2023-11-11,1.0,OK,1,0,6.0
21,34000,Yes,Sales,720,1,Sales Manager,4,Yes,3,1.0,4,On-site,1.0,9720,Recruiter Sourced,33,2019-03-08,1.0,OK,3,0,1.3333333333333333
21,38936,No,Sales,721,3,Account Executive,3,No,3,1.0,2,Hybrid,1.0,9721,Employee Referral,28,2026-01-02,1.0,OK,1,1,0.0
28,71998,No,Engineering,722,2,Broadcast Engineer,2,No,3,3.1,3,On-site,0.3,9722,Recruiter Sourced,49,2023-02-25,1.0,OK,2,0,2.5
43,49445,No,Human Resources,723,4,HR Generalist,3,Yes,4,6.6,4,On-site,6.6,9723,Recruiter Sourced,41,2022-06-14,1.0,OK,3,0,0.6666666666666666
36,96878,No,Sales,724,4,Sales Coordinator,3,No,3,8.3,3,On-site,1.1,9724,LinkedIn,41,2023-04-19,1.0,OK,0,0,0.0
42,99933,No,News & Content,725,3,Producer,4,No,3,1.9,4,Hybrid,1.9,9725,Employee Referral,18,2022-04-06,1.0,OK,9,1,1.6666666666666667
38,81316,No,Sales,726,2,Sales Manager,4,No,3,18.0,4,Hybrid,4.8,9726,Career Site,29,2022-12-31,1.0,OK,2,0,1.0
43,53519,No,Engineering,727,3,IT Support,2,No,4,1.9,4,On-site,1.7,9727,LinkedIn,34,2025-02-18,1.0,OK,4,0,4.0
51,106808,Yes,News & Content,728,1,Reporter,1,No,2,2.5,1,Hybrid,1.9,9728,Recruiter Sourced,36,2019-12-20,1.0,OK,8,1,3.375
40,89224,No,Human Resources,729,4,HR Manager,4,Yes,3,2.4,2,Hybrid,2.4,9729,Employee Referral,66,2026-03-17,1.0,OK,5,0,4.6
51,66684,Yes,Finance,730,2,Finance Manager,1,No,3,1.4,4,On-site,0.0,9730,Career Site,30,2019-02-12,1.0,OK,6,1,1.8333333333333333
46,103752,No,News & Content,731,4,Photojournalist,3,No,3,1.0,3,On-site,1.0,9731,Employee Referral,7,2019-06-06,1.0,OK,5,0,3.0
28,105981,No,Engineering,732,4,IT Support,4,Yes,2,7.0,4,On-site,2.1,9732,Employee Referral,34,2025-01-26,1.0,OK,5,1,3.6
39,54141,No,Finance,733,1,Accountant,3,No,4,8.9,3,Hybrid,0.4,9733,LinkedIn,40,2024-09-23,1.0,OK,3,0,3.6666666666666665
34,34000,Yes,Finance,734,3,Finance Manager,2,Yes,3,1.5,1,Hybrid,1.0,9734,LinkedIn,34,2021-08-04,1.0,OK,4,0,2.0
43,73907,Yes,News & Content,735,3,Reporter,4,Yes,3,1.1,2,On-site,1.1,9735,LinkedIn,7,2022-07-07,1.0,OK,6,1,4.333333333333333
44,70352,No,Finance,736,3,Financial Analyst,2,No,2,5.1,4,On-site,4.1,9736,Employee Referral,37,2023-11-04,1.0,OK,7,3,1.7142857142857142
28,133420,Yes,Sales,737,2,Sales Coordinator,1,No,4,8.0,1,Hybrid,0.7,9737,Career Site,41,2019-04-14,1.0,OK,9,1,2.5555555555555554
61,53781,No,Sales,738,3,Sales Manager,3,No,2,34.3,4,On-site,6.1,9738,Career Site,17,2025-02-04,1.0,OK,1,1,2.0
29,38881,Yes,News & Content,739,3,News Director,3,No,3,1.4,3,On-site,1.1,9739,Employee Referral,25,2025-08-28,1.0,OK,4,0,0.5
30,86817,No,Human Resources,740,3,HR Generalist,1,No,3,7.1,4,On-site,0.4,9740,University Recruiting,33,2025-10-14,1.0,OK,1,1,0.0
24,65314,No,News & Content,741,4,Editor,4,No,3,3.0,3,Remote,2.0,9741,Employee Referral,26,2023-08-25,1.0,OK,4,0,0.75
48,71382,No,News & Content,742,4,Producer,4,No,3,3.9,2,Hybrid,1.3,9742,Employee Referral,28,2018-07-24,1.0,OK,2,0,6.5
41,39131,No,Human Resources,743,1,HR Manager,4,No,4,2.9,3,Hybrid,2.9,9743,LinkedIn,37,2019-09-25,1.0,OK,4,2,2.25
43,34000,No,News & Content,744,3,Editor,4,No,2,2.4,4,On-site,2.0,9744,Employee Referral,25,2019-10-03,1.0,OK,0,0,0.0
41,93492,No,Human Resources,745,4,HR Generalist,1,No,3,5.0,4,Remote,2.4,9745,Indeed,14,2022-10-23,1.0,OK,5,0,2.0
21,56136,Yes,Sales,746,3,Account Executive,1,No,4,1.0,1,Hybrid,1.0,9746,Indeed,45,2021-09-05,1.0,OK,10,1,4.2
21,139725,Yes,News & Content,747,3,News Director,4,Yes,3,1.0,2,On-site,0.1,9747,Indeed,20,2023-03-08,1.0,OK,3,0,5.0
28,64934,No,News & Content,748,3,Photojournalist,1,No,4,6.1,3,On-site,0.7,9748,Recruiter Sourced,31,2020-02-15,1.0,OK,4,0,1.25
52,58484,Yes,News & Content,749,2,Producer,2,No,3,1.2,3,Hybrid,1.2,9749,LinkedIn,27,2024-01-05,1.0,OK,8,0,2.375
46,44339,Yes,Sales,750,3,Sales Coordinator,2,Yes,2,4.3,2,Hybrid,0.7,9750,LinkedIn,18,2021-02-03,1.0,OK,7,1,1.4285714285714286
30,78203,Yes,News & Content,751,2,Reporter,1,No,4,6.3,4,Hybrid,0.2,9751,Recruiter Sourced,45,2023-02-14,1.0,OK,5,0,2.6
48,52191,Yes,News & Content,752,1,Reporter,1,No,3,1.2,2,On-site,1.2,9752,Employee Referral,43,2025-11-12,1.0,OK,3,0,1.0
54,34261,No,News & Content,753,3,Photojournalist,4,No,3,6.8,4,On-site,4.8,9753,LinkedIn,28,2020-12-29,1.0,OK,4,1,4.25
33,109850,No,Sales,754,3,Account Executive,4,Yes,3,0.6,3,On-site,0.6,9754,Employee Referral,33,2026-02-08,1.0,OK,4,2,1.5
26,73677,No,Engineering,755,2,Broadcast Engineer,2,No,3,3.2,1,Hybrid,1.2,9755,Career Site,35,2022-01-14,1.0,OK,2,0,0.5
57,35905,Yes,News & Content,756,3,News Director,1,Yes,3,0.7,3,Remote,0.7,9756,Employee Referral,19,2026-06-03,1.0,OK,10,3,2.3
45,116004,No,News & Content,757,3,Editor,4,No,3,1.1,4,Hybrid,1.1,9757,Employee Referral,21,2021-04-24,1.0,OK,6,1,2.8333333333333335
38,36390,Yes,News & Content,758,2,Reporter,4,Yes,4,10.0,2,Hybrid,4.6,9758,Indeed,33,2019-04-10,1.0,OK,6,0,1.0
32,87862,Yes,News & Content,759,2,Producer,3,No,3,1.4,4,Hybrid,1.4,9759,LinkedIn,18,2018-08-16,1.0,OK,5,1,6.0
33,34000,Yes,Sales,760,4,Sales Manager,2,No,2,1.1,2,Hybrid,1.1,9760,LinkedIn,33,2026-06-14,1.0,OK,5,0,1.2
26,92454,No,Sales,761,2,Account Executive,2,No,3,6.0,2,Remote,1.6,9761,Career Site,7,2021-10-17,1.0,OK,4,0,0.25
32,137051,No,News & Content,762,3,Editor,4,No,4,12.0,3,Hybrid,1.0,9762,LinkedIn,28,2019-07-31,1.0,OK,0,0,0.0
29,86339,No,Sales,763,1,Account Executive,3,No,3,9.0,3,Hybrid,1.9,9763,LinkedIn,37,2020-11-29,1.0,OK,3,0,3.3333333333333335
52,96612,No,Sales,764,2,Sales Manager,4,No,3,8.4,4,Remote,8.2,9764,University Recruiting,36,2021-07-06,1.0,OK,13,1,1.6923076923076923
53,34000,Yes,Sales,765,3,Sales Coordinator,4,Yes,3,0.4,4,Remote,0.4,9765,Career Site,48,2022-12-13,1.0,OK,1,0,1.0
21,79385,No,News & Content,766,4,News Director,2,No,4,1.0,2,On-site,0.9,9766,LinkedIn,19,2018-12-26,1.0,OK,1,0,2.0
43,79857,No,News & Content,767,4,Producer,3,No,3,2.6,3,On-site,1.9,9767,Employee Referral,32,2024-03-09,1.0,OK,4,1,1.5
50,55747,No,Sales,768,3,Sales Manager,4,No,3,4.8,1,On-site,1.1,9768,Indeed,45,2025-02-15,1.0,OK,4,2,3.0
54,114793,No,News & Content,769,3,News Director,4,No,3,2.0,3,Hybrid,1.5,9769,Career Site,37,2021-06-07,1.0,OK,1,0,0.0
44,63215,No,Engineering,770,4,Systems Engineer,4,No,3,1.3,4,Hybrid,1.3,9770,Indeed,44,2025-06-13,1.0,OK,4,1,3.75
28,34000,No,Sales,771,2,Sales Manager,3,No,3,2.5,4,On-site,1.1,9771,Employee Referral,18,2025-06-26,1.0,OK,4,1,1.25
50,89088,No,Sales,772,2,Sales Coordinator,1,No,3,9.0,2,Hybrid,1.1,9772,Career Site,34,2020-06-10,1.0,OK,8,0,2.5
21,99074,Yes,News & Content,773,2,Editor,4,Yes,3,1.0,4,On-site,1.0,9773,Indeed,31,2024-03-05,1.0,OK,3,0,3.3333333333333335
59,38473,No,Finance,774,4,Accountant,2,No,3,6.0,4,On-site,0.9,9774,Employee Referral,35,2021-09-18,1.0,OK,7,2,2.2857142857142856
35,128287,No,Sales,775,4,Account Executive,4,No,3,15.0,4,On-site,3.7,9775,Career Site,23,2021-02-07,1.0,OK,3,1,3.6666666666666665
37,125749,Yes,News & Content,776,2,Photojournalist,4,Yes,3,2.8,2,Hybrid,1.3,9776,LinkedIn,50,2021-08-15,1.0,OK,7,1,2.142857142857143
46,69716,No,News & Content,777,4,Editor,3,No,3,1.8,4,On-site,0.6,9777,LinkedIn,42,2021-08-11,1.0,OK,0,0,0.0
40,84249,No,Engineering,778,2,Systems Engineer,4,No,3,3.4,3,Hybrid,1.4,9778,Employee Referral,49,2022-12-02,1.0,OK,1,0,2.0
29,103797,No,Sales,779,3,Sales Manager,3,No,3,7.2,3,Hybrid,0.7,9779,Employee Referral,37,2023-11-10,1.0,OK,3,1,1.3333333333333333
21,102901,Yes,News & Content,780,4,Producer,2,No,3,1.0,3,Hybrid,0.2,9780,Career Site,24,2022-05-11,1.0,OK,5,0,3.0
39,55443,No,Engineering,781,1,Systems Engineer,2,No,3,2.5,3,Hybrid,0.2,9781,Employee Referral,41,2020-01-24,1.0,OK,9,1,2.5555555555555554
39,48891,No,News & Content,782,3,Photojournalist,3,No,3,9.0,3,On-site,3.0,9782,LinkedIn,51,2021-08-20,1.0,OK,2,0,8.0
45,84918,No,Engineering,783,3,IT Support,4,No,3,2.6,3,Remote,0.8,9783,Employee Referral,37,2025-12-15,1.0,OK,1,0,2.0
50,64777,Yes,Finance,784,2,Financial Analyst,2,No,3,0.1,2,Hybrid,0.1,9784,Career Site,21,2025-04-12,1.0,OK,4,1,2.5
42,93572,No,News & Content,785,1,Producer,3,Yes,3,3.6,3,Remote,0.5,9785,Career Site,26,2019-10-17,1.0,OK,2,0,7.5
33,77069,No,News & Content,786,4,Photojournalist,3,Yes,4,10.0,3,Hybrid,5.3,9786,University Recruiting,34,2026-07-16,1.0,OK,4,0,4.5
46,78459,No,Sales,787,4,Sales Manager,3,Yes,3,14.8,3,Hybrid,1.6,9787,Recruiter Sourced,52,2023-12-02,1.0,OK,5,2,3.6
25,76587,No,News & Content,788,2,News Director,4,No,3,5.0,3,On-site,0.7,9788,Career Site,57,2019-08-20,1.0,OK,4,2,1.25
42,77098,No,News & Content,789,3,News Director,4,No,3,7.9,3,On-site,1.2,9789,Recruiter Sourced,22,2019-02-18,1.0,OK,3,1,1.6666666666666667
63,54900,No,Sales,790,2,Account Executive,3,No,3,3.2,1,Hybrid,1.4,9790,LinkedIn,38,2018-09-07,1.0,OK,6,0,4.333333333333333
40,98424,Yes,Sales,791,3,Sales Coordinator,2,Yes,3,0.9,4,On-site,0.9,9791,University Recruiting,26,2024-04-30,1.0,OK,4,0,2.25
37,62706,No,Engineering,792,4,Systems Engineer,4,Yes,3,0.2,1,On-site,0.2,9792,LinkedIn,17,2022-06-15,1.0,OK,6,0,1.6666666666666667
39,48166,No,Sales,793,3,Sales Coordinator,3,No,4,4.4,2,Hybrid,0.7,9793,LinkedIn,41,2022-01-20,1.0,OK,0,0,0.0
31,73475,No,Sales,794,3,Sales Manager,4,No,3,5.1,3,Hybrid,1.3,9794,Employee Referral,35,2026-06-25,1.0,OK,1,0,2.0
27,80653,No,News & Content,795,3,Photojournalist,4,Yes,3,7.0,4,Hybrid,1.5,9795,Employee Referral,36,2019-03-28,1.0,OK,4,0,4.75
31,34000,Yes,Sales,796,2,Sales Coordinator,4,No,2,0.9,4,On-site,0.9,9796,Career Site,31,2023-09-12,1.0,OK,5,0,3.6
36,73301,No,News & Content,797,2,Photojournalist,4,No,3,2.4,4,Hybrid,1.9,9797,LinkedIn,37,2021-11-20,1.0,OK,7,0,2.857142857142857
62,62910,No,News & Content,798,4,Photojournalist,3,No,3,0.1,2,Hybrid,0.1,9798,Recruiter Sourced,37,2022-03-17,1.0,OK,1,0,5.0
33,78488,No,News & Content,799,4,Editor,1,No,3,1.1,3,On-site,0.9,9799,Recruiter Sourced,44,2024-11-14,1.0,OK,8,0,2.25
27,64447,No,News & Content,800,1,News Director,4,No,3,6.5,4,On-site,0.2,9800,LinkedIn,23,2023-05-25,1.0,OK,3,0,1.6666666666666667
30,102391,No,Engineering,801,2,Systems Engineer,2,No,3,2.0,4,Hybrid,0.4,9801,Recruiter Sourced,45,2021-12-18,1.0,OK,6,0,3.8333333333333335
41,73701,Yes,News & Content,802,4,News Director,1,No,3,0.6,4,On-site,0.6,9802,Career Site,43,2019-12-31,1.0,OK,5,1,2.0
21,108564,Yes,Sales,803,3,Sales Manager,1,No,2,1.0,4,On-site,1.0,9803,Employee Referral,38,2022-08-20,1.0,OK,2,0,1.0
49,112439,No,Finance,804,2,Finance Manager,4,No,3,3.1,3,Hybrid,0.3,9804,University Recruiting,34,2022-12-23,1.0,OK,2,0,4.5
41,50842,No,Finance,805,2,Financial Analyst,4,No,3,2.5,2,Hybrid,2.5,9805,Employee Referral,32,2022-02-28,1.0,OK,2,1,0.5
46,52411,No,Sales,806,3,Account Executive,3,No,3,3.5,3,Hybrid,0.1,9806,Career Site,32,2021-05-27,1.0,OK,2,0,3.5
43,46292,No,Sales,807,3,Account Executive,3,No,4,8.3,2,Hybrid,0.3,9807,Recruiter Sourced,34,2020-01-17,1.0,OK,4,0,1.5
58,84230,No,Engineering,808,2,Systems Engineer,4,No,3,1.6,2,On-site,1.6,9808,Recruiter Sourced,14,2023-05-25,1.0,OK,2,0,0.5
37,44615,No,News & Content,809,4,News Director,2,No,3,4.2,3,On-site,0.1,9809,Career Site,63,2023-03-08,1.0,OK,8,2,1.75
49,34000,Yes,News & Content,810,1,Editor,4,No,2,1.3,3,On-site,1.3,9810,Indeed,47,2025-05-02,1.0,OK,9,1,1.1111111111111112
33,101463,No,News & Content,811,3,Reporter,4,No,2,10.6,2,Remote,0.5,9811,LinkedIn,57,2020-06-14,1.0,OK,3,1,2.6666666666666665
34,34000,No,News & Content,812,2,Photojournalist,4,No,3,3.3,2,On-site,2.4,9812,Recruiter Sourced,42,2022-07-29,1.0,OK,5,0,3.2
34,92342,No,Finance,813,4,Finance Manager,2,No,3,5.5,3,Remote,1.1,9813,Indeed,25,2021-11-05,1.0,OK,2,0,2.5
27,101515,No,Sales,814,4,Sales Manager,3,No,3,4.9,3,Hybrid,2.6,9814,LinkedIn,40,2022-12-05,1.0,OK,1,0,2.0
41,157447,Yes,News & Content,815,2,News Director,3,No,2,1.1,4,On-site,1.1,9815,Employee Referral,44,2021-06-30,1.0,OK,7,0,2.142857142857143
47,86294,No,News & Content,816,4,Photojournalist,3,Yes,3,11.6,3,Hybrid,5.2,9816,University Recruiting,21,2026-05-21,1.0,OK,4,0,3.25
29,69891,Yes,News & Content,817,2,Producer,3,No,2,5.5,1,On-site,0.2,9817,Employee Referral,50,2023-02-08,1.0,OK,7,1,1.0
60,85236,No,Sales,818,3,Sales Manager,4,Yes,3,3.8,3,On-site,1.1,9818,Employee Referral,28,2024-03-13,1.0,OK,2,1,0.5
49,75316,No,Sales,819,3,Account Executive,3,Yes,3,0.6,3,On-site,0.6,9819,Indeed,43,2019-06-19,1.0,OK,2,0,4.0
28,68126,No,Sales,820,3,Sales Coordinator,3,No,2,0.4,2,On-site,0.4,9820,Employee Referral,52,2022-05-31,1.0,OK,1,0,7.0
54,81043,Yes,News & Content,821,2,News Director,1,No,3,1.1,3,Hybrid,1.1,9821,LinkedIn,37,2024-01-31,1.0,OK,7,0,2.857142857142857
40,61944,No,Engineering,822,4,Broadcast Engineer,2,No,3,13.7,4,Remote,10.0,9822,Employee Referral,52,2019-09-12,1.0,OK,3,0,0.6666666666666666
55,38795,No,Engineering,823,3,Broadcast Engineer,4,No,3,0.1,3,On-site,0.1,9823,Career Site,15,2024-05-29,1.0,OK,4,0,2.0
50,49934,No,Finance,824,3,Financial Analyst,3,No,3,2.6,1,On-site,2.6,9824,Employee Referral,19,2026-06-06,1.0,OK,3,1,0.0
41,88826,No,Engineering,825,3,Systems Engineer,4,Yes,3,13.4,3,Hybrid,2.4,9825,LinkedIn,23,2026-06-06,1.0,OK,4,0,2.0
41,34000,No,Sales,826,4,Sales Coordinator,3,No,3,8.9,2,Hybrid,0.4,9826,Career Site,7,2024-10-15,1.0,OK,0,0,0.0
21,71391,Yes,Sales,827,1,Sales Coordinator,2,No,3,1.0,3,On-site,1.0,9827,Recruiter Sourced,11,2022-04-12,1.0,OK,11,1,3.3636363636363638
51,64485,No,News & Content,828,4,Editor,4,No,4,17.0,4,On-site,2.4,9828,LinkedIn,52,2019-03-09,1.0,OK,0,0,0.0
45,86340,Yes,News & Content,829,3,Producer,1,No,3,1.9,2,On-site,1.9,9829,Career Site,49,2025-09-05,1.0,OK,5,0,4.8
40,52213,No,Engineering,830,3,Broadcast Engineer,1,No,2,6.3,2,Hybrid,2.4,9830,Employee Referral,26,2019-04-08,1.0,OK,6,0,1.5
36,54701,No,Sales,831,3,Account Executive,2,No,3,12.1,2,On-site,2.6,9831,Indeed,62,2022-05-04,1.0,OK,1,0,0.0
54,39588,Yes,News & Content,832,3,Producer,3,No,3,0.5,4,Remote,0.5,9832,Employee Referral,30,2024-06-29,1.0,OK,3,1,5.333333333333333
26,91717,No,Sales,833,3,Sales Coordinator,4,No,4,1.7,3,Hybrid,1.7,9833,Indeed,58,2026-03-30,1.0,OK,2,0,1.0
48,77209,Yes,Engineering,834,2,Broadcast Engineer,2,Yes,3,0.2,3,Remote,0.2,9834,Indeed,58,2019-03-09,1.0,OK,8,1,2.375
39,48095,Yes,News & Content,835,2,Photojournalist,1,No,3,0.5,2,On-site,0.5,9835,Career Site,25,2023-08-18,1.0,OK,7,3,2.4285714285714284
21,34000,Yes,Human Resources,836,2,HR Manager,4,No,3,1.0,2,On-site,0.8,9836,Recruiter Sourced,44,2024-12-11,1.0,OK,4,0,1.0
46,109210,No,Sales,837,4,Sales Manager,2,No,3,1.5,4,On-site,1.5,9837,Indeed,48,2021-01-22,1.0,OK,6,0,2.1666666666666665
45,86235,Yes,News & Content,838,3,Photojournalist,1,No,3,4.6,1,Hybrid,2.2,9838,Career Site,25,2018-12-25,1.0,OK,7,3,4.285714285714286
36,77175,No,Sales,839,2,Sales Manager,4,No,4,9.8,3,On-site,0.4,9839,Career Site,7,2021-04-22,1.0,OK,0,0,0.0
34,43321,No,News & Content,840,4,News Director,3,No,4,7.3,3,On-site,0.5,9840,Employee Referral,44,2024-10-14,1.0,OK,4,3,4.75
39,78427,No,News & Content,841,3,News Director,4,No,3,4.0,4,On-site,0.6,9841,LinkedIn,23,2022-04-24,1.0,OK,2,1,3.5
31,77448,No,News & Content,842,4,News Director,4,No,2,1.4,3,Hybrid,1.1,9842,Employee Referral,32,2022-08-30,1.0,OK,0,0,0.0
37,74845,Yes,News & Content,843,3,Photojournalist,2,No,3,0.1,3,Hybrid,0.1,9843,Indeed,36,2022-04-25,1.0,OK,2,0,1.0
21,66353,No,Sales,844,4,Sales Manager,4,No,4,1.0,2,Hybrid,0.2,9844,LinkedIn,41,2024-06-06,1.0,OK,2,0,0.5
36,90644,No,Sales,845,4,Sales Coordinator,3,No,4,6.4,2,On-site,1.7,9845,Indeed,29,2021-12-05,1.0,OK,4,1,5.0
31,101052,No,Sales,846,4,Account Executive,1,No,3,2.7,3,Remote,1.2,9846,LinkedIn,37,2026-03-30,1.0,OK,5,1,2.0
22,78865,No,Sales,847,4,Sales Manager,3,No,4,2.0,4,On-site,0.0,9847,Recruiter Sourced,49,2024-12-11,1.0,OK,1,0,1.0
38,67121,No,News & Content,848,2,News Director,3,No,3,2.0,3,Remote,1.1,9848,Indeed,8,2020-11-15,1.0,OK,5,2,2.8
27,90713,No,News & Content,849,2,Photojournalist,1,No,3,7.0,4,Hybrid,2.7,9849,Employee Referral,15,2018-11-04,1.0,OK,6,0,0.8333333333333334
49,65062,No,Engineering,850,4,IT Support,3,Yes,4,2.4,3,Hybrid,1.9,9850,Employee Referral,18,2025-12-10,1.0,OK,3,0,0.3333333333333333
51,60685,No,News & Content,851,1,Producer,3,No,3,3.6,3,Remote,3.6,9851,Employee Referral,27,2024-07-21,1.0,OK,7,1,2.0
50,59205,No,News & Content,852,1,Reporter,2,No,3,9.7,3,Hybrid,1.1,9852,Indeed,44,2024-05-17,1.0,OK,6,0,1.8333333333333333
53,51246,No,News & Content,853,4,News Director,4,No,3,3.2,3,Remote,0.6,9853,LinkedIn,47,2023-01-26,1.0,OK,3,0,2.0
34,72400,Yes,News & Content,854,4,Editor,3,Yes,3,8.6,4,Hybrid,3.7,9854,Recruiter Sourced,31,2019-01-19,1.0,OK,3,0,1.3333333333333333
38,90514,No,News & Content,855,4,Photojournalist,2,No,3,13.8,4,Hybrid,2.1,9855,Employee Referral,31,2022-05-06,1.0,OK,3,1,2.6666666666666665
39,100960,No,Engineering,856,4,Broadcast Engineer,2,No,3,1.9,4,On-site,1.9,9856,LinkedIn,52,2019-11-30,1.0,OK,5,0,3.4
44,78501,No,Finance,857,1,Accountant,4,No,3,5.1,2,Hybrid,2.8,9857,Employee Referral,36,2018-12-21,1.0,OK,4,1,2.0
36,65581,No,Engineering,858,4,Broadcast Engineer,4,Yes,3,14.7,2,Remote,2.7,9858,Indeed,29,2026-06-25,1.0,OK,4,1,1.25
50,57063,No,Sales,859,1,Account Executive,2,No,3,1.9,3,Remote,0.6,9859,LinkedIn,45,2025-01-11,1.0,OK,3,0,3.3333333333333335
37,84849,No,Finance,860,3,Finance Manager,3,No,3,1.6,2,On-site,1.3,9860,Employee Referral,44,2023-07-22,1.0,OK,1,0,3.0
42,94434,No,Sales,861,2,Sales Coordinator,4,No,4,6.6,4,On-site,4.8,9861,Indeed,39,2020-11-08,1.0,OK,0,0,0.0
21,101471,Yes,News & Content,862,2,Reporter,1,No,4,1.0,4,On-site,1.0,9862,Career Site,26,2019-03-22,1.0,OK,11,1,2.5454545454545454
47,74677,Yes,News & Content,863,1,News Director,2,No,2,11.0,2,On-site,6.6,9863,University Recruiting,21,2022-08-09,1.0,OK,4,1,0.25
43,34000,No,Finance,864,4,Accountant,1,No,3,2.4,2,On-site,0.7,9864,Employee Referral,22,2025-05-15,1.0,OK,6,2,1.6666666666666667
49,35250,No,Human Resources,865,4,HR Generalist,3,No,3,1.5,4,Remote,0.9,9865,Recruiter Sourced,23,2020-10-12,1.0,OK,4,2,1.25
26,41500,No,Sales,866,1,Sales Coordinator,3,Yes,3,4.9,2,Hybrid,0.0,9866,Career Site,22,2019-08-15,1.0,OK,5,3,0.6
30,67330,No,News & Content,867,2,Photojournalist,2,No,3,5.3,2,Hybrid,1.5,9867,LinkedIn,27,2020-10-21,1.0,OK,3,0,6.333333333333333
34,71724,No,Human Resources,868,3,HR Manager,3,No,4,1.4,4,Hybrid,0.7,9868,Employee Referral,33,2025-06-03,1.0,OK,3,0,0.6666666666666666
31,34000,No,Finance,869,4,Finance Manager,4,Yes,3,1.7,2,On-site,0.1,9869,Recruiter Sourced,35,2018-09-03,1.0,OK,5,1,2.4
39,54755,No,Human Resources,870,3,HR Generalist,4,No,3,3.9,1,On-site,3.9,9870,LinkedIn,19,2019-06-14,1.0,OK,4,2,4.25
35,60165,Yes,News & Content,871,2,Reporter,4,No,3,1.1,2,On-site,1.1,9871,LinkedIn,37,2019-12-16,1.0,OK,4,1,2.5
42,97592,No,Human Resources,872,2,HR Generalist,3,No,3,0.4,3,Hybrid,0.4,9872,Indeed,35,2023-04-18,1.0,OK,4,0,2.0
26,70047,No,News & Content,873,3,Editor,2,No,3,2.3,3,Hybrid,2.3,9873,University Recruiting,32,2019-10-08,1.0,OK,7,2,4.142857142857143
31,49671,No,News & Content,874,3,Producer,4,No,3,1.1,3,On-site,1.1,9874,Employee Referral,26,2022-02-18,1.0,OK,1,0,7.0
35,80195,No,Finance,875,4,Finance Manager,3,No,3,7.0,4,Hybrid,4.5,9875,Career Site,19,2025-01-08,1.0,OK,1,0,1.0
35,55999,Yes,News & Content,876,2,Producer,4,No,3,9.8,4,On-site,3.1,9876,Indeed,41,2020-08-25,1.0,OK,2,0,5.0
31,96227,No,News & Content,877,4,News Director,4,No,3,4.4,3,Hybrid,4.4,9877,LinkedIn,35,2024-03-01,1.0,OK,4,2,5.0
48,103105,No,Human Resources,878,4,HR Manager,4,No,4,2.3,4,Hybrid,2.2,9878,LinkedIn,38,2022-06-09,1.0,OK,0,0,0.0
27,69820,No,Sales,879,4,Account Executive,4,No,3,7.0,3,On-site,2.0,9879,Employee Referral,28,2024-12-14,1.0,OK,0,0,0.0
22,119226,No,News & Content,880,4,Editor,4,No,4,2.0,3,Hybrid,0.0,9880,Employee Referral,26,2025-06-15,0.5454545454545454,REVIEW,6,1,4.833333333333333
44,58696,No,Sales,881,1,Sales Manager,2,No,2,7.8,4,On-site,4.5,9881,Recruiter Sourced,47,2021-04-20,1.0,OK,5,1,0.8
35,55347,No,News & Content,882,4,Producer,3,No,4,7.6,3,On-site,4.9,9882,Employee Referral,68,2019-03-27,1.0,OK,0,0,0.0
32,99877,No,Sales,883,4,Account Executive,3,Yes,3,1.4,4,Hybrid,0.1,9883,Recruiter Sourced,30,2019-09-20,1.0,OK,2,1,0.5
46,44617,No,Finance,884,3,Finance Manager,3,Yes,3,11.0,4,On-site,0.7,9884,Career Site,35,2026-01-11,1.0,OK,1,0,2.0
27,82688,No,News & Content,885,4,Producer,3,No,2,7.0,3,Hybrid,0.3,9885,Indeed,32,2019-10-17,1.0,OK,1,1,1.0
29,61314,Yes,News & Content,886,2,Editor,4,Yes,3,0.9,3,Hybrid,0.6,9886,LinkedIn,23,2022-07-12,1.0,OK,9,3,3.3333333333333335
38,97623,Yes,Finance,887,4,Finance Manager,1,Yes,3,7.1,4,On-site,4.6,9887,Employee Referral,28,2026-07-05,1.0,OK,3,2,0.3333333333333333
35,102948,No,Finance,888,3,Accountant,4,No,3,2.3,1,On-site,1.8,9888,LinkedIn,60,2024-09-21,1.0,OK,5,0,2.2
37,67808,No,News & Content,889,2,Producer,4,No,3,6.9,2,On-site,1.3,9889,Career Site,24,2020-06-18,1.0,OK,5,1,3.0
45,58039,No,Finance,890,3,Finance Manager,2,No,3,7.4,4,On-site,1.6,9890,Indeed,34,2022-01-30,1.0,OK,3,2,3.3333333333333335
24,82181,Yes,Sales,891,2,Sales Manager,1,No,3,1.1,1,Hybrid,1.1,9891,Recruiter Sourced,25,2023-08-29,1.0,OK,8,2,4.625
33,52286,No,News & Content,892,1,News Director,4,No,3,5.8,3,Hybrid,0.9,9892,Career Site,33,2020-03-31,1.0,OK,5,1,1.2
57,105012,No,Sales,893,2,Account Executive,2,No,3,3.6,2,On-site,2.1,9893,Employee Referral,24,2024-06-07,1.0,OK,3,0,6.333333333333333
43,122420,No,News & Content,894,4,Photojournalist,2,No,3,0.6,3,Remote,0.6,9894,LinkedIn,27,2021-04-27,1.0,OK,7,1,0.42857142857142855
52,68479,No,Human Resources,895,3,HR Manager,4,No,3,7.0,3,Remote,7.0,9895,Career Site,15,2023-09-12,1.0,OK,1,0,3.0
58,84522,No,News & Content,896,2,News Director,4,No,3,1.7,1,Hybrid,1.7,9896,Recruiter Sourced,35,2024-08-08,1.0,OK,9,2,2.2222222222222223
36,35479,Yes,News & Content,897,1,Reporter,1,Yes,3,4.7,2,On-site,1.2,9897,Recruiter Sourced,29,2019-06-27,1.0,OK,8,0,0.75
54,41703,Yes,News & Content,898,3,Reporter,3,Yes,3,0.4,3,Hybrid,0.4,9898,LinkedIn,40,2019-11-25,1.0,OK,3,1,2.6666666666666665
32,63479,Yes,Human Resources,899,3,HR Generalist,2,Yes,3,0.4,4,Hybrid,0.4,9899,University Recruiting,33,2021-10-01,1.0,OK,2,0,2.5
51,51688,No,Engineering,900,4,Systems Engineer,4,No,3,3.6,3,On-site,1.3,9900,Recruiter Sourced,24,2020-12-20,1.0,OK,7,0,2.5714285714285716
46,70908,No,Finance,901,2,Financial Analyst,3,No,4,15.7,3,Remote,4.5,9901,Indeed,21,2024-07-12,1.0,OK,3,0,1.0
41,47830,No,Human Resources,902,3,HR Generalist,3,No,2,3.2,2,On-site,0.2,9902,Career Site,33,2024-07-30,1.0,OK,1,0,0.0
31,34000,Yes,News & Content,903,4,Editor,2,Yes,3,2.8,3,On-site,0.4,9903,Recruiter Sourced,51,2022-10-27,1.0,OK,8,2,3.75
33,67472,No,News & Content,904,3,Photojournalist,4,No,3,1.8,4,Hybrid,1.7,9904,University Recruiting,26,2021-08-06,1.0,OK,3,0,1.3333333333333333
51,75784,No,News & Content,905,4,News Director,3,No,2,18.0,1,On-site,1.0,9905,Employee Referral,10,2024-03-15,1.0,OK,2,0,2.0
40,84320,No,Finance,906,3,Accountant,4,No,4,8.2,2,On-site,2.3,9906,Recruiter Sourced,36,2022-05-10,1.0,OK,2,0,4.0
26,34000,Yes,News & Content,907,3,Producer,3,Yes,3,6.0,4,Hybrid,6.0,9907,Indeed,49,2019-09-21,1.0,OK,5,1,2.8
37,105700,No,Sales,908,2,Sales Coordinator,4,No,3,4.0,3,Hybrid,0.4,9908,LinkedIn,40,2025-07-09,1.0,OK,3,0,3.0
35,71353,No,News & Content,909,4,Photojournalist,3,No,2,2.3,4,Hybrid,2.3,9909,Recruiter Sourced,18,2018-08-27,1.0,OK,4,1,0.25
35,87328,No,News & Content,910,3,Reporter,4,Yes,3,4.8,3,Hybrid,4.8,9910,Career Site,35,2025-12-23,1.0,OK,9,1,2.0
51,67979,No,Finance,911,1,Finance Manager,4,No,3,0.8,2,On-site,0.8,9911,Recruiter Sourced,44,2022-02-24,1.0,OK,4,0,1.75
39,114642,Yes,Engineering,912,3,Systems Engineer,2,No,4,0.7,1,On-site,0.4,9912,Recruiter Sourced,28,2023-12-27,1.0,OK,5,0,2.0
36,56568,Yes,News & Content,913,4,Editor,2,Yes,3,2.1,4,Remote,2.1,9913,LinkedIn,26,2026-04-03,1.0,OK,3,1,2.3333333333333335
21,90312,No,News & Content,914,4,Reporter,3,No,3,1.0,2,Remote,1.0,9914,Recruiter Sourced,27,2024-01-09,1.0,OK,4,0,5.0
53,87721,No,Engineering,915,3,Broadcast Engineer,2,No,3,0.1,3,On-site,0.1,9915,Career Site,31,2018-11-20,1.0,OK,4,0,0.25
25,34000,Yes,News & Content,916,3,Photojournalist,3,Yes,3,0.6,2,Hybrid,0.6,9916,Indeed,18,2025-11-25,1.0,OK,3,3,2.0
26,65973,No,News & Content,917,4,Photojournalist,4,No,3,2.8,3,Remote,0.7,9917,Employee Referral,36,2023-08-29,1.0,OK,1,0,2.0
41,54894,No,Finance,918,2,Finance Manager,3,Yes,4,2.1,3,On-site,1.9,9918,Indeed,37,2026-03-17,1.0,OK,11,2,4.818181818181818
40,83056,Yes,News & Content,919,2,News Director,4,Yes,3,0.1,2,On-site,0.1,9919,University Recruiting,37,2022-01-05,1.0,OK,4,0,3.25
31,126923,No,Finance,920,2,Accountant,2,No,3,6.8,4,Hybrid,0.5,9920,Career Site,33,2025-11-26,1.0,OK,8,0,1.375
24,34000,Yes,News & Content,921,4,News Director,3,No,3,0.3,3,On-site,0.0,9921,Indeed,18,2025-06-05,1.0,OK,7,0,2.5714285714285716
64,56058,Yes,Engineering,922,2,Broadcast Engineer,2,No,3,7.1,1,Hybrid,2.3,9922,Employee Referral,30,2021-03-28,1.0,OK,10,1,3.9
26,41394,No,Engineering,923,4,IT Support,4,No,2,5.0,2,On-site,0.6,9923,Indeed,57,2020-09-11,1.0,OK,7,1,2.7142857142857144
30,80926,No,News & Content,924,3,Editor,3,No,3,2.6,1,On-site,2.3,9924,Recruiter Sourced,36,2019-05-07,1.0,OK,2,1,2.5
26,84535,Yes,News & Content,925,1,Photojournalist,3,Yes,3,1.0,2,Hybrid,1.0,9925,Employee Referral,23,2023-10-17,1.0,OK,4,0,2.25
35,34000,No,Sales,926,4,Account Executive,3,No,3,4.3,2,On-site,0.0,9926,Recruiter Sourced,41,2021-09-08,1.0,OK,2,0,1.5
49,123563,No,News & Content,927,4,Photojournalist,2,No,3,6.9,3,Hybrid,2.5,9927,Recruiter Sourced,57,2024-09-29,1.0,OK,5,1,3.0
43,34000,Yes,Finance,928,3,Accountant,1,Yes,4,0.6,3,Hybrid,0.6,9928,LinkedIn,38,2024-07-20,1.0,OK,7,3,3.0
39,54432,No,Engineering,929,3,IT Support,3,No,2,5.2,2,Hybrid,1.1,9929,LinkedIn,31,2024-06-07,1.0,OK,1,0,2.0
37,141201,No,News & Content,930,2,News Director,3,No,4,4.7,3,Hybrid,2.0,9930,LinkedIn,50,2023-04-09,1.0,OK,2,0,0.5
42,64862,No,Sales,931,2,Sales Coordinator,1,No,4,4.7,2,Remote,2.9,9931,Indeed,27,2020-02-13,1.0,OK,6,0,3.1666666666666665
28,51275,No,Sales,932,2,Account Executive,2,No,3,2.9,3,On-site,0.2,9932,Employee Referral,46,2021-04-04,1.0,OK,7,1,1.5714285714285714
43,119695,Yes,Engineering,933,2,IT Support,2,Yes,2,17.0,1,On-site,2.5,9933,Career Site,26,2024-01-30,1.0,OK,8,1,2.75
48,34000,Yes,Sales,934,4,Sales Coordinator,2,No,3,1.5,1,Hybrid,1.5,9934,LinkedIn,28,2019-12-31,1.0,OK,9,2,1.6666666666666667
21,52251,Yes,News & Content,935,2,Editor,4,Yes,3,1.0,2,On-site,0.2,9935,LinkedIn,43,2022-12-10,1.0,OK,4,0,2.0
30,59706,No,News & Content,936,4,Photojournalist,3,No,3,0.8,2,Hybrid,0.8,9936,Indeed,50,2023-12-10,1.0,OK,0,0,0.0
56,87494,Yes,Sales,937,2,Sales Coordinator,2,No,3,0.6,3,Hybrid,0.6,9937,LinkedIn,32,2025-03-19,1.0,OK,6,1,2.6666666666666665
46,46099,No,News & Content,938,3,Editor,2,Yes,2,2.7,3,Hybrid,0.3,9938,University Recruiting,49,2018-08-27,1.0,OK,3,0,3.3333333333333335
41,102982,Yes,Human Resources,939,1,HR Manager,1,No,3,0.9,3,On-site,0.3,9939,Indeed,38,2019-05-05,1.0,OK,11,1,2.4545454545454546
24,75315,Yes,News & Content,940,4,Reporter,4,Yes,3,4.0,1,Hybrid,0.1,9940,LinkedIn,23,2019-05-23,1.0,OK,6,1,2.6666666666666665
28,73033,Yes,News & Content,941,1,Reporter,1,No,3,1.7,4,Hybrid,1.7,9941,Career Site,28,2022-02-16,1.0,OK,9,1,3.3333333333333335
50,82049,No,News & Content,942,3,Reporter,3,No,4,1.8,4,On-site,1.8,9942,Recruiter Sourced,40,2020-04-25,1.0,OK,3,1,2.6666666666666665
26,83370,No,News & Content,943,3,Producer,3,No,3,2.1,2,Hybrid,2.1,9943,LinkedIn,51,2020-10-28,1.0,OK,3,1,1.0
21,121871,No,Engineering,944,4,IT Support,3,No,3,1.0,2,Hybrid,1.0,9944,Indeed,47,2020-02-08,1.0,OK,4,0,4.5
31,124197,Yes,Sales,945,3,Sales Coordinator,1,No,3,3.7,1,On-site,3.7,9945,LinkedIn,47,2018-10-01,1.0,OK,8,0,1.875
33,76906,No,News & Content,946,2,Reporter,4,No,3,0.5,4,Hybrid,0.5,9946,University Recruiting,16,2019-04-18,1.0,OK,3,0,1.0
44,76646,No,Sales,947,1,Sales Manager,4,Yes,3,1.0,3,On-site,1.0,9947,Recruiter Sourced,43,2026-01-25,1.0,OK,6,0,3.3333333333333335
30,70574,No,News & Content,948,2,Editor,3,No,3,5.2,4,Remote,3.4,9948,Career Site,42,2023-10-24,1.0,OK,4,0,1.25
38,48070,No,Sales,949,4,Sales Coordinator,3,No,3,1.1,3,Hybrid,0.5,9949,Employee Referral,37,2025-03-30,1.0,OK,1,0,4.0
36,86908,No,News & Content,950,3,Photojournalist,4,No,3,3.3,2,Remote,2.4,9950,Indeed,42,2026-03-01,1.0,OK,1,0,1.0
38,86768,No,News & Content,951,3,Reporter,4,No,4,3.6,2,Hybrid,1.5,9951,Employee Referral,11,2023-08-31,1.0,OK,3,1,1.6666666666666667
36,78540,Yes,Human Resources,952,4,HR Manager,2,Yes,4,6.9,3,Remote,1.5,9952,Recruiter Sourced,7,2024-03-22,1.0,OK,4,0,3.75
41,63239,No,Sales,953,2,Account Executive,4,No,3,0.7,4,On-site,0.7,9953,Indeed,37,2019-07-09,1.0,OK,1,0,0.0
44,34000,No,News & Content,954,1,Producer,3,No,3,8.5,3,Remote,0.5,9954,Employee Referral,33,2025-05-30,1.0,OK,3,1,2.6666666666666665
36,71328,Yes,News & Content,955,3,News Director,2,No,2,0.6,4,On-site,0.6,9955,LinkedIn,31,2019-08-07,1.0,OK,6,1,2.5
23,98266,No,Sales,956,2,Account Executive,4,No,3,3.0,2,On-site,2.6,9956,Recruiter Sourced,39,2023-10-23,1.0,OK,2,0,14.0
32,34000,Yes,News & Content,957,4,Photojournalist,1,No,4,0.6,3,On-site,0.6,9957,LinkedIn,36,2025-10-04,1.0,OK,5,2,3.2
27,93370,No,Sales,958,3,Sales Coordinator,2,No,4,2.5,4,Hybrid,0.9,9958,Recruiter Sourced,38,2023-02-02,1.0,OK,8,0,2.5
37,65955,No,Sales,959,1,Account Executive,2,No,3,11.4,3,Remote,0.2,9959,Employee Referral,45,2026-04-19,1.0,OK,5,0,3.8
30,88550,No,Engineering,960,4,Systems Engineer,4,Yes,2,3.3,3,Remote,3.3,9960,LinkedIn,27,2025-09-23,1.0,OK,0,0,0.0
42,62705,Yes,News & Content,961,4,Reporter,3,Yes,3,7.7,4,On-site,4.1,9961,Recruiter Sourced,38,2024-02-15,1.0,OK,2,0,0.5
30,73702,No,Finance,962,4,Accountant,4,No,2,2.4,3,On-site,0.0,9962,Indeed,25,2020-08-02,1.0,OK,1,0,6.0
26,96040,Yes,Sales,963,2,Account Executive,2,No,3,2.9,2,Hybrid,1.0,9963,Employee Referral,9,2022-04-18,1.0,OK,5,2,2.0
59,124853,No,Finance,964,3,Accountant,2,No,3,8.2,4,Remote,5.8,9964,Indeed,30,2026-01-18,1.0,OK,4,0,2.25
52,46630,Yes,News & Content,965,3,Reporter,2,Yes,3,2.2,3,Remote,0.4,9965,LinkedIn,47,2023-09-02,1.0,OK,3,1,2.0
30,46046,No,Sales,966,2,Sales Coordinator,4,No,3,10.0,3,Hybrid,2.2,9966,Employee Referral,22,2025-12-10,1.0,OK,3,0,2.3333333333333335
30,57087,No,Engineering,967,2,IT Support,4,No,3,3.0,1,On-site,3.0,9967,Recruiter Sourced,39,2020-10-08,1.0,OK,4,0,1.5
26,67652,No,Sales,968,2,Sales Coordinator,3,Yes,3,6.0,2,Hybrid,3.3,9968,Indeed,45,2021-12-22,1.0,OK,1,0,5.0
31,64970,No,News & Content,969,3,Editor,4,No,4,2.9,2,On-site,2.5,9969,Recruiter Sourced,43,2025-10-14,1.0,OK,2,0,0.5
40,121225,Yes,News & Content,970,3,News Director,2,No,3,0.8,2,Remote,0.8,9970,Employee Referral,25,2024-09-19,1.0,OK,5,1,1.0
32,91388,No,Finance,971,3,Financial Analyst,3,No,3,2.8,4,On-site,1.7,9971,Indeed,24,2021-02-22,1.0,OK,3,0,2.3333333333333335
27,67189,No,Finance,972,2,Finance Manager,4,No,2,0.2,3,On-site,0.2,9972,Recruiter Sourced,34,2019-11-09,1.0,OK,6,0,1.5
52,128852,No,Sales,973,4,Sales Manager,4,No,3,4.9,4,Hybrid,1.1,9973,Indeed,37,2019-02-25,1.0,OK,2,1,0.5
21,59692,No,Engineering,974,4,Broadcast Engineer,4,No,2,1.0,4,Hybrid,1.0,9974,Recruiter Sourced,42,2024-10-10,1.0,OK,2,0,1.0
42,53274,No,News & Content,975,1,Producer,3,No,3,2.0,2,On-site,0.6,9975,Recruiter Sourced,42,2021-08-15,1.0,OK,1,0,0.0
40,70874,No,Sales,976,3,Sales Coordinator,2,No,4,0.8,4,Hybrid,0.8,9976,LinkedIn,68,2021-03-22,1.0,OK,3,1,1.6666666666666667
43,34000,Yes,Engineering,977,4,IT Support,2,Yes,3,1.3,3,On-site,1.3,9977,LinkedIn,53,2019-01-15,1.0,OK,5,1,4.8
46,62470,No,News & Content,978,4,News Director,2,No,3,14.7,4,Hybrid,0.9,9978,Indeed,29,2026-03-16,1.0,OK,5,3,4.6
48,66552,No,News & Content,979,1,News Director,4,Yes,3,10.2,4,On-site,0.1,9979,Recruiter Sourced,61,2020-09-04,1.0,OK,3,0,5.333333333333333
29,67034,Yes,Sales,980,2,Sales Coordinator,2,No,3,0.1,3,Hybrid,0.1,9980,Indeed,19,2022-01-31,1.0,OK,7,1,1.7142857142857142
33,42412,No,News & Content,981,4,Photojournalist,3,No,3,2.1,4,Hybrid,0.0,9981,Indeed,20,2022-06-29,1.0,OK,3,0,2.6666666666666665
37,41538,Yes,Engineering,982,4,IT Support,4,Yes,3,0.1,3,Hybrid,0.1,9982,Indeed,44,2025-12-27,1.0,OK,3,0,5.333333333333333
46,42942,Yes,Engineering,983,1,IT Support,3,No,3,0.9,2,On-site,0.9,9983,Employee Referral,30,2023-06-11,1.0,OK,4,2,2.0
29,123272,No,Sales,984,3,Account Executive,2,No,3,9.0,3,On-site,0.1,9984,Career Site,7,2019-12-27,1.0,OK,2,0,2.5
39,34000,No,News & Content,985,4,Photojournalist,3,No,3,8.9,4,Hybrid,1.1,9985,University Recruiting,53,2022-06-30,1.0,OK,0,0,0.0
36,34000,Yes,News & Content,986,3,Reporter,2,No,4,7.8,3,On-site,6.0,9986,Indeed,41,2019-09-17,1.0,OK,7,2,0.7142857142857143
34,91950,No,Sales,987,3,Sales Manager,3,No,3,1.3,3,Hybrid,1.3,9987,Indeed,32,2024-09-16,1.0,OK,2,1,3.5
51,50137,No,Engineering,988,4,Systems Engineer,3,No,2,0.1,4,On-site,0.1,9988,LinkedIn,31,2020-04-22,1.0,OK,2,0,0.5
21,69316,No,Human Resources,989,4,HR Manager,4,No,3,1.0,3,Hybrid,1.0,9989,LinkedIn,31,2023-09-15,1.0,OK,0,0,0.0
40,58359,No,News & Content,990,3,Producer,2,No,4,3.0,3,On-site,0.4,9990,Employee Referral,7,2025-11-10,1.0,OK,2,0,1.0
28,90339,No,Sales,991,3,Account Executive,4,No,3,0.3,3,Hybrid,0.3,9991,Indeed,22,2024-04-13,1.0,OK,4,3,3.5
28,51253,Yes,News & Content,992,1,Reporter,2,No,3,1.9,4,Remote,1.6,9992,Indeed,25,2019-05-21,1.0,OK,10,0,3.0
47,50791,Yes,News & Content,993,2,Reporter,4,Yes,3,2.3,3,Hybrid,2.3,9993,Employee Referral,48,2019-02-22,1.0,OK,6,0,3.0
35,139036,Yes,News & Content,994,4,News Director,1,No,3,1.3,3,On-site,0.8,9994,Indeed,26,2023-02-17,1.0,OK,6,3,2.0
45,106172,No,Sales,995,4,Sales Coordinator,3,No,3,3.9,2,On-site,0.4,9995,Indeed,38,2020-07-25,1.0,OK,1,1,0.0
21,35102,Yes,Sales,996,1,Account Executive,4,No,3,1.0,4,On-site,1.0,9996,LinkedIn,31,2022-02-15,1.0,OK,4,0,1.0
34,34000,Yes,Sales,997,2,Sales Coordinator,2,No,4,8.7,3,On-site,1.0,9997,Employee Referral,22,2025-09-24,1.0,OK,6,1,1.5
29,74362,No,Sales,998,3,Sales Coordinator,3,No,3,3.2,4,Hybrid,0.8,9998,LinkedIn,37,2019-10-01,1.0,OK,0,0,0.0
38,34000,Yes,Sales,999,4,Account Executive,4,Yes,4,0.6,4,Remote,0.6,9999,Indeed,33,2023-09-07,1.0,OK,4,3,0.0
48,42872,No,Sales,1000,4,Sales Coordinator,4,No,3,0.3,2,On-site,0.3,10000,Career Site,47,2026-01-08,1.0,OK,4,0,2.25
35,81201,No,Sales,1001,3,Sales Manager,3,Yes,3,5.1,4,Hybrid,0.9,10001,University Recruiting,28,2023-11-16,1.0,OK,5,2,3.2
32,72903,No,News & Content,1002,3,News Director,1,No,3,6.4,3,On-site,1.1,10002,LinkedIn,25,2020-09-09,1.0,OK,7,2,1.2857142857142858
36,89318,No,News & Content,1003,2,News Director,3,No,2,5.7,3,Remote,2.0,10003,LinkedIn,44,2024-02-28,1.0,OK,3,0,1.0
25,50522,Yes,Engineering,1004,4,Systems Engineer,1,Yes,3,1.0,2,On-site,0.6,10004,Career Site,31,2025-10-18,1.0,OK,4,0,5.0
47,116929,No,Finance,1005,3,Finance Manager,1,Yes,3,2.0,3,Hybrid,2.0,10005,Indeed,45,2023-02-27,1.0,OK,9,1,1.6666666666666667
47,99214,No,Sales,1006,2,Sales Coordinator,2,No,3,2.5,3,On-site,0.3,10006,University Recruiting,26,2022-09-06,1.0,OK,6,0,4.0
47,78642,No,Sales,1007,3,Account Executive,4,No,3,7.0,1,On-site,1.2,10007,Recruiter Sourced,35,2026-01-29,1.0,OK,1,0,8.0
50,75730,No,Human Resources,1008,3,HR Generalist,3,No,3,4.3,3,Hybrid,2.1,10008,Career Site,26,2022-06-26,1.0,OK,2,1,2.5
44,34000,Yes,News & Content,1009,4,News Director,3,No,3,3.6,3,On-site,3.6,10009,Employee Referral,23,2022-01-18,1.0,OK,0,0,0.0
51,67658,No,Sales,1010,1,Account Executive,1,No,3,10.2,2,Remote,1.8,10010,LinkedIn,7,2025-04-24,1.0,OK,6,0,3.1666666666666665
57,67063,Yes,News & Content,1011,2,Reporter,3,No,3,0.2,2,Hybrid,0.0,10011,Employee Referral,53,2024-10-21,1.0,OK,3,1,0.6666666666666666
49,110818,No,News & Content,1012,3,Reporter,2,Yes,3,2.9,4,Hybrid,2.9,10012,Employee Referral,27,2024-11-03,1.0,OK,4,1,2.75
22,82418,No,Human Resources,1013,3,HR Manager,4,No,3,2.0,2,On-site,0.3,10013,Employee Referral,40,2022-11-18,1.0,OK,3,1,4.333333333333333
40,39481,No,News & Content,1014,3,Reporter,3,No,2,0.5,2,Remote,0.5,10014,Career Site,31,2018-08-02,1.0,OK,4,0,3.0
33,62921,No,News & Content,1015,3,Editor,1,No,3,2.5,2,Hybrid,2.5,10015,Career Site,49,2026-03-12,1.0,OK,11,0,3.1818181818181817
43,47795,Yes,News & Content,1016,2,News Director,1,Yes,3,5.1,2,On-site,0.5,10016,Employee Referral,11,2025-02-07,1.0,OK,8,2,1.0
34,71356,No,Engineering,1017,4,Systems Engineer,1,No,3,3.0,4,Hybrid,0.2,10017,Indeed,36,2022-06-01,1.0,OK,3,1,3.6666666666666665
24,49601,Yes,Engineering,1018,1,Systems Engineer,2,Yes,3,1.3,3,On-site,1.3,10018,Recruiter Sourced,43,2023-02-05,1.0,OK,6,0,0.3333333333333333
43,88488,No,News & Content,1019,1,Producer,4,No,3,11.9,4,Hybrid,11.1,10019,Career Site,34,2026-01-15,1.0,OK,4,0,3.5
29,71165,No,Human Resources,1020,2,HR Manager,4,No,3,7.4,3,Hybrid,0.8,10020,Employee Referral,24,2021-06-06,1.0,OK,1,0,4.0
41,38141,Yes,Sales,1021,3,Sales Coordinator,2,Yes,3,1.3,3,Remote,0.4,10021,Employee Referral,11,2024-01-06,1.0,OK,4,2,2.25
21,71008,No,Sales,1022,2,Sales Coordinator,3,No,3,0.3,3,Remote,0.3,10022,LinkedIn,25,2021-10-06,1.0,OK,1,0,12.0
35,70007,No,Engineering,1023,2,IT Support,4,No,3,5.8,2,On-site,5.6,10023,Indeed,8,2023-08-14,1.0,OK,3,0,3.0
22,151165,No,Sales,1024,4,Account Executive,4,No,3,1.5,4,Hybrid,0.6,10024,Career Site,43,2026-03-25,1.0,OK,1,0,2.0
30,134527,No,Sales,1025,3,Sales Coordinator,2,No,3,6.9,4,On-site,0.2,10025,Career Site,40,2019-04-14,1.0,OK,5,2,0.8
39,103243,Yes,News & Content,1026,2,News Director,4,Yes,3,3.2,3,On-site,0.0,10026,LinkedIn,44,2022-11-02,1.0,OK,5,1,4.4
38,92867,No,News & Content,1027,2,Producer,3,Yes,3,5.4,4,Hybrid,0.6,10027,Career Site,21,2026-03-31,1.0,OK,5,0,1.6
50,65046,No,News & Content,1028,3,Reporter,4,Yes,3,3.3,2,Hybrid,0.3,10028,Career Site,19,2019-03-16,1.0,OK,3,0,1.6666666666666667
37,93805,Yes,News & Content,1029,2,Photojournalist,1,No,2,0.9,2,On-site,0.4,10029,LinkedIn,40,2022-03-28,1.0,OK,7,1,1.5714285714285714
49,73423,Yes,News & Content,1030,3,Producer,2,No,3,0.3,4,On-site,0.3,10030,Recruiter Sourced,40,2024-09-09,1.0,OK,9,3,3.0
50,94161,No,Sales,1031,3,Account Executive,4,No,2,0.1,2,On-site,0.1,10031,Recruiter Sourced,10,2023-09-28,1.0,OK,4,2,1.75
39,34706,Yes,Finance,1032,3,Finance Manager,2,Yes,3,2.3,4,Remote,2.3,10032,Indeed,24,2019-12-22,1.0,OK,7,3,4.0
35,92043,No,Finance,1033,3,Finance Manager,4,No,3,6.1,3,On-site,0.1,10033,LinkedIn,54,2018-11-15,1.0,OK,4,0,3.5
35,54248,Yes,Engineering,1034,1,IT Support,1,Yes,4,14.5,3,On-site,1.0,10034,Career Site,44,2021-08-19,1.0,OK,4,1,3.5
31,46026,No,Finance,1035,2,Accountant,3,Yes,2,10.9,3,Remote,0.2,10035,LinkedIn,30,2020-02-02,1.0,OK,6,1,1.6666666666666667
44,95140,Yes,Finance,1036,2,Financial Analyst,2,Yes,3,10.9,4,Hybrid,7.4,10036,Employee Referral,18,2024-02-16,1.0,OK,4,2,2.0
48,137043,No,Sales,1037,2,Account Executive,3,No,3,3.1,3,On-site,1.5,10037,Recruiter Sourced,21,2025-09-24,1.0,OK,6,1,0.8333333333333334
27,90439,No,News & Content,1038,1,Producer,1,No,3,1.5,2,On-site,0.2,10038,Employee Referral,28,2023-08-09,1.0,OK,8,1,2.125
26,115745,No,Sales,1039,2,Account Executive,3,No,3,5.0,4,Remote,3.8,10039,Career Site,15,2021-06-07,1.0,OK,2,1,0.5
54,65773,No,Human Resources,1040,3,HR Generalist,2,No,2,1.6,2,Hybrid,1.6,10040,Employee Referral,49,2019-03-28,1.0,OK,3,0,5.0
34,50354,Yes,News & Content,1041,4,Producer,2,Yes,3,3.7,4,Hybrid,0.5,10041,LinkedIn,48,2023-08-16,1.0,OK,9,0,1.2222222222222223
38,70712,No,News & Content,1042,4,Reporter,3,No,3,1.7,4,Hybrid,1.1,10042,Indeed,18,2024-06-10,1.0,OK,3,1,2.6666666666666665
30,99331,No,Sales,1043,4,Sales Manager,2,No,3,3.7,2,Hybrid,2.0,10043,LinkedIn,58,2019-09-05,1.0,OK,8,1,3.125
26,64488,No,News & Content,1044,3,Photojournalist,1,Yes,3,2.8,3,Hybrid,2.8,10044,Employee Referral,27,2020-02-08,1.0,OK,6,0,2.5
22,34000,Yes,Sales,1045,2,Account Executive,4,Yes,3,2.0,2,On-site,2.0,10045,LinkedIn,34,2024-04-26,1.0,OK,8,1,1.625
56,54027,No,News & Content,1046,3,Editor,4,Yes,3,3.3,4,Hybrid,0.6,10046,University Recruiting,27,2023-04-21,1.0,OK,2,2,2.0
40,98135,Yes,News & Content,1047,1,Producer,1,No,3,8.9,1,Hybrid,0.2,10047,LinkedIn,19,2022-06-22,1.0,OK,8,1,1.125
34,58934,No,Sales,1048,4,Account Executive,3,No,4,0.6,1,On-site,0.6,10048,Employee Referral,29,2019-01-24,1.0,OK,4,1,2.5
42,70814,No,News & Content,1049,3,News Director,3,No,2,1.6,1,On-site,1.6,10049,Career Site,10,2022-11-19,1.0,OK,6,1,3.6666666666666665
32,78494,No,Human Resources,1050,2,HR Generalist,4,Yes,3,1.1,3,Hybrid,0.7,10050,Recruiter Sourced,29,2021-01-08,1.0,OK,6,3,2.0
35,98810,Yes,Sales,1051,2,Sales Manager,1,No,4,0.6,2,On-site,0.6,10051,Employee Referral,32,2022-10-31,1.0,OK,6,0,2.3333333333333335
59,103582,No,News & Content,1052,3,Editor,2,No,3,5.3,3,Hybrid,0.9,10052,Recruiter Sourced,36,2025-03-26,1.0,OK,5,1,2.2
24,73107,No,Sales,1053,4,Sales Coordinator,4,No,2,4.0,3,Hybrid,0.2,10053,Indeed,13,2022-02-25,1.0,OK,2,2,2.0
37,106646,No,Engineering,1054,4,Systems Engineer,3,Yes,2,13.5,4,Remote,6.5,10054,LinkedIn,14,2026-07-11,1.0,OK,3,1,1.3333333333333333
51,56110,No,News & Content,1055,3,Producer,4,No,3,7.7,3,On-site,3.0,10055,Indeed,36,2018-11-09,1.0,OK,1,0,6.0
27,82556,Yes,Human Resources,1056,4,HR Generalist,2,Yes,3,0.3,1,Hybrid,0.1,10056,Indeed,18,2019-01-03,1.0,OK,9,2,3.2222222222222223
48,92464,No,Engineering,1057,2,Broadcast Engineer,3,No,4,0.2,3,Hybrid,0.2,10057,Career Site,31,2024-11-10,0.5454545454545454,REVIEW,5,2,1.0
40,50011,No,News & Content,1058,4,Producer,4,Yes,2,2.3,2,On-site,2.3,10058,LinkedIn,49,2018-11-26,1.0,OK,6,0,3.8333333333333335
48,60829,No,Sales,1059,4,Sales Manager,1,No,3,9.0,3,Hybrid,1.7,10059,Employee Referral,17,2019-07-04,1.0,OK,11,0,2.1818181818181817
36,34000,Yes,Engineering,1060,2,Systems Engineer,2,No,3,3.9,4,On-site,0.1,10060,University Recruiting,22,2025-01-06,1.0,OK,5,2,2.2
44,90097,No,Sales,1061,4,Sales Coordinator,1,No,2,0.4,2,On-site,0.4,10061,Indeed,46,2023-11-24,1.0,OK,2,0,1.0
49,79665,No,News & Content,1062,4,Reporter,4,No,3,0.4,4,Hybrid,0.4,10062,Employee Referral,10,2022-03-24,1.0,OK,3,0,2.3333333333333335
42,97581,No,Finance,1063,4,Financial Analyst,1,No,4,1.6,3,Hybrid,0.4,10063,LinkedIn,31,2023-12-26,1.0,OK,8,0,1.375
49,66213,No,News & Content,1064,1,Editor,4,No,3,7.4,2,Hybrid,7.4,10064,LinkedIn,64,2025-07-21,1.0,OK,5,1,2.2
24,83905,Yes,News & Content,1065,2,Producer,3,No,3,1.4,1,On-site,1.2,10065,University Recruiting,37,2019-10-02,1.0,OK,8,1,2.875
59,84327,No,Sales,1066,2,Account Executive,3,No,3,0.4,2,On-site,0.4,10066,Indeed,45,2023-03-12,1.0,OK,2,0,2.0
37,34033,Yes,News & Content,1067,3,News Director,3,Yes,3,1.9,3,On-site,0.4,10067,Indeed,28,2025-12-16,1.0,OK,3,0,4.333333333333333
33,34000,No,Engineering,1068,4,IT Support,4,Yes,3,8.1,4,Hybrid,0.3,10068,Employee Referral,17,2018-11-08,1.0,OK,5,2,5.8
23,34000,Yes,Sales,1069,4,Sales Coordinator,1,No,3,1.0,4,On-site,1.0,10069,LinkedIn,14,2019-09-10,1.0,OK,8,0,2.375
35,73718,No,News & Content,1070,3,Producer,3,No,3,5.0,1,Remote,0.3,10070,University Recruiting,37,2023-10-16,1.0,OK,3,0,3.6666666666666665
39,62423,No,News & Content,1071,4,Reporter,4,Yes,3,19.0,2,On-site,0.5,10071,Recruiter Sourced,37,2022-04-30,1.0,OK,3,1,1.6666666666666667
24,34000,No,News & Content,1072,4,Producer,3,Yes,2,4.0,4,Hybrid,1.6,10072,Recruiter Sourced,56,2025-11-26,1.0,OK,3,0,2.3333333333333335
47,58917,No,Engineering,1073,3,IT Support,1,Yes,4,0.9,4,Remote,0.4,10073,Employee Referral,29,2018-12-04,1.0,OK,4,0,2.5
23,34000,No,News & Content,1074,3,Photojournalist,4,No,3,1.9,3,Hybrid,0.1,10074,Recruiter Sourced,37,2024-03-03,1.0,OK,4,1,2.5
44,37540,No,Sales,1075,3,Sales Manager,4,No,3,1.8,2,Hybrid,1.8,10075,LinkedIn,32,2019-08-09,1.0,OK,1,0,13.0
45,81774,No,Sales,1076,2,Sales Coordinator,4,No,3,1.7,3,On-site,1.7,10076,University Recruiting,18,2019-12-09,1.0,OK,4,0,2.75
43,111964,No,Human Resources,1077,3,HR Manager,2,No,3,1.9,3,Hybrid,1.2,10077,LinkedIn,37,2018-12-16,1.0,OK,5,1,2.6
44,69266,No,News & Content,1078,3,Producer,1,No,4,0.7,3,On-site,0.7,10078,LinkedIn,47,2021-01-07,1.0,OK,9,0,2.888888888888889
40,103040,No,News & Content,1079,3,Reporter,4,Yes,3,12.1,3,On-site,0.3,10079,LinkedIn,42,2024-11-28,1.0,OK,6,0,1.8333333333333333
31,87501,No,Engineering,1080,3,Broadcast Engineer,4,No,4,1.4,3,Hybrid,1.1,10080,LinkedIn,24,2022-03-17,1.0,OK,2,0,2.5
34,90131,No,News & Content,1081,2,News Director,4,No,4,4.0,3,On-site,0.1,10081,Indeed,69,2019-12-04,1.0,OK,5,0,2.8
48,95759,Yes,Sales,1082,2,Sales Coordinator,2,No,3,1.0,3,Hybrid,1.0,10082,Recruiter Sourced,30,2023-04-16,1.0,OK,10,0,2.1
37,123188,No,Human Resources,1083,2,HR Manager,3,Yes,4,4.6,4,Hybrid,0.9,10083,University Recruiting,49,2025-02-06,1.0,OK,6,1,1.1666666666666667
63,83833,No,News & Content,1084,3,Producer,1,No,3,7.0,2,Hybrid,2.3,10084,Career Site,29,2019-05-30,1.0,OK,5,0,4.2
32,85290,No,Engineering,1085,4,Broadcast Engineer,2,No,2,0.2,3,Hybrid,0.2,10085,Indeed,49,2022-07-15,1.0,OK,5,0,1.8
35,102072,No,Sales,1086,2,Sales Coordinator,4,No,3,0.2,3,On-site,0.2,10086,Recruiter Sourced,31,2024-12-14,0.6153846153846154,OK,5,1,3.0
56,116853,No,News & Content,1087,3,Reporter,3,Yes,3,2.1,3,Remote,1.1,10087,Employee Referral,32,2020-04-28,1.0,OK,3,1,1.0
43,104036,No,News & Content,1088,3,Reporter,1,No,3,3.4,2,Hybrid,3.4,10088,Indeed,47,2024-12-29,1.0,OK,5,1,3.4
28,75752,No,Finance,1089,2,Accountant,3,No,3,8.0,2,On-site,1.6,10089,Indeed,59,2021-12-20,1.0,OK,4,0,2.25
30,67338,No,News & Content,1090,3,Reporter,3,No,3,2.5,2,Hybrid,0.6,10090,Career Site,30,2025-01-19,1.0,OK,1,1,7.0
38,115559,No,News & Content,1091,1,News Director,4,No,3,4.2,3,Remote,0.0,10091,Career Site,28,2026-06-01,1.0,OK,7,2,1.1428571428571428
21,77755,No,Finance,1092,3,Financial Analyst,4,No,3,1.0,3,Hybrid,1.0,10092,LinkedIn,24,2023-12-27,1.0,OK,0,0,0.0
40,99606,No,Finance,1093,4,Financial Analyst,4,Yes,3,2.6,3,On-site,2.6,10093,Recruiter Sourced,22,2021-02-25,1.0,OK,0,0,0.0
48,61554,No,Sales,1094,4,Account Executive,4,No,2,1.5,4,Hybrid,0.3,10094,University Recruiting,25,2026-05-14,1.0,OK,1,0,1.0
34,47778,Yes,News & Content,1095,2,Photojournalist,1,No,4,5.1,1,On-site,1.1,10095,Employee Referral,27,2023-03-02,1.0,OK,18,4,2.0555555555555554
45,41083,Yes,News & Content,1096,2,Producer,3,No,3,0.1,3,Hybrid,0.1,10096,Employee Referral,45,2019-08-29,1.0,OK,7,2,1.4285714285714286
32,121349,Yes,News & Content,1097,2,News Director,4,Yes,3,2.4,3,Hybrid,1.0,10097,Career Site,40,2025-04-02,1.0,OK,5,0,2.6
44,52927,No,News & Content,1098,4,Photojournalist,4,No,3,1.1,3,On-site,1.1,10098,Employee Referral,43,2024-11-26,1.0,OK,3,0,0.6666666666666666
33,93820,No,News & Content,1099,3,News Director,1,Yes,3,3.9,4,On-site,2.5,10099,Career Site,43,2024-09-03,1.0,OK,7,0,2.857142857142857
34,66507,Yes,News & Content,1100,3,Producer,4,No,3,0.5,1,On-site,0.5,10100,Career Site,49,2023-04-21,1.0,OK,9,0,1.3333333333333333
47,66607,No,Sales,1101,4,Sales Coordinator,1,No,2,2.6,4,Hybrid,1.4,10101,Recruiter Sourced,24,2021-03-30,1.0,OK,5,0,1.2
39,66403,No,Sales,1102,3,Sales Manager,2,No,3,2.3,1,Hybrid,1.7,10102,LinkedIn,36,2019-07-11,1.0,OK,9,0,1.1111111111111112
54,80561,No,Sales,1103,1,Sales Manager,3,No,3,4.2,4,Hybrid,2.9,10103,Employee Referral,12,2019-09-09,1.0,OK,2,1,2.5
64,51025,No,Sales,1104,3,Sales Manager,3,No,3,1.3,4,Remote,1.3,10104,Employee Referral,12,2021-11-18,1.0,OK,3,0,1.0
51,53379,No,Engineering,1105,2,Broadcast Engineer,2,Yes,2,3.0,3,On-site,3.0,10105,LinkedIn,35,2024-02-17,1.0,OK,7,3,3.7142857142857144
33,49421,No,News & Content,1106,2,Producer,4,No,3,2.6,2,Hybrid,2.5,10106,University Recruiting,32,2022-12-27,1.0,OK,7,0,1.5714285714285714
35,48430,Yes,News & Content,1107,2,Editor,3,No,3,6.7,3,On-site,6.7,10107,Employee Referral,34,2022-01-25,1.0,OK,2,1,6.5
60,57148,No,Sales,1108,3,Sales Manager,3,No,3,0.7,3,Remote,0.4,10108,LinkedIn,41,2025-12-18,1.0,OK,1,1,1.0
39,90544,Yes,News & Content,1109,4,Producer,3,Yes,3,1.2,3,On-site,0.1,10109,Employee Referral,52,2018-11-19,1.0,OK,5,0,5.8
37,80929,No,News & Content,1110,3,News Director,2,No,4,2.6,4,On-site,2.0,10110,Career Site,34,2019-05-12,1.0,OK,6,2,1.5
46,86880,No,Sales,1111,3,Account Executive,4,Yes,3,4.5,3,Hybrid,4.5,10111,Employee Referral,31,2025-05-04,1.0,OK,3,1,4.333333333333333
28,85118,No,News & Content,1112,4,Reporter,1,No,3,2.1,3,Hybrid,1.1,10112,LinkedIn,24,2023-06-17,1.0,OK,8,1,5.375
48,41213,Yes,News & Content,1113,3,Reporter,2,No,3,0.1,1,Hybrid,0.1,10113,Employee Referral,45,2024-10-12,1.0,OK,12,1,1.8333333333333333
59,54668,No,Sales,1114,2,Sales Coordinator,4,Yes,2,2.9,3,On-site,0.4,10114,University Recruiting,25,2018-09-07,1.0,OK,6,1,2.6666666666666665
46,101575,No,Sales,1115,3,Sales Manager,3,Yes,3,3.0,3,On-site,2.5,10115,LinkedIn,30,2022-06-15,1.0,OK,5,0,2.0
32,61922,Yes,Finance,1116,1,Financial Analyst,3,Yes,3,2.2,2,Hybrid,2.2,10116,LinkedIn,42,2018-08-11,1.0,OK,2,0,8.5
40,55157,No,News & Content,1117,4,Editor,1,No,2,3.0,4,Remote,3.0,10117,Employee Referral,35,2019-12-30,1.0,OK,4,2,4.25
34,68220,No,Engineering,1118,2,Systems Engineer,3,No,2,9.6,4,On-site,5.1,10118,Indeed,34,2019-04-10,1.0,OK,1,0,4.0
28,57054,No,Engineering,1119,3,Broadcast Engineer,1,Yes,4,2.4,3,On-site,2.3,10119,LinkedIn,22,2023-10-10,1.0,OK,8,2,4.5
46,61474,Yes,News & Content,1120,2,Reporter,1,No,4,0.1,2,Hybrid,0.1,10120,Recruiter Sourced,38,2025-08-27,1.0,OK,7,2,2.5714285714285716
27,92349,No,News & Content,1121,3,Editor,1,No,3,0.2,1,Hybrid,0.2,10121,Indeed,62,2021-11-21,1.0,OK,4,0,2.5
34,39584,Yes,News & Content,1122,2,Photojournalist,4,No,3,14.0,2,Hybrid,3.1,10122,Indeed,17,2025-01-07,1.0,OK,5,0,2.2
29,101846,No,News & Content,1123,2,Editor,4,No,3,9.0,2,On-site,0.2,10123,Employee Referral,19,2024-09-27,1.0,OK,3,0,5.0
53,84668,No,Sales,1124,1,Sales Manager,4,No,4,0.4,2,Hybrid,0.4,10124,Career Site,44,2024-02-06,1.0,OK,3,0,1.6666666666666667
40,34000,No,Engineering,1125,3,Broadcast Engineer,3,No,3,4.6,2,Hybrid,1.1,10125,Recruiter Sourced,37,2020-03-17,1.0,OK,2,2,0.0
46,56125,Yes,Engineering,1126,2,Broadcast Engineer,2,No,3,1.5,2,Remote,1.5,10126,Indeed,51,2023-09-05,1.0,OK,3,1,0.3333333333333333
48,58795,No,News & Content,1127,3,News Director,2,No,3,10.0,4,On-site,0.2,10127,Employee Referral,24,2022-09-29,1.0,OK,5,0,1.2
57,54973,No,Sales,1128,4,Account Executive,1,No,3,2.4,4,Hybrid,0.4,10128,Indeed,45,2021-11-08,1.0,OK,3,0,2.6666666666666665
44,77956,No,News & Content,1129,4,Photojournalist,2,No,3,6.9,3,Hybrid,3.9,10129,LinkedIn,38,2026-01-24,1.0,OK,4,1,2.75
47,60587,No,Sales,1130,4,Sales Manager,3,Yes,3,6.0,4,On-site,3.3,10130,Employee Referral,21,2023-06-11,1.0,OK,3,1,1.0
54,34000,No,News & Content,1131,4,Producer,4,No,4,6.1,3,Hybrid,0.9,10131,Career Site,25,2018-11-10,1.0,OK,1,0,1.0
50,69202,No,Engineering,1132,2,Broadcast Engineer,4,No,3,0.3,3,Hybrid,0.3,10132,LinkedIn,34,2019-12-31,1.0,OK,1,0,1.0
41,62563,Yes,News & Content,1133,4,Reporter,2,No,2,0.1,3,Remote,0.1,10133,Career Site,22,2022-07-23,1.0,OK,1,0,0.0
22,46473,No,News & Content,1134,2,Producer,3,No,3,1.9,4,On-site,0.9,10134,Employee Referral,48,2026-02-28,1.0,OK,6,0,0.6666666666666666
40,59648,Yes,News & Content,1135,1,Photojournalist,2,No,3,2.3,3,On-site,1.1,10135,LinkedIn,43,2023-07-30,1.0,OK,6,0,0.5
36,91855,No,Finance,1136,2,Accountant,3,Yes,2,6.5,4,Hybrid,0.3,10136,LinkedIn,27,2024-10-26,1.0,OK,3,0,2.6666666666666665
29,91551,No,Sales,1137,3,Sales Manager,2,No,3,6.9,4,On-site,4.0,10137,Career Site,31,2021-05-05,1.0,OK,8,3,1.125
36,38536,Yes,Sales,1138,3,Sales Coordinator,2,Yes,3,9.9,4,Hybrid,3.8,10138,Recruiter Sourced,46,2018-08-06,1.0,OK,5,0,1.0
32,34000,Yes,Finance,1139,2,Financial Analyst,3,No,3,6.9,2,On-site,3.5,10139,LinkedIn,33,2020-06-11,1.0,OK,5,0,3.0
35,82286,No,Sales,1140,2,Sales Manager,4,No,3,1.7,3,Hybrid,0.4,10140,LinkedIn,59,2019-07-02,1.0,OK,4,0,2.0
43,106630,No,News & Content,1141,3,Reporter,1,Yes,4,2.7,2,Hybrid,2.4,10141,Indeed,40,2022-10-20,1.0,OK,7,0,2.857142857142857
25,73433,No,News & Content,1142,3,Editor,3,No,3,5.0,3,On-site,0.8,10142,Career Site,23,2019-04-29,1.0,OK,3,0,5.333333333333333
64,64393,Yes,News & Content,1143,2,Reporter,4,Yes,3,0.8,2,Hybrid,0.8,10143,University Recruiting,20,2021-06-15,1.0,OK,4,2,4.0
35,79304,No,Engineering,1144,4,Broadcast Engineer,4,No,2,4.6,1,Hybrid,2.1,10144,Employee Referral,47,2024-08-25,1.0,OK,3,1,1.6666666666666667
44,73734,No,Sales,1145,2,Sales Manager,3,No,3,0.9,3,Hybrid,0.9,10145,Career Site,28,2022-11-17,1.0,OK,4,1,3.0
31,108078,No,News & Content,1146,3,Producer,3,No,3,5.5,2,Remote,2.1,10146,LinkedIn,35,2020-04-24,1.0,OK,5,0,1.8
43,67166,No,Sales,1147,4,Sales Manager,4,No,3,4.9,3,Hybrid,0.5,10147,University Recruiting,7,2024-09-20,1.0,OK,5,1,2.2
43,54059,No,News & Content,1148,1,News Director,3,No,3,0.3,4,On-site,0.3,10148,LinkedIn,34,2023-11-01,1.0,OK,5,0,2.4
35,112601,Yes,Engineering,1149,2,IT Support,2,No,3,1.0,3,Hybrid,1.0,10149,Employee Referral,15,2020-10-08,1.0,OK,10,2,2.8
63,36377,Yes,News & Content,1150,4,Producer,1,No,2,5.0,3,On-site,0.2,10150,Employee Referral,15,2020-02-10,1.0,OK,8,0,2.25
48,47243,Yes,Engineering,1151,2,Broadcast Engineer,2,Yes,3,7.2,3,On-site,5.8,10151,Career Site,50,2024-12-06,1.0,OK,9,1,1.1111111111111112
47,80703,No,Sales,1152,3,Account Executive,1,No,4,2.6,1,On-site,0.6,10152,Recruiter Sourced,29,2024-01-16,1.0,OK,5,0,3.0
34,54848,Yes,News & Content,1153,1,Photojournalist,3,No,3,1.0,1,Hybrid,1.0,10153,Employee Referral,29,2026-04-23,1.0,OK,5,2,0.6
31,58076,Yes,Sales,1154,1,Account Executive,4,Yes,3,3.8,1,On-site,1.7,10154,Recruiter Sourced,61,2022-05-10,1.0,OK,5,2,3.2
58,119929,No,News & Content,1155,3,Editor,2,No,3,6.0,4,Remote,1.7,10155,Employee Referral,46,2019-12-21,1.0,OK,7,0,2.0
21,69523,Yes,Engineering,1156,2,Systems Engineer,4,No,4,1.0,3,On-site,1.0,10156,LinkedIn,54,2023-12-03,1.0,OK,4,1,2.25
34,69995,No,News & Content,1157,4,Photojournalist,1,No,4,3.7,4,On-site,1.2,10157,Employee Referral,50,2018-11-26,1.0,OK,9,1,1.7777777777777777
42,93182,No,Sales,1158,4,Account Executive,2,No,3,0.1,2,On-site,0.1,10158,LinkedIn,44,2023-09-20,1.0,OK,3,0,2.3333333333333335
53,91703,No,News & Content,1159,3,Editor,4,No,4,2.7,2,On-site,1.4,10159,Career Site,54,2020-11-02,1.0,OK,4,0,2.5
27,92998,No,News & Content,1160,2,Photojournalist,4,Yes,3,7.0,4,Hybrid,0.0,10160,Employee Referral,24,2022-01-14,1.0,OK,5,1,2.4
33,49472,No,Engineering,1161,4,IT Support,3,No,3,4.3,2,Hybrid,0.8,10161,Recruiter Sourced,22,2021-03-26,1.0,OK,1,0,1.0
27,65565,No,Sales,1162,2,Account Executive,1,No,3,1.6,3,Hybrid,0.1,10162,Employee Referral,15,2024-12-31,1.0,OK,6,1,1.0
41,142993,Yes,Sales,1163,2,Account Executive,3,No,3,0.2,4,Remote,0.2,10163,Employee Referral,11,2024-08-17,1.0,OK,3,0,1.6666666666666667
39,68743,No,Sales,1164,3,Account Executive,2,No,3,3.8,3,On-site,2.0,10164,Recruiter Sourced,35,2018-11-27,1.0,OK,4,0,2.5
21,34000,No,Human Resources,1165,3,HR Manager,4,No,2,1.0,3,On-site,1.0,10165,Employee Referral,14,2024-06-25,1.0,OK,2,0,3.0
32,99595,No,Engineering,1166,3,Broadcast Engineer,4,No,4,4.9,4,On-site,2.6,10166,Employee Referral,19,2025-12-16,1.0,OK,1,1,3.0
21,81172,Yes,News & Content,1167,2,Photojournalist,1,No,4,1.0,4,Hybrid,1.0,10167,Employee Referral,31,2019-12-19,1.0,OK,5,1,0.4
31,45745,No,Sales,1168,3,Account Executive,4,No,3,2.2,2,Remote,1.7,10168,LinkedIn,7,2024-11-04,1.0,OK,5,1,1.8
32,37933,Yes,News & Content,1169,2,Photojournalist,1,No,3,9.6,3,On-site,1.9,10169,Indeed,32,2022-06-10,1.0,OK,1,0,0.0
35,80075,No,Sales,1170,3,Sales Coordinator,4,No,3,4.9,4,Hybrid,0.5,10170,LinkedIn,34,2019-06-28,1.0,OK,2,2,3.0
35,60645,No,Engineering,1171,2,IT Support,3,No,3,1.6,1,On-site,0.8,10171,University Recruiting,60,2025-09-20,1.0,OK,6,3,2.0
51,66498,No,Finance,1172,2,Financial Analyst,3,Yes,3,3.0,2,Hybrid,0.1,10172,LinkedIn,36,2024-04-30,1.0,OK,11,0,2.090909090909091
28,84653,Yes,News & Content,1173,2,Producer,2,No,3,8.0,4,On-site,0.1,10173,Career Site,35,2023-04-20,1.0,OK,6,0,0.8333333333333334
40,54950,No,Sales,1174,4,Sales Manager,1,No,4,16.4,4,On-site,0.4,10174,University Recruiting,54,2021-03-02,1.0,OK,5,0,3.2
21,72851,Yes,News & Content,1175,2,News Director,4,No,4,0.9,3,On-site,0.9,10175,Employee Referral,30,2020-02-24,1.0,OK,7,1,3.5714285714285716
38,43535,No,News & Content,1176,3,Photojournalist,3,No,3,6.0,2,Hybrid,1.0,10176,Employee Referral,36,2023-12-22,1.0,OK,2,1,2.0
31,50771,No,Sales,1177,4,Account Executive,4,No,3,11.0,2,Hybrid,1.2,10177,Employee Referral,46,2021-03-01,1.0,OK,2,2,3.0
44,107764,Yes,Engineering,1178,2,Broadcast Engineer,2,Yes,2,1.5,4,On-site,1.5,10178,Indeed,24,2024-10-16,1.0,OK,9,1,4.444444444444445
37,61970,No,News & Content,1179,2,Reporter,3,No,3,0.1,2,Hybrid,0.1,10179,LinkedIn,46,2021-03-02,1.0,OK,5,1,3.4
31,60009,Yes,News & Content,1180,4,Reporter,2,Yes,4,0.1,1,Remote,0.1,10180,University Recruiting,16,2019-05-06,1.0,OK,4,1,4.0
21,86150,No,Human Resources,1181,3,HR Manager,3,No,4,1.0,3,On-site,1.0,10181,Recruiter Sourced,42,2024-06-17,1.0,OK,2,1,9.5
45,58844,No,Human Resources,1182,4,HR Generalist,3,Yes,3,1.6,3,Hybrid,1.6,10182,LinkedIn,42,2025-07-08,1.0,OK,1,0,3.0
40,118726,No,News & Content,1183,4,Photojournalist,3,No,3,4.2,3,Hybrid,0.0,10183,LinkedIn,28,2021-07-25,1.0,OK,1,0,1.0
40,78671,Yes,Sales,1184,2,Sales Coordinator,2,No,4,1.2,1,Hybrid,0.9,10184,Employee Referral,31,2020-04-28,1.0,OK,6,1,4.0
21,40650,Yes,News & Content,1185,3,Photojournalist,4,No,3,1.0,1,Hybrid,0.2,10185,Employee Referral,55,2022-04-30,1.0,OK,5,1,0.8
51,101082,No,Sales,1186,4,Account Executive,4,No,2,1.3,4,On-site,0.8,10186,LinkedIn,32,2022-06-08,1.0,OK,0,0,0.0
34,98145,No,News & Content,1187,2,News Director,4,No,3,4.6,3,Hybrid,3.1,10187,Employee Referral,40,2025-09-07,1.0,OK,2,0,1.0
42,59632,No,Engineering,1188,4,Broadcast Engineer,4,No,4,0.9,3,On-site,0.9,10188,Employee Referral,34,2019-09-20,1.0,OK,3,1,3.0
43,34000,No,News & Content,1189,4,Editor,4,No,3,15.0,2,On-site,0.2,10189,LinkedIn,25,2025-12-25,1.0,OK,1,0,7.0
41,51094,No,Sales,1190,4,Account Executive,3,No,4,19.9,3,Hybrid,3.7,10190,Employee Referral,26,2022-03-14,1.0,OK,3,0,2.6666666666666665
37,83358,No,News & Content,1191,4,Editor,3,Yes,2,2.2,3,Hybrid,1.7,10191,Indeed,39,2021-08-28,1.0,OK,4,1,3.5
21,87062,Yes,Engineering,1192,3,IT Support,1,No,4,1.0,3,On-site,1.0,10192,Employee Referral,52,2019-08-26,1.0,OK,4,1,3.0
36,78756,No,News & Content,1193,3,News Director,3,Yes,3,5.5,3,On-site,0.4,10193,Recruiter Sourced,17,2024-04-26,1.0,OK,2,0,2.0
42,86059,No,Sales,1194,3,Sales Coordinator,1,No,3,2.5,2,On-site,2.5,10194,Career Site,54,2023-08-13,1.0,OK,4,0,5.0
39,37924,Yes,Engineering,1195,2,Broadcast Engineer,2,No,3,15.3,4,On-site,0.4,10195,Employee Referral,42,2026-05-13,1.0,OK,3,0,2.0
34,34000,No,News & Content,1196,4,News Director,3,No,3,4.1,3,On-site,1.3,10196,LinkedIn,30,2020-03-05,1.0,OK,1,0,2.0
43,57658,No,News & Content,1197,4,Producer,4,Yes,3,3.9,4,On-site,0.4,10197,LinkedIn,38,2019-07-30,1.0,OK,2,0,2.5
40,79450,No,News & Content,1198,3,Photojournalist,3,No,4,1.7,1,Hybrid,1.7,10198,Employee Referral,42,2024-02-05,1.0,OK,6,1,1.6666666666666667
33,45385,No,Human Resources,1199,2,HR Manager,4,No,3,3.9,2,On-site,0.4,10199,Employee Referral,19,2019-01-14,1.0,OK,8,1,3.125
24,34000,Yes,News & Content,1200,3,News Director,2,No,3,0.5,2,Hybrid,0.5,10200,University Recruiting,31,2019-08-26,1.0,OK,5,1,1.8
35,36347,Yes,News & Content,1201,2,Producer,4,No,4,1.9,3,Hybrid,1.9,10201,Indeed,34,2025-05-16,1.0,OK,7,3,0.5714285714285714
32,69703,No,News & Content,1202,3,News Director,4,No,3,0.5,3,On-site,0.5,10202,Career Site,12,2022-03-24,1.0,OK,2,0,3.5
33,95845,No,News & Content,1203,3,Producer,3,No,2,4.1,4,On-site,2.6,10203,Employee Referral,44,2019-12-06,1.0,OK,2,0,4.0
29,34000,Yes,News & Content,1204,3,News Director,3,No,3,4.8,1,Hybrid,3.8,10204,LinkedIn,25,2021-04-22,1.0,OK,2,1,2.5
32,85485,No,Finance,1205,2,Finance Manager,3,No,3,1.1,3,Hybrid,1.1,10205,Indeed,26,2025-08-26,1.0,OK,10,2,2.7
27,51597,No,Finance,1206,4,Accountant,4,Yes,2,7.0,4,On-site,5.1,10206,Employee Referral,32,2023-05-22,1.0,OK,3,1,4.666666666666667
28,122111,No,News & Content,1207,2,Producer,3,No,3,4.5,3,On-site,0.8,10207,LinkedIn,39,2024-11-16,1.0,OK,6,1,1.5
26,133363,Yes,Finance,1208,1,Accountant,2,Yes,3,1.7,3,On-site,1.7,10208,Employee Referral,38,2023-08-31,1.0,OK,10,0,5.4
50,56271,No,News & Content,1209,4,Reporter,4,No,4,2.7,1,On-site,1.8,10209,University Recruiting,34,2023-06-14,1.0,OK,2,0,5.0
46,34697,Yes,Engineering,1210,4,Broadcast Engineer,2,No,2,2.1,3,On-site,0.4,10210,Employee Referral,38,2019-12-02,1.0,OK,6,2,2.1666666666666665
36,98662,No,News & Content,1211,3,Photojournalist,4,Yes,4,1.7,2,On-site,1.7,10211,LinkedIn,24,2026-04-27,1.0,OK,4,0,1.25
30,59733,No,Finance,1212,3,Financial Analyst,1,No,2,4.8,4,On-site,1.2,10212,Indeed,36,2025-05-26,1.0,OK,3,2,2.3333333333333335
36,78381,No,Sales,1213,3,Account Executive,1,No,3,2.5,2,On-site,2.5,10213,University Recruiting,41,2019-04-02,1.0,OK,6,2,5.333333333333333
24,40203,No,News & Content,1214,3,Reporter,3,No,4,1.7,3,Hybrid,0.1,10214,Recruiter Sourced,26,2025-06-01,1.0,OK,2,0,2.0
25,42877,No,Engineering,1215,3,Broadcast Engineer,3,No,3,5.0,2,On-site,0.4,10215,University Recruiting,34,2022-06-22,1.0,OK,5,1,2.4
51,57693,No,News & Content,1216,4,Producer,4,No,4,14.1,3,On-site,0.2,10216,University Recruiting,41,2026-07-11,1.0,OK,2,0,1.0
59,37712,No,Sales,1217,4,Account Executive,4,No,3,1.5,2,Hybrid,1.5,10217,Career Site,32,2023-04-17,1.0,OK,3,0,2.6666666666666665
53,61651,Yes,News & Content,1218,1,News Director,1,Yes,3,3.1,3,On-site,0.9,10218,Career Site,17,2025-04-03,1.0,OK,10,2,4.1
30,85593,Yes,News & Content,1219,2,News Director,3,Yes,3,10.0,2,On-site,3.4,10219,Employee Referral,52,2020-10-16,1.0,OK,4,2,1.75
33,51809,No,Engineering,1220,2,IT Support,3,No,2,5.9,3,On-site,0.4,10220,Employee Referral,49,2024-05-26,1.0,OK,5,1,2.6
35,89053,Yes,News & Content,1221,1,Reporter,2,No,3,5.8,3,On-site,0.4,10221,Indeed,33,2024-06-13,1.0,OK,7,0,1.4285714285714286
31,75747,No,Finance,1222,2,Finance Manager,4,No,3,3.9,3,Hybrid,1.4,10222,Employee Referral,54,2020-07-13,1.0,OK,0,0,0.0
21,102102,No,Sales,1223,4,Sales Coordinator,1,No,4,1.0,3,Hybrid,1.0,10223,Employee Referral,42,2021-03-06,1.0,OK,4,0,1.5
37,70247,No,Human Resources,1224,3,HR Manager,2,No,4,0.6,4,Remote,0.6,10224,Employee Referral,31,2023-03-13,1.0,OK,3,1,1.0
49,86102,No,Engineering,1225,1,Broadcast Engineer,3,No,3,8.1,4,On-site,1.1,10225,Indeed,24,2025-09-10,1.0,OK,2,0,1.5
26,74632,No,Finance,1226,3,Accountant,2,Yes,4,3.4,2,Hybrid,2.6,10226,Recruiter Sourced,19,2023-04-18,1.0,OK,6,2,3.5
38,68094,Yes,Sales,1227,1,Account Executive,4,No,3,1.0,1,Remote,0.4,10227,Career Site,32,2019-10-02,1.0,OK,5,1,1.4
33,58816,Yes,Finance,1228,2,Accountant,2,Yes,3,13.0,4,Hybrid,1.6,10228,Employee Referral,22,2023-02-24,1.0,OK,8,1,2.5
33,104117,Yes,Sales,1229,2,Account Executive,2,No,3,8.5,1,Hybrid,1.1,10229,LinkedIn,23,2018-08-07,1.0,OK,14,3,3.5
29,42753,Yes,Sales,1230,1,Sales Coordinator,1,Yes,3,9.0,2,Hybrid,1.2,10230,LinkedIn,38,2026-05-27,1.0,OK,9,1,5.666666666666667
47,69937,No,Sales,1231,3,Sales Coordinator,3,No,3,2.8,2,Hybrid,0.5,10231,LinkedIn,16,2018-11-18,1.0,OK,2,0,1.5
46,70929,No,Engineering,1232,3,IT Support,3,No,3,2.5,4,Hybrid,0.7,10232,Career Site,13,2022-04-29,1.0,OK,0,0,0.0
36,87586,Yes,News & Content,1233,4,Editor,2,No,3,7.0,4,Hybrid,5.1,10233,Recruiter Sourced,35,2024-09-15,1.0,OK,8,1,2.75
54,73548,No,Engineering,1234,3,Broadcast Engineer,3,No,3,1.3,2,On-site,1.3,10234,LinkedIn,41,2018-10-30,1.0,OK,1,0,2.0
41,97221,No,Engineering,1235,3,Systems Engineer,2,No,3,1.2,4,On-site,0.9,10235,Career Site,39,2022-10-22,1.0,OK,5,1,4.2
56,82585,No,News & Content,1236,4,Reporter,3,Yes,3,6.3,3,Hybrid,1.1,10236,LinkedIn,13,2022-05-24,1.0,OK,13,1,1.6923076923076923
56,69986,No,Human Resources,1237,2,HR Manager,4,No,3,1.7,4,Hybrid,1.7,10237,Career Site,24,2024-12-10,1.0,OK,4,0,0.25
43,74004,No,Sales,1238,4,Sales Manager,2,No,4,2.1,4,Hybrid,0.9,10238,Recruiter Sourced,26,2025-02-16,1.0,OK,8,1,3.25
32,34000,No,Sales,1239,3,Sales Coordinator,3,No,2,1.7,4,On-site,1.7,10239,Employee Referral,14,2022-03-07,1.0,OK,3,0,4.0
52,60054,Yes,News & Content,1240,2,Photojournalist,2,Yes,3,10.4,4,Remote,3.5,10240,Employee Referral,34,2020-06-25,1.0,OK,8,0,3.0
31,92837,No,Sales,1241,3,Sales Coordinator,4,Yes,3,2.1,2,Hybrid,2.1,10241,Employee Referral,36,2023-01-10,1.0,OK,1,0,0.0
36,55584,No,News & Content,1242,2,Photojournalist,3,No,4,3.4,4,Hybrid,3.4,10242,LinkedIn,31,2018-08-29,1.0,OK,2,0,3.5
36,46979,No,Human Resources,1243,3,HR Manager,3,Yes,3,14.9,3,Hybrid,1.0,10243,University Recruiting,13,2024-05-31,1.0,OK,3,1,1.0
25,69363,No,Engineering,1244,3,IT Support,1,No,3,5.0,2,Hybrid,0.2,10244,Indeed,59,2026-02-27,1.0,OK,3,1,0.6666666666666666
42,87110,No,News & Content,1245,3,Producer,4,No,3,9.6,4,Hybrid,0.2,10245,Indeed,23,2019-08-15,1.0,OK,1,1,1.0
45,93549,Yes,News & Content,1246,3,Producer,4,No,4,2.3,1,On-site,2.3,10246,LinkedIn,46,2020-12-04,1.0,OK,7,0,1.5714285714285714
39,45238,No,Sales,1247,3,Sales Manager,1,No,3,4.0,4,Hybrid,0.3,10247,Recruiter Sourced,52,2023-09-28,1.0,OK,3,1,0.0
45,36784,Yes,News & Content,1248,4,Photojournalist,3,No,3,7.4,1,Remote,6.8,10248,LinkedIn,28,2019-04-15,1.0,OK,6,1,1.6666666666666667
28,108830,No,News & Content,1249,4,Producer,3,No,3,0.5,4,Hybrid,0.5,10249,Indeed,39,2022-05-25,1.0,OK,4,0,2.0
32,137324,No,Sales,1250,3,Sales Coordinator,1,Yes,3,10.4,2,Hybrid,1.5,10250,Employee Referral,16,2020-12-30,1.0,OK,5,0,3.6
28,44315,Yes,News & Content,1251,4,Editor,4,No,3,4.8,3,On-site,4.2,10251,LinkedIn,29,2024-03-09,1.0,OK,2,0,0.5
56,50137,No,News & Content,1252,3,Photojournalist,3,No,2,8.9,3,Remote,1.0,10252,Employee Referral,39,2025-06-03,1.0,OK,3,0,3.0
38,56061,Yes,Sales,1253,4,Sales Coordinator,1,Yes,3,0.2,4,Remote,0.2,10253,Employee Referral,34,2024-07-15,1.0,OK,6,0,4.666666666666667
37,54187,No,News & Content,1254,2,Editor,2,No,3,17.0,2,On-site,1.4,10254,LinkedIn,43,2018-10-03,1.0,OK,4,2,3.75
38,101889,No,Sales,1255,3,Sales Manager,1,Yes,4,5.9,3,Remote,0.3,10255,Recruiter Sourced,27,2022-03-14,1.0,OK,5,1,1.0
31,77758,No,Finance,1256,4,Finance Manager,2,No,3,9.5,3,Hybrid,0.2,10256,Career Site,46,2024-09-25,1.0,OK,5,0,2.8
48,85918,No,News & Content,1257,2,Editor,3,No,3,5.2,4,Hybrid,0.8,10257,Career Site,21,2025-07-21,1.0,OK,4,0,0.5
45,63325,No,Finance,1258,2,Finance Manager,2,No,3,1.7,3,On-site,0.9,10258,Recruiter Sourced,39,2021-10-20,1.0,OK,5,2,3.2
37,50387,No,News & Content,1259,3,Photojournalist,1,No,3,3.6,2,On-site,2.4,10259,Indeed,26,2024-11-16,1.0,OK,5,1,3.4
47,74211,No,Engineering,1260,4,Systems Engineer,3,No,2,0.1,2,Remote,0.1,10260,Employee Referral,12,2021-07-10,1.0,OK,2,0,0.0
26,111588,No,News & Content,1261,3,Reporter,4,No,3,6.0,3,On-site,0.5,10261,Employee Referral,42,2022-04-10,1.0,OK,4,1,2.25
42,57739,Yes,News & Content,1262,4,Reporter,4,Yes,3,3.6,1,Remote,1.7,10262,Employee Referral,7,2023-08-17,1.0,OK,10,2,2.7
23,75396,No,News & Content,1263,3,Photojournalist,1,No,3,3.0,3,Hybrid,1.6,10263,University Recruiting,24,2025-06-11,1.0,OK,2,0,1.0
32,72749,Yes,Sales,1264,3,Account Executive,1,Yes,2,0.1,3,Hybrid,0.1,10264,LinkedIn,20,2019-02-15,1.0,OK,2,0,1.5
41,82223,No,Finance,1265,4,Accountant,3,No,2,5.8,3,Remote,1.3,10265,Employee Referral,49,2025-09-15,1.0,OK,0,0,0.0
45,108940,Yes,News & Content,1266,4,Producer,1,No,3,0.1,3,Hybrid,0.1,10266,Recruiter Sourced,44,2021-03-22,1.0,OK,4,0,2.0
35,69757,No,News & Content,1267,3,Editor,4,Yes,3,8.0,3,Remote,3.1,10267,LinkedIn,20,2018-10-27,1.0,OK,11,2,2.090909090909091
43,94720,No,Human Resources,1268,2,HR Generalist,4,No,3,3.1,2,Hybrid,0.0,10268,Career Site,18,2021-12-19,1.0,OK,3,0,2.0
42,56908,No,Sales,1269,2,Account Executive,2,No,2,5.5,3,On-site,1.1,10269,Recruiter Sourced,28,2020-09-19,1.0,OK,9,0,3.888888888888889
39,119871,No,News & Content,1270,3,Photojournalist,4,Yes,3,5.7,4,Hybrid,1.0,10270,Recruiter Sourced,19,2026-02-16,1.0,OK,8,2,3.375
51,86141,No,News & Content,1271,3,Editor,4,No,3,1.8,3,Hybrid,1.8,10271,Recruiter Sourced,52,2022-11-24,1.0,OK,2,0,12.0
38,34000,No,Finance,1272,3,Finance Manager,4,No,3,6.7,3,Hybrid,3.6,10272,Career Site,11,2024-11-30,1.0,OK,2,1,5.0
44,43549,Yes,News & Content,1273,4,Reporter,1,Yes,3,1.1,2,Hybrid,0.7,10273,Employee Referral,57,2024-11-10,1.0,OK,6,2,2.6666666666666665
27,65790,No,Sales,1274,3,Sales Manager,2,No,3,1.5,3,Remote,1.0,10274,Employee Referral,38,2019-03-17,1.0,OK,5,0,1.8
31,83974,Yes,News & Content,1275,3,Producer,1,Yes,3,4.4,3,On-site,4.4,10275,Career Site,41,2025-08-09,1.0,OK,6,0,2.3333333333333335
33,50016,No,Finance,1276,3,Accountant,4,No,4,0.8,4,Hybrid,0.8,10276,Employee Referral,35,2024-06-11,1.0,OK,1,1,0.0
42,119538,No,Sales,1277,2,Sales Coordinator,2,No,3,3.4,2,Hybrid,3.0,10277,Employee Referral,13,2018-12-31,1.0,OK,7,1,0.8571428571428571
37,34000,No,Sales,1278,4,Sales Manager,3,No,3,4.1,1,Hybrid,3.7,10278,Career Site,44,2026-02-14,1.0,OK,2,0,0.0
51,107505,No,News & Content,1279,1,News Director,3,No,3,7.3,3,Hybrid,0.5,10279,Career Site,34,2023-12-16,1.0,OK,9,2,2.5555555555555554
50,60654,Yes,Sales,1280,2,Sales Coordinator,1,No,3,0.9,2,Hybrid,0.9,10280,Indeed,21,2025-08-30,1.0,OK,7,0,2.4285714285714284
24,88997,No,Finance,1281,3,Accountant,2,Yes,3,2.8,2,On-site,2.8,10281,LinkedIn,48,2019-06-13,1.0,OK,3,0,3.0
29,89617,No,Human Resources,1282,4,HR Manager,3,No,3,8.0,3,Hybrid,2.8,10282,LinkedIn,46,2021-06-26,1.0,OK,2,1,0.5
29,80059,No,Engineering,1283,4,IT Support,4,No,3,6.6,3,On-site,1.0,10283,University Recruiting,48,2023-07-07,1.0,OK,0,0,0.0
28,97410,No,Sales,1284,2,Sales Coordinator,4,No,3,8.0,3,Hybrid,1.3,10284,Recruiter Sourced,46,2021-06-26,1.0,OK,3,0,2.0
39,35099,No,Sales,1285,3,Sales Manager,3,No,3,2.7,4,On-site,2.2,10285,LinkedIn,27,2019-12-18,1.0,OK,1,0,5.0
54,53875,Yes,News & Content,1286,1,Producer,2,No,3,7.1,3,Hybrid,3.7,10286,LinkedIn,41,2023-01-11,1.0,OK,8,2,2.125
30,91980,No,Finance,1287,4,Finance Manager,3,No,3,3.1,3,Hybrid,3.1,10287,LinkedIn,47,2019-02-04,1.0,OK,3,0,0.6666666666666666
51,65331,No,Finance,1288,4,Accountant,3,No,3,2.6,3,On-site,1.7,10288,Indeed,46,2024-03-26,1.0,OK,2,0,0.0
37,44246,Yes,Sales,1289,2,Account Executive,2,Yes,3,1.3,2,On-site,1.3,10289,University Recruiting,7,2020-03-13,1.0,OK,8,2,2.5
44,82808,No,Finance,1290,3,Accountant,2,No,3,0.3,2,Hybrid,0.2,10290,Employee Referral,33,2026-05-30,1.0,OK,4,0,2.5
21,58131,No,Sales,1291,4,Sales Manager,3,No,3,1.0,3,On-site,1.0,10291,Career Site,24,2020-06-20,1.0,OK,2,0,0.5
39,34000,Yes,News & Content,1292,3,Photojournalist,4,Yes,3,0.1,4,Hybrid,0.1,10292,Employee Referral,52,2019-06-20,1.0,OK,4,1,2.75
31,76867,No,News & Content,1293,3,Photojournalist,3,No,3,2.8,1,On-site,1.0,10293,Recruiter Sourced,33,2022-05-22,1.0,OK,4,1,2.5
32,81288,No,News & Content,1294,3,News Director,2,No,4,2.0,4,On-site,0.4,10294,Employee Referral,39,2026-01-27,1.0,OK,7,1,3.4285714285714284
39,34000,Yes,News & Content,1295,3,Producer,3,Yes,4,2.9,4,On-site,0.7,10295,Career Site,36,2023-03-15,1.0,OK,2,0,2.0
47,79059,Yes,News & Content,1296,2,News Director,2,No,2,2.9,3,On-site,1.3,10296,University Recruiting,51,2026-03-26,1.0,OK,6,1,2.5
36,61733,No,News & Content,1297,2,Reporter,4,No,3,5.3,4,Hybrid,5.2,10297,Employee Referral,57,2020-03-28,1.0,OK,7,4,3.142857142857143
25,67835,No,News & Content,1298,4,News Director,3,No,3,5.0,3,Hybrid,1.3,10298,Recruiter Sourced,34,2024-07-08,1.0,OK,3,1,2.3333333333333335
26,34000,Yes,News & Content,1299,3,Producer,3,Yes,2,5.1,3,Hybrid,3.2,10299,Employee Referral,37,2020-05-12,1.0,OK,7,2,1.7142857142857142
63,78641,No,Human Resources,1300,3,HR Manager,3,No,4,3.6,4,Remote,3.3,10300,LinkedIn,52,2021-05-19,1.0,OK,8,1,0.875
28,68736,No,News & Content,1301,3,News Director,4,No,3,5.9,2,Hybrid,4.2,10301,Employee Referral,19,2020-09-12,1.0,OK,2,1,3.0
38,95929,No,Finance,1302,2,Financial Analyst,2,No,3,4.6,4,Hybrid,0.4,10302,Recruiter Sourced,20,2024-01-01,1.0,OK,7,0,2.0
43,48255,Yes,Engineering,1303,2,IT Support,4,No,3,0.7,4,Hybrid,0.7,10303,Career Site,25,2020-10-10,1.0,OK,3,0,7.666666666666667
30,40972,No,News & Content,1304,4,Reporter,3,Yes,4,5.7,2,Remote,2.1,10304,Indeed,44,2019-01-25,1.0,OK,8,2,2.125
45,128537,No,News & Content,1305,4,Producer,4,No,3,4.5,3,Hybrid,2.2,10305,Indeed,34,2021-04-27,1.0,OK,4,1,1.75
37,50166,Yes,Sales,1306,1,Sales Coordinator,2,Yes,3,0.7,4,On-site,0.1,10306,LinkedIn,25,2022-06-13,1.0,OK,8,1,1.75
33,84699,No,Human Resources,1307,4,HR Manager,1,No,3,5.6,1,Remote,1.5,10307,LinkedIn,50,2022-10-09,1.0,OK,8,1,2.25
27,84882,No,News & Content,1308,3,Photojournalist,4,No,4,6.5,4,On-site,2.0,10308,LinkedIn,14,2019-07-17,1.0,OK,4,0,1.75
53,73114,Yes,News & Content,1309,3,Editor,1,Yes,3,5.5,4,Hybrid,4.2,10309,Career Site,25,2024-03-28,1.0,OK,6,1,1.1666666666666667
27,75769,No,Finance,1310,2,Finance Manager,3,Yes,4,7.0,3,On-site,1.1,10310,Career Site,32,2023-12-27,1.0,OK,12,5,3.3333333333333335
44,83407,No,Sales,1311,3,Sales Coordinator,2,No,3,3.5,3,Remote,0.6,10311,LinkedIn,57,2022-10-28,1.0,OK,4,1,3.0
32,105103,No,Engineering,1312,2,IT Support,3,No,3,1.9,2,On-site,0.2,10312,LinkedIn,25,2020-11-23,1.0,OK,2,0,5.5
32,125739,No,News & Content,1313,3,News Director,2,No,3,1.8,1,On-site,1.8,10313,Employee Referral,41,2023-07-12,1.0,OK,10,2,2.1
28,41499,No,Human Resources,1314,3,HR Manager,3,No,3,8.0,3,Hybrid,0.0,10314,Career Site,32,2024-12-16,1.0,OK,2,0,1.0
52,81599,No,Engineering,1315,2,Systems Engineer,4,Yes,3,3.1,4,Hybrid,0.2,10315,Career Site,18,2026-02-14,1.0,OK,1,0,6.0
22,108226,Yes,Engineering,1316,3,Systems Engineer,1,Yes,3,0.1,3,On-site,0.1,10316,LinkedIn,40,2025-01-11,1.0,OK,1,0,7.0
37,34000,Yes,News & Content,1317,4,News Director,2,Yes,3,8.6,2,Remote,0.4,10317,Career Site,30,2026-02-01,1.0,OK,5,2,4.6
21,34000,Yes,Sales,1318,2,Sales Manager,4,No,2,1.0,2,On-site,0.4,10318,LinkedIn,27,2019-01-31,1.0,OK,8,3,2.25
60,57867,No,News & Content,1319,4,Photojournalist,2,No,3,8.5,2,Hybrid,1.2,10319,LinkedIn,16,2025-09-11,1.0,OK,3,0,2.0
32,63687,Yes,News & Content,1320,4,Photojournalist,1,Yes,3,2.1,3,On-site,1.8,10320,University Recruiting,35,2022-03-22,1.0,OK,5,0,1.2
36,34000,No,News & Content,1321,4,Photojournalist,3,No,3,2.0,4,On-site,2.0,10321,Employee Referral,53,2019-03-15,1.0,OK,2,0,2.0
38,76644,No,Human Resources,1322,4,HR Manager,4,No,3,0.4,2,Hybrid,0.4,10322,Career Site,26,2025-09-28,1.0,OK,3,1,2.3333333333333335
43,116853,Yes,News & Content,1323,3,News Director,2,No,3,1.2,3,Hybrid,1.2,10323,LinkedIn,19,2020-11-12,1.0,OK,9,3,3.111111111111111
24,54983,No,News & Content,1324,2,News Director,3,No,4,4.0,3,On-site,1.9,10324,Employee Referral,12,2026-03-19,1.0,OK,1,0,3.0
55,109910,No,News & Content,1325,1,Reporter,4,No,4,5.7,3,On-site,5.3,10325,Employee Referral,11,2019-06-08,1.0,OK,3,0,0.6666666666666666
29,95739,No,Sales,1326,1,Account Executive,1,No,3,2.5,4,On-site,0.7,10326,LinkedIn,32,2020-10-07,1.0,OK,8,0,0.75
42,88814,No,News & Content,1327,2,Producer,3,No,3,3.3,4,Remote,2.4,10327,Career Site,35,2024-02-19,1.0,OK,2,0,10.5
46,84276,Yes,News & Content,1328,4,Photojournalist,4,Yes,3,0.5,4,Hybrid,0.5,10328,Employee Referral,39,2022-07-13,1.0,OK,3,0,2.0
41,85148,Yes,News & Content,1329,1,News Director,4,Yes,3,1.8,4,On-site,0.0,10329,Employee Referral,32,2025-07-23,1.0,OK,6,1,2.1666666666666665
39,62669,No,Engineering,1330,2,Systems Engineer,1,No,3,13.8,3,Hybrid,1.3,10330,Employee Referral,36,2022-09-22,1.0,OK,7,1,1.2857142857142858
36,111449,Yes,Human Resources,1331,2,HR Manager,4,No,4,0.7,4,Hybrid,0.7,10331,Indeed,53,2023-07-30,1.0,OK,2,0,4.5
41,84052,No,News & Content,1332,3,Producer,3,No,3,1.2,1,Remote,1.2,10332,Employee Referral,50,2020-11-26,1.0,OK,9,1,3.2222222222222223
25,80559,No,News & Content,1333,4,Producer,4,Yes,3,4.9,4,Remote,4.6,10333,Employee Referral,49,2026-04-26,1.0,OK,6,1,1.6666666666666667
36,85876,No,News & Content,1334,3,Reporter,4,No,3,1.3,3,On-site,1.3,10334,Indeed,47,2022-11-22,1.0,OK,0,0,0.0
37,89802,No,News & Content,1335,3,News Director,4,No,2,5.4,3,Hybrid,1.3,10335,LinkedIn,42,2019-08-13,1.0,OK,4,1,0.0
42,51892,Yes,Sales,1336,4,Sales Manager,1,Yes,3,10.9,4,Hybrid,0.5,10336,Recruiter Sourced,14,2021-05-02,1.0,OK,7,1,1.1428571428571428
32,54192,No,Sales,1337,4,Account Executive,4,No,4,11.4,4,Hybrid,3.2,10337,University Recruiting,31,2022-02-09,1.0,OK,4,0,3.25
31,34000,Yes,Finance,1338,3,Accountant,2,Yes,4,1.4,4,On-site,1.2,10338,Indeed,37,2023-09-19,1.0,OK,4,1,2.0
27,77729,No,Engineering,1339,3,Broadcast Engineer,3,No,2,2.0,1,On-site,0.7,10339,Career Site,22,2020-11-21,1.0,OK,6,1,3.3333333333333335
40,62626,No,Sales,1340,2,Sales Manager,3,Yes,3,4.4,3,On-site,0.1,10340,Employee Referral,56,2019-01-23,1.0,OK,3,2,3.0
47,61710,Yes,Sales,1341,3,Sales Manager,1,Yes,3,7.8,3,Hybrid,7.8,10341,Indeed,29,2025-07-14,1.0,OK,6,1,4.5
25,34000,No,Engineering,1342,3,Systems Engineer,3,No,3,3.1,4,Remote,3.1,10342,University Recruiting,12,2020-06-01,1.0,OK,1,1,1.0
37,107535,No,News & Content,1343,4,News Director,3,Yes,3,4.4,2,Remote,0.0,10343,LinkedIn,28,2026-02-20,1.0,OK,3,1,1.0
31,90956,No,Finance,1344,4,Financial Analyst,4,No,4,5.6,4,Hybrid,1.3,10344,Career Site,39,2023-09-19,1.0,OK,0,0,0.0
35,83910,No,Sales,1345,2,Account Executive,3,Yes,3,2.1,4,On-site,0.1,10345,University Recruiting,22,2021-11-07,1.0,OK,3,0,3.3333333333333335
42,86370,No,Finance,1346,3,Finance Manager,4,No,4,2.8,3,On-site,0.3,10346,Career Site,32,2021-04-20,1.0,OK,4,0,6.5
36,64495,No,Sales,1347,3,Sales Coordinator,4,No,2,3.8,4,Hybrid,0.4,10347,Recruiter Sourced,13,2023-09-23,1.0,OK,2,0,0.0
50,78964,No,News & Content,1348,1,News Director,3,Yes,3,1.9,3,On-site,1.9,10348,LinkedIn,28,2021-03-03,1.0,OK,2,1,0.5
41,36142,Yes,News & Content,1349,1,Photojournalist,2,No,3,6.1,3,On-site,0.4,10349,Career Site,34,2023-04-22,1.0,OK,15,0,2.533333333333333
49,88258,Yes,Sales,1350,1,Sales Manager,2,No,3,11.7,2,Hybrid,6.9,10350,Indeed,32,2024-02-19,1.0,OK,10,1,4.1
48,50666,No,Sales,1351,2,Sales Coordinator,3,No,3,1.6,1,Hybrid,1.6,10351,Indeed,44,2025-04-18,1.0,OK,3,1,1.3333333333333333
38,115495,Yes,News & Content,1352,1,Photojournalist,2,No,3,0.9,3,Remote,0.6,10352,Employee Referral,21,2022-02-14,1.0,OK,4,0,4.25
37,47562,No,Sales,1353,1,Sales Manager,3,No,4,8.7,4,Hybrid,0.3,10353,Employee Referral,38,2020-12-28,1.0,OK,7,0,2.0
21,95313,Yes,Engineering,1354,3,Systems Engineer,4,Yes,3,0.4,3,Remote,0.2,10354,Employee Referral,41,2019-08-13,1.0,OK,4,1,2.25
29,34000,No,News & Content,1355,2,News Director,3,No,4,8.8,4,Hybrid,0.1,10355,Employee Referral,24,2024-11-15,1.0,OK,4,2,4.5
31,89971,Yes,News & Content,1356,2,News Director,4,No,3,1.1,1,Hybrid,1.1,10356,Employee Referral,22,2019-12-07,1.0,OK,5,1,1.2
42,68908,No,Human Resources,1357,3,HR Generalist,2,No,3,6.6,3,Hybrid,1.4,10357,Employee Referral,56,2020-08-21,1.0,OK,2,0,4.0
38,52646,Yes,Human Resources,1358,1,HR Generalist,2,No,3,7.2,3,Remote,2.6,10358,Indeed,30,2022-06-07,1.0,OK,6,1,3.0
23,109183,Yes,Sales,1359,2,Account Executive,2,No,4,0.5,4,Hybrid,0.5,10359,Career Site,39,2026-04-29,1.0,OK,5,1,3.2
51,75782,Yes,Finance,1360,3,Financial Analyst,1,No,2,1.6,1,On-site,1.6,10360,Recruiter Sourced,39,2024-09-19,1.0,OK,4,1,1.5
46,97624,Yes,Engineering,1361,2,IT Support,4,Yes,3,0.8,3,On-site,0.8,10361,University Recruiting,15,2018-12-09,1.0,OK,5,3,2.2
51,59602,No,Finance,1362,3,Finance Manager,3,No,4,0.3,4,Remote,0.3,10362,Indeed,36,2021-05-20,1.0,OK,3,1,4.333333333333333
33,56705,No,Sales,1363,3,Sales Manager,4,Yes,4,6.5,4,On-site,5.2,10363,Career Site,36,2022-03-17,1.0,OK,4,1,2.5
33,108993,No,News & Content,1364,4,News Director,3,Yes,3,6.2,3,Hybrid,6.2,10364,Employee Referral,56,2019-11-22,1.0,OK,3,0,1.0
21,73659,Yes,Sales,1365,1,Sales Coordinator,1,No,2,1.0,3,Remote,1.0,10365,LinkedIn,35,2025-12-14,1.0,OK,4,1,2.0
38,85030,Yes,News & Content,1366,3,Reporter,1,No,3,0.6,4,On-site,0.3,10366,Indeed,43,2024-04-02,1.0,OK,10,1,2.9
54,107046,No,News & Content,1367,4,Editor,2,No,3,6.5,3,Hybrid,1.4,10367,Employee Referral,44,2020-11-03,1.0,OK,5,0,2.4
47,49118,No,Sales,1368,1,Sales Manager,3,No,3,5.1,3,On-site,5.1,10368,Career Site,30,2026-05-06,1.0,OK,0,0,0.0
55,36301,No,Engineering,1369,3,Broadcast Engineer,3,No,3,6.6,1,Remote,1.7,10369,Career Site,61,2025-04-10,1.0,OK,0,0,0.0
29,90631,No,News & Content,1370,3,News Director,3,No,3,2.3,4,Hybrid,2.3,10370,Employee Referral,24,2024-02-07,1.0,OK,5,2,2.0
21,57434,Yes,Sales,1371,2,Sales Coordinator,3,No,3,1.0,4,Remote,1.0,10371,Career Site,13,2023-11-22,1.0,OK,4,1,2.75
37,61993,Yes,News & Content,1372,2,Producer,1,No,3,12.5,2,Remote,0.2,10372,Career Site,7,2019-10-15,1.0,OK,5,2,1.8
40,85416,No,News & Content,1373,3,Reporter,4,No,3,6.1,4,Remote,1.0,10373,University Recruiting,27,2020-06-18,1.0,OK,6,2,1.3333333333333333
38,72467,No,News & Content,1374,3,Photojournalist,3,No,3,0.1,3,Hybrid,0.1,10374,Employee Referral,10,2018-11-21,1.0,OK,3,0,1.6666666666666667
43,48260,No,Sales,1375,2,Sales Coordinator,4,Yes,3,5.0,2,Hybrid,1.0,10375,LinkedIn,25,2021-02-03,1.0,OK,4,0,1.75
25,34000,Yes,News & Content,1376,3,News Director,1,No,3,2.2,3,On-site,2.2,10376,Indeed,34,2019-07-28,1.0,OK,7,2,1.7142857142857142
36,141641,No,Sales,1377,2,Sales Manager,3,No,3,11.0,3,Remote,1.3,10377,University Recruiting,37,2020-08-22,1.0,OK,3,0,1.0
41,53950,No,Sales,1378,2,Sales Manager,2,No,3,2.0,4,Hybrid,1.6,10378,LinkedIn,29,2020-01-14,1.0,OK,6,1,6.333333333333333
21,65293,Yes,Sales,1379,2,Sales Manager,3,Yes,3,1.0,3,On-site,1.0,10379,Career Site,24,2023-01-22,1.0,OK,8,0,3.125
50,76070,No,Engineering,1380,3,Broadcast Engineer,4,Yes,3,2.3,1,Hybrid,2.0,10380,Employee Referral,27,2018-11-02,1.0,OK,1,0,4.0
37,79407,No,Sales,1381,4,Sales Manager,3,No,4,17.0,2,Hybrid,7.4,10381,Employee Referral,41,2021-02-04,1.0,OK,4,0,4.0
42,98293,Yes,Human Resources,1382,1,HR Generalist,4,Yes,3,1.5,1,On-site,1.5,10382,Recruiter Sourced,20,2021-04-23,1.0,OK,8,3,4.875
46,47751,No,Sales,1383,2,Sales Coordinator,4,Yes,3,2.0,3,Hybrid,1.1,10383,Recruiter Sourced,24,2021-07-17,1.0,OK,3,2,0.3333333333333333
43,83747,No,Engineering,1384,2,Systems Engineer,4,No,3,0.3,2,On-site,0.3,10384,LinkedIn,38,2022-11-17,1.0,OK,2,0,3.0
36,66841,No,Engineering,1385,4,Broadcast Engineer,4,No,4,3.2,3,Hybrid,1.5,10385,LinkedIn,35,2019-11-11,1.0,OK,3,1,2.0
35,75591,No,News & Content,1386,3,Reporter,2,No,3,6.3,4,On-site,2.5,10386,Indeed,12,2020-12-21,1.0,OK,8,1,3.25
30,60564,No,Sales,1387,2,Sales Manager,2,No,2,6.6,2,On-site,2.4,10387,LinkedIn,47,2025-12-03,1.0,OK,7,0,2.857142857142857
30,55790,No,Engineering,1388,4,Broadcast Engineer,4,No,4,0.9,4,Hybrid,0.2,10388,Career Site,27,2021-10-18,1.0,OK,1,0,0.0
34,81738,No,Engineering,1389,2,IT Support,1,No,3,1.8,3,On-site,1.8,10389,LinkedIn,19,2022-07-22,1.0,OK,6,2,2.0
35,41975,Yes,Sales,1390,2,Account Executive,1,No,2,0.4,2,On-site,0.4,10390,Indeed,16,2019-09-21,1.0,OK,5,0,4.0
42,104786,Yes,Sales,1391,1,Sales Coordinator,2,Yes,3,14.5,3,On-site,0.7,10391,University Recruiting,47,2022-03-23,1.0,OK,9,1,2.6666666666666665
21,34000,Yes,Engineering,1392,1,Systems Engineer,2,No,3,1.0,3,On-site,1.0,10392,Indeed,7,2021-02-13,1.0,OK,6,0,1.0
33,54686,Yes,News & Content,1393,2,Producer,1,Yes,3,6.7,3,Remote,3.2,10393,Employee Referral,39,2018-08-05,1.0,OK,12,2,2.75
49,57687,No,Sales,1394,4,Account Executive,3,No,3,7.1,4,On-site,1.9,10394,Recruiter Sourced,45,2024-06-19,1.0,OK,2,0,5.5
25,60991,No,Sales,1395,2,Sales Manager,3,No,3,5.0,2,On-site,2.4,10395,Recruiter Sourced,28,2026-05-13,1.0,OK,0,0,0.0
39,56533,Yes,News & Content,1396,2,Reporter,1,Yes,3,6.7,3,Hybrid,4.5,10396,Indeed,54,2021-03-18,1.0,OK,10,1,2.7
53,60898,No,News & Content,1397,3,News Director,4,No,3,7.8,4,Remote,0.3,10397,Employee Referral,21,2024-03-15,1.0,OK,2,0,1.0
32,110315,No,Sales,1398,3,Sales Coordinator,3,No,3,2.8,4,On-site,2.8,10398,Career Site,40,2022-05-08,1.0,OK,2,0,1.0
50,49816,No,News & Content,1399,3,Photojournalist,1,No,3,3.1,3,On-site,1.5,10399,Employee Referral,35,2020-11-16,1.0,OK,2,1,0.0
47,54135,No,Finance,1400,4,Finance Manager,3,No,3,2.7,3,Hybrid,0.1,10400,Employee Referral,56,2026-02-10,1.0,OK,3,0,3.6666666666666665
24,67383,No,News & Content,1401,3,Reporter,3,No,4,4.0,2,On-site,0.1,10401,Employee Referral,30,2026-05-28,1.0,OK,2,1,3.5
45,77170,No,Engineering,1402,3,Systems Engineer,3,No,3,2.4,2,Remote,2.4,10402,LinkedIn,39,2023-02-24,1.0,OK,1,0,5.0
58,71993,No,News & Content,1403,3,Editor,3,Yes,3,1.5,3,On-site,1.2,10403,Employee Referral,35,2019-09-26,1.0,OK,1,0,0.0
37,51077,No,Sales,1404,4,Account Executive,3,Yes,2,3.4,3,Hybrid,0.1,10404,Indeed,14,2023-01-30,1.0,OK,1,0,10.0
29,83314,No,News & Content,1405,4,News Director,4,Yes,3,0.7,3,On-site,0.0,10405,Employee Referral,32,2025-10-24,1.0,OK,4,0,3.75
23,69642,No,Sales,1406,1,Account Executive,4,No,3,3.0,3,Remote,0.7,10406,Employee Referral,26,2022-02-04,1.0,OK,4,1,3.75
25,38621,Yes,News & Content,1407,3,News Director,4,Yes,3,2.3,4,On-site,2.3,10407,Employee Referral,35,2024-01-27,1.0,OK,3,0,1.3333333333333333
64,98175,No,Sales,1408,1,Sales Manager,4,No,3,13.2,3,On-site,0.6,10408,Indeed,39,2024-05-30,1.0,OK,4,1,2.25
36,97986,Yes,Sales,1409,1,Sales Coordinator,2,No,3,0.2,2,On-site,0.2,10409,LinkedIn,51,2025-10-05,1.0,OK,5,1,2.2
21,69815,No,News & Content,1410,3,Reporter,4,No,3,1.0,2,Remote,1.0,10410,Career Site,7,2019-09-04,1.0,OK,1,0,0.0
33,88508,Yes,News & Content,1411,4,Reporter,1,No,3,0.8,2,Hybrid,0.7,10411,Career Site,34,2022-12-19,1.0,OK,9,2,2.3333333333333335
41,34000,Yes,News & Content,1412,2,Reporter,3,Yes,3,0.8,3,Hybrid,0.8,10412,LinkedIn,17,2021-01-09,1.0,OK,6,0,4.333333333333333
22,35632,Yes,News & Content,1413,2,Editor,2,No,2,2.0,3,On-site,0.4,10413,Recruiter Sourced,41,2021-10-09,1.0,OK,4,1,3.0
39,101503,No,News & Content,1414,3,Editor,4,No,3,2.8,4,On-site,1.6,10414,Employee Referral,62,2025-04-15,1.0,OK,6,1,3.3333333333333335
39,86473,No,News & Content,1415,4,Reporter,1,No,3,1.8,3,Hybrid,1.8,10415,Indeed,29,2022-02-16,1.0,OK,6,2,1.8333333333333333
27,83966,Yes,News & Content,1416,1,Editor,1,Yes,3,7.0,3,On-site,2.0,10416,Employee Referral,23,2019-04-20,1.0,OK,8,3,1.375
37,65260,No,Sales,1417,4,Account Executive,4,Yes,3,0.3,4,On-site,0.3,10417,Career Site,27,2018-12-31,1.0,OK,5,0,0.6
38,65076,No,Human Resources,1418,3,HR Manager,3,No,3,2.8,4,Hybrid,0.0,10418,Recruiter Sourced,17,2023-09-09,1.0,OK,3,0,5.333333333333333
45,86791,No,News & Content,1419,3,Editor,3,No,3,4.7,2,Hybrid,1.4,10419,Employee Referral,7,2023-03-24,1.0,OK,0,0,0.0
44,120832,No,Sales,1420,3,Sales Coordinator,1,No,3,0.3,3,On-site,0.3,10420,Employee Referral,37,2020-05-03,1.0,OK,1,0,0.0
33,58270,No,Engineering,1421,4,Broadcast Engineer,4,Yes,3,13.0,2,On-site,1.5,10421,Recruiter Sourced,33,2026-01-17,1.0,OK,1,0,6.0
51,63530,No,Sales,1422,4,Sales Manager,4,Yes,2,13.4,4,Hybrid,2.3,10422,Indeed,24,2020-10-13,1.0,OK,3,0,1.3333333333333333
50,85059,No,Finance,1423,3,Finance Manager,2,No,2,2.4,2,On-site,2.4,10423,Indeed,19,2018-09-27,1.0,OK,4,1,2.25
28,66868,Yes,Finance,1424,2,Finance Manager,3,Yes,4,3.3,1,On-site,0.5,10424,Employee Referral,44,2022-11-13,1.0,OK,6,1,4.333333333333333
21,34000,No,Sales,1425,2,Sales Manager,3,No,3,1.0,2,Hybrid,0.4,10425,Career Site,50,2022-02-14,1.0,OK,5,2,3.0
21,97546,No,Engineering,1426,4,IT Support,4,No,3,1.0,4,Hybrid,0.4,10426,Recruiter Sourced,35,2023-12-07,1.0,OK,1,0,3.0
29,117359,No,News & Content,1427,3,Producer,2,No,4,2.4,3,On-site,2.4,10427,Recruiter Sourced,7,2019-04-05,1.0,OK,3,0,1.3333333333333333
35,80627,No,Human Resources,1428,4,HR Generalist,1,No,4,1.9,4,On-site,1.4,10428,Recruiter Sourced,31,2022-08-27,1.0,OK,0,0,0.0
24,96424,No,Sales,1429,3,Sales Manager,3,No,3,4.0,1,On-site,2.5,10429,LinkedIn,38,2020-02-12,1.0,OK,4,1,3.75
38,105901,No,News & Content,1430,4,Reporter,3,Yes,3,3.9,4,Hybrid,2.3,10430,Recruiter Sourced,30,2021-02-06,1.0,OK,4,1,2.25
36,51682,No,News & Content,1431,4,Photojournalist,4,No,2,7.8,4,Hybrid,0.2,10431,LinkedIn,31,2023-05-27,1.0,OK,4,0,3.0
48,56387,Yes,News & Content,1432,2,News Director,2,Yes,3,1.4,3,On-site,1.4,10432,Recruiter Sourced,24,2026-02-08,1.0,OK,12,1,2.1666666666666665
43,115507,No,Human Resources,1433,3,HR Generalist,4,No,3,0.1,4,On-site,0.1,10433,Recruiter Sourced,30,2025-10-29,1.0,OK,3,0,0.0
36,80108,No,Engineering,1434,1,Broadcast Engineer,1,No,3,7.4,3,Hybrid,1.8,10434,Indeed,46,2021-06-13,1.0,OK,5,0,0.4
30,96831,No,Sales,1435,3,Account Executive,2,No,3,0.7,3,On-site,0.1,10435,University Recruiting,36,2019-09-29,1.0,OK,4,1,2.5
48,71712,No,News & Content,1436,2,Photojournalist,3,No,3,12.5,2,Hybrid,4.3,10436,Employee Referral,26,2025-05-22,1.0,OK,2,1,5.5
39,71641,No,Sales,1437,2,Sales Manager,3,No,3,13.4,2,On-site,4.5,10437,LinkedIn,30,2021-07-08,1.0,OK,4,1,2.25
35,61002,No,News & Content,1438,3,Reporter,4,No,3,1.1,2,On-site,1.1,10438,University Recruiting,51,2021-07-17,1.0,OK,0,0,0.0
45,122169,No,News & Content,1439,1,Photojournalist,4,No,3,17.2,4,Hybrid,2.5,10439,Indeed,19,2020-11-01,1.0,OK,5,0,1.6
45,48152,No,Engineering,1440,2,IT Support,4,No,3,2.3,3,On-site,0.2,10440,LinkedIn,25,2021-05-15,1.0,OK,2,0,3.0
47,34000,Yes,News & Content,1441,2,Editor,4,Yes,3,5.0,2,Hybrid,2.0,10441,LinkedIn,31,2026-05-19,1.0,OK,5,0,2.6
51,34000,No,News & Content,1442,4,Producer,4,No,3,1.7,3,Hybrid,0.4,10442,LinkedIn,25,2025-07-21,1.0,OK,3,1,0.3333333333333333
37,102293,No,News & Content,1443,2,Reporter,4,No,3,2.0,2,On-site,1.3,10443,Career Site,50,2019-04-05,1.0,OK,3,0,3.3333333333333335
42,49606,No,Finance,1444,4,Accountant,3,No,4,10.1,4,Hybrid,0.8,10444,Employee Referral,46,2024-05-19,1.0,OK,4,2,1.75
32,79868,No,Engineering,1445,3,Systems Engineer,2,No,2,0.3,2,On-site,0.3,10445,Employee Referral,31,2022-02-11,1.0,OK,3,1,3.3333333333333335
36,87474,No,Sales,1446,4,Sales Manager,1,No,3,9.8,3,On-site,1.5,10446,Employee Referral,61,2026-07-02,1.0,OK,7,1,2.142857142857143
54,34000,No,Human Resources,1447,3,HR Generalist,4,Yes,3,10.0,2,Remote,1.5,10447,Recruiter Sourced,37,2024-12-27,1.0,OK,2,0,1.0
42,53678,No,Human Resources,1448,1,HR Manager,3,Yes,3,2.7,3,Hybrid,2.7,10448,Employee Referral,53,2020-11-13,1.0,OK,4,0,2.25
44,47512,No,News & Content,1449,4,Editor,2,No,3,1.7,2,On-site,1.7,10449,Career Site,52,2025-01-02,1.0,OK,6,2,2.3333333333333335
50,123462,No,Sales,1450,3,Sales Coordinator,4,No,3,5.3,4,On-site,2.6,10450,Career Site,39,2026-04-28,1.0,OK,0,0,0.0
36,79308,No,Sales,1451,4,Sales Manager,3,Yes,3,1.6,3,Hybrid,0.4,10451,Recruiter Sourced,19,2021-12-13,1.0,OK,3,0,4.333333333333333
21,105557,No,News & Content,1452,3,Editor,3,No,3,0.9,2,Hybrid,0.9,10452,Career Site,34,2025-09-24,1.0,OK,1,1,3.0
26,41642,No,Sales,1453,3,Sales Manager,4,No,3,0.5,3,On-site,0.5,10453,Indeed,24,2019-09-04,1.0,OK,0,0,0.0
55,126432,No,News & Content,1454,4,Reporter,3,No,2,1.3,4,On-site,1.3,10454,Employee Referral,40,2023-04-04,1.0,OK,2,0,3.0
40,98428,Yes,News & Content,1455,1,News Director,3,Yes,3,1.2,2,On-site,1.2,10455,Recruiter Sourced,38,2019-04-01,1.0,OK,6,0,1.1666666666666667
35,91441,No,Sales,1456,1,Sales Manager,4,No,4,8.4,3,On-site,1.2,10456,Career Site,36,2020-03-22,1.0,OK,3,0,0.6666666666666666
36,57467,No,Sales,1457,3,Account Executive,2,Yes,3,5.7,3,Hybrid,2.0,10457,Indeed,44,2022-05-10,1.0,OK,8,1,0.75
22,104675,No,Finance,1458,3,Accountant,3,No,4,0.9,3,Hybrid,0.9,10458,Indeed,38,2025-07-01,1.0,OK,3,0,0.6666666666666666
39,34000,Yes,News & Content,1459,3,Photojournalist,3,No,2,1.5,2,Hybrid,0.3,10459,Indeed,32,2026-06-14,1.0,OK,5,1,3.4
59,71799,No,News & Content,1460,3,Producer,3,No,3,2.6,3,Hybrid,1.2,10460,Career Site,18,2019-02-02,1.0,OK,5,2,0.4
31,64453,No,News & Content,1461,3,News Director,3,No,3,4.0,2,On-site,0.9,10461,LinkedIn,25,2026-03-29,1.0,OK,3,0,1.6666666666666667
48,96513,No,News & Content,1462,1,Reporter,4,No,3,6.5,4,Hybrid,1.6,10462,Employee Referral,20,2024-08-10,1.0,OK,3,0,0.3333333333333333
28,133833,No,News & Content,1463,3,Reporter,2,No,4,3.8,2,Hybrid,2.3,10463,Employee Referral,45,2019-04-08,1.0,OK,6,0,4.0
42,106564,No,Sales,1464,2,Sales Manager,4,No,2,0.3,4,Hybrid,0.3,10464,Indeed,31,2021-11-01,1.0,OK,2,1,3.0
21,93741,Yes,News & Content,1465,1,Producer,3,Yes,3,1.0,4,On-site,1.0,10465,Employee Referral,36,2025-11-15,1.0,OK,3,1,1.0
41,71795,No,Engineering,1466,4,Systems Engineer,3,No,3,2.0,3,On-site,2.0,10466,LinkedIn,27,2021-11-16,1.0,OK,1,0,4.0
43,60271,No,Finance,1467,4,Financial Analyst,4,Yes,3,5.7,2,Hybrid,0.8,10467,Recruiter Sourced,48,2023-01-03,1.0,OK,1,0,0.0
49,68909,Yes,News & Content,1468,1,Photojournalist,2,No,3,8.8,1,On-site,1.1,10468,LinkedIn,41,2024-03-29,1.0,OK,11,2,1.7272727272727273
33,47542,No,News & Content,1469,3,Editor,3,No,4,3.9,2,Remote,1.2,10469,Career Site,35,2024-08-07,1.0,OK,2,0,3.5
48,113643,No,Sales,1470,3,Sales Coordinator,1,No,3,4.8,3,On-site,0.4,10470,Indeed,33,2019-08-28,1.0,OK,8,0,1.0
