Email,TicketCategory,DaysToResolve,Escalated
allison.hill@company.com,Policy Question,1,0
allison.hill@company.com,Policy Question,0,1
allison.hill@company.com,IT Access,8,0
allison.hill@company.com,IT Access,0,0
allison.hill@company.com,PTO Request,0,0
noah.rhodes@company.com,IT Access,1,0
noah.rhodes@company.com,Comp Inquiry,2,0
angie.henderson@company.com,Payroll,10,0
angie.henderson@company.com,Payroll,0,0
angie.henderson@company.com,IT Access,1,0
angie.henderson@company.com,Manager Escalation,5,0
angie.henderson@company.com,Payroll,0,0
daniel.wagner@company.com,Comp Inquiry,2,1
daniel.wagner@company.com,Manager Escalation,1,0
daniel.wagner@company.com,Manager Escalation,2,1
daniel.wagner@company.com,IT Access,2,0
daniel.wagner@company.com,Comp Inquiry,0,0
daniel.wagner@company.com,Payroll,4,0
daniel.wagner@company.com,Comp Inquiry,5,0
daniel.wagner@company.com,Policy Question,4,0
daniel.wagner@company.com,Benefits,1,0
daniel.wagner@company.com,Comp Inquiry,5,0
connie.lawrence@company.com,Comp Inquiry,3,0
connie.lawrence@company.com,Benefits,0,0
connie.lawrence@company.com,Policy Question,2,0
connie.lawrence@company.com,Benefits,1,0
connie.lawrence@company.com,Comp Inquiry,1,0
connie.lawrence@company.com,IT Access,7,0
abigail.shaffer@company.com,Policy Question,3,1
abigail.shaffer@company.com,Benefits,4,0
abigail.shaffer@company.com,PTO Request,1,0
gina.moore@company.com,Comp Inquiry,6,0
gina.moore@company.com,Payroll,0,0
ryan.munoz@company.com,Policy Question,1,0
ryan.munoz@company.com,Policy Question,0,0
monica.herrera@company.com,Benefits,9,0
monica.herrera@company.com,Benefits,3,0
monica.herrera@company.com,Payroll,0,1
monica.herrera@company.com,IT Access,0,0
jamie.arnold@company.com,IT Access,1,0
jamie.arnold@company.com,Comp Inquiry,3,0
lisa.hensley@company.com,Policy Question,5,0
lisa.hensley@company.com,Payroll,1,0
lisa.hensley@company.com,Manager Escalation,5,0
lisa.hensley@company.com,IT Access,0,0
michele.williams@company.com,Comp Inquiry,8,0
michele.williams@company.com,IT Access,3,0
michele.williams@company.com,Comp Inquiry,6,0
dylan.miller@company.com,Benefits,16,1
dylan.miller@company.com,Manager Escalation,6,0
dylan.miller@company.com,Payroll,0,0
brian.ramirez@company.com,PTO Request,8,1
brian.ramirez@company.com,Benefits,0,0
brian.ramirez@company.com,PTO Request,1,1
brian.ramirez@company.com,IT Access,3,0
brian.ramirez@company.com,Manager Escalation,0,0
brian.ramirez@company.com,Comp Inquiry,3,0
brian.ramirez@company.com,IT Access,2,0
brian.ramirez@company.com,PTO Request,0,1
holly.wood@company.com,Manager Escalation,0,0
holly.wood@company.com,IT Access,0,0
holly.wood@company.com,Payroll,15,0
holly.wood@company.com,PTO Request,7,0
holly.wood@company.com,Payroll,9,0
holly.wood@company.com,PTO Request,10,1
derek.zuniga@company.com,Payroll,1,0
derek.zuniga@company.com,Policy Question,2,0
derek.zuniga@company.com,Comp Inquiry,13,0
derek.zuniga@company.com,Policy Question,1,0
derek.zuniga@company.com,Payroll,0,0
lisa.jackson@company.com,Manager Escalation,0,0
lisa.jackson@company.com,IT Access,4,0
lisa.jackson@company.com,PTO Request,4,1
carla.gray@company.com,Comp Inquiry,3,0
carla.gray@company.com,Benefits,2,0
margaret.dds@company.com,PTO Request,1,0
margaret.dds@company.com,Manager Escalation,2,0
patty.perez@company.com,IT Access,1,0
patty.perez@company.com,IT Access,0,1
patty.perez@company.com,Benefits,1,0
ethan.adams@company.com,Manager Escalation,0,0
ethan.adams@company.com,Comp Inquiry,3,0
tommy.walter@company.com,PTO Request,0,0
tommy.walter@company.com,Manager Escalation,0,1
matthew.foster@company.com,PTO Request,0,0
matthew.foster@company.com,PTO Request,5,0
matthew.foster@company.com,IT Access,0,0
matthew.foster@company.com,Manager Escalation,1,0
matthew.foster@company.com,PTO Request,3,0
matthew.foster@company.com,PTO Request,3,0
matthew.foster@company.com,Comp Inquiry,0,1
judy.baker@company.com,Manager Escalation,2,1
judy.baker@company.com,Policy Question,5,0
judy.baker@company.com,Policy Question,0,0
judy.baker@company.com,Comp Inquiry,1,0
judy.baker@company.com,Benefits,3,0
judy.baker@company.com,Manager Escalation,5,0
judy.baker@company.com,Benefits,0,0
judy.baker@company.com,Benefits,3,0
judy.baker@company.com,Manager Escalation,0,0
judy.baker@company.com,Manager Escalation,0,0
judy.baker@company.com,Payroll,2,0
justin.baker@company.com,Comp Inquiry,8,0
justin.baker@company.com,Payroll,3,0
justin.baker@company.com,Policy Question,0,1
stephanie.ross@company.com,Payroll,5,0
stephanie.ross@company.com,IT Access,8,1
stephanie.ross@company.com,Policy Question,2,0
stephanie.ross@company.com,Manager Escalation,1,0
stephanie.ross@company.com,Policy Question,0,1
zachary.hicks@company.com,Policy Question,6,0
zachary.hicks@company.com,Benefits,10,0
zachary.hicks@company.com,Benefits,2,0
zachary.hicks@company.com,Comp Inquiry,1,0
zachary.hicks@company.com,Payroll,5,0
anthony.rodriguez@company.com,Payroll,6,0
anthony.rodriguez@company.com,Comp Inquiry,12,0
anthony.rodriguez@company.com,PTO Request,3,0
rebecca.henderson@company.com,Policy Question,0,0
rebecca.henderson@company.com,Manager Escalation,1,0
james.ferrell@company.com,Payroll,1,0
james.ferrell@company.com,Payroll,0,1
james.ferrell@company.com,IT Access,11,0
james.ferrell@company.com,Comp Inquiry,6,0
james.ferrell@company.com,Policy Question,7,0
tricia.valencia@company.com,Payroll,3,0
tricia.valencia@company.com,Manager Escalation,3,0
nathan.maldonado@company.com,PTO Request,1,0
nathan.maldonado@company.com,Benefits,0,0
nathan.maldonado@company.com,Benefits,0,0
debra.davidson@company.com,Payroll,1,0
debra.davidson@company.com,IT Access,0,0
debra.davidson@company.com,Policy Question,5,1
jeffrey.chavez@company.com,Comp Inquiry,1,0
jeffrey.chavez@company.com,Benefits,13,0
jeffrey.chavez@company.com,Manager Escalation,4,0
jeffrey.chavez@company.com,Policy Question,5,0
jeffrey.chavez@company.com,Benefits,0,0
sherri.baker@company.com,IT Access,5,1
cassandra.gaines@company.com,Policy Question,0,0
cassandra.gaines@company.com,Payroll,3,0
cassandra.gaines@company.com,IT Access,0,0
cassandra.gaines@company.com,Benefits,2,0
cassandra.gaines@company.com,Policy Question,1,0
cassandra.gaines@company.com,IT Access,2,1
cassandra.gaines@company.com,Payroll,2,0
elizabeth.fowler@company.com,IT Access,11,0
elizabeth.fowler@company.com,Benefits,1,0
elizabeth.fowler@company.com,Comp Inquiry,3,0
elizabeth.fowler@company.com,Payroll,4,0
brittany.farmer@company.com,IT Access,0,0
brittany.farmer@company.com,PTO Request,2,0
brittany.farmer@company.com,Policy Question,2,0
brittany.farmer@company.com,Comp Inquiry,0,0
brittany.farmer@company.com,Comp Inquiry,1,0
paula.moreno@company.com,Manager Escalation,0,0
paula.moreno@company.com,Manager Escalation,0,0
paula.moreno@company.com,Manager Escalation,1,0
paula.moreno@company.com,Benefits,0,0
paula.moreno@company.com,Policy Question,0,0
paula.moreno@company.com,Payroll,3,0
paula.moreno@company.com,Policy Question,7,0
fred.smith@company.com,Comp Inquiry,2,0
fred.smith@company.com,Benefits,0,0
fred.smith@company.com,Comp Inquiry,3,0
fred.smith@company.com,Policy Question,2,0
fred.smith@company.com,Benefits,1,0
fred.smith@company.com,Payroll,4,0
fred.smith@company.com,Comp Inquiry,1,0
sherry.decker@company.com,Payroll,1,0
anthony.humphrey@company.com,Comp Inquiry,4,0
anthony.humphrey@company.com,Policy Question,1,0
anthony.humphrey@company.com,IT Access,3,0
anthony.humphrey@company.com,Policy Question,12,0
angelica.tucker@company.com,IT Access,5,0
angelica.tucker@company.com,PTO Request,0,1
angelica.tucker@company.com,Comp Inquiry,0,0
philip.cannon@company.com,PTO Request,0,0
philip.cannon@company.com,Policy Question,5,0
philip.cannon@company.com,Policy Question,2,0
philip.cannon@company.com,IT Access,0,1
philip.cannon@company.com,IT Access,1,0
john.pierce@company.com,Benefits,4,0
shane.henderson@company.com,Benefits,1,0
shane.henderson@company.com,Payroll,0,0
shane.henderson@company.com,Payroll,2,0
shane.henderson@company.com,Comp Inquiry,4,0
shane.henderson@company.com,Manager Escalation,5,1
shane.henderson@company.com,PTO Request,8,1
shane.henderson@company.com,Benefits,0,0
joshua.blair@company.com,PTO Request,5,0
joshua.blair@company.com,Policy Question,3,0
joshua.blair@company.com,IT Access,1,0
joshua.blair@company.com,Benefits,5,0
joshua.blair@company.com,PTO Request,6,0
eric.carney@company.com,Manager Escalation,7,0
eric.carney@company.com,Policy Question,1,0
eric.carney@company.com,Policy Question,1,0
eric.carney@company.com,Comp Inquiry,6,0
eric.carney@company.com,PTO Request,6,0
danny.morgan@company.com,PTO Request,3,0
danny.morgan@company.com,Benefits,1,0
danny.morgan@company.com,Comp Inquiry,1,0
crystal.robinson@company.com,Policy Question,3,0
crystal.robinson@company.com,Policy Question,2,0
crystal.robinson@company.com,PTO Request,7,0
crystal.robinson@company.com,Comp Inquiry,1,1
crystal.robinson@company.com,IT Access,7,0
crystal.robinson@company.com,Benefits,2,0
mark.perez@company.com,Comp Inquiry,0,0
mark.perez@company.com,Benefits,5,0
mark.perez@company.com,Payroll,1,0
mark.perez@company.com,Policy Question,2,0
mark.perez@company.com,Payroll,4,0
mark.perez@company.com,Payroll,0,0
mark.perez@company.com,Comp Inquiry,1,1
mark.perez@company.com,PTO Request,1,0
mark.perez@company.com,Benefits,7,0
mark.perez@company.com,Policy Question,1,0
mark.perez@company.com,Payroll,2,0
mark.perez@company.com,Payroll,1,0
shannon.jones@company.com,Manager Escalation,2,1
michael.lewis@company.com,Comp Inquiry,2,0
michael.lewis@company.com,Comp Inquiry,1,0
michael.lewis@company.com,PTO Request,0,0
michael.lewis@company.com,Manager Escalation,1,0
timothy.duncan@company.com,Benefits,2,0
timothy.duncan@company.com,Benefits,2,0
richard.aguirre@company.com,Policy Question,1,0
richard.aguirre@company.com,PTO Request,2,0
brent.jordan@company.com,Manager Escalation,0,0
brent.jordan@company.com,Comp Inquiry,3,0
brent.jordan@company.com,PTO Request,2,0
brent.jordan@company.com,IT Access,8,0
brent.jordan@company.com,PTO Request,1,1
brent.jordan@company.com,Comp Inquiry,3,0
brent.jordan@company.com,Manager Escalation,0,0
brent.jordan@company.com,IT Access,3,0
brent.jordan@company.com,Payroll,5,0
john.daniel@company.com,Comp Inquiry,0,0
victoria.garcia@company.com,PTO Request,2,1
victoria.garcia@company.com,Payroll,1,0
victoria.garcia@company.com,Payroll,2,0
victoria.garcia@company.com,Comp Inquiry,0,0
victoria.garcia@company.com,PTO Request,12,0
victoria.garcia@company.com,Manager Escalation,3,0
victoria.garcia@company.com,PTO Request,7,0
gerald.hensley@company.com,Manager Escalation,0,0
gerald.hensley@company.com,Policy Question,2,0
gerald.hensley@company.com,Payroll,2,0
gerald.hensley@company.com,Payroll,1,0
gerald.hensley@company.com,Benefits,1,0
gerald.hensley@company.com,PTO Request,4,0
connor.west@company.com,Policy Question,8,0
connor.west@company.com,PTO Request,0,0
connor.west@company.com,Benefits,0,0
connor.west@company.com,Policy Question,5,0
connor.west@company.com,Policy Question,2,0
connor.west@company.com,Benefits,1,0
donald.wright@company.com,Benefits,4,0
donald.wright@company.com,PTO Request,0,0
donald.wright@company.com,Manager Escalation,0,1
donald.wright@company.com,Manager Escalation,4,0
donald.wright@company.com,Payroll,0,0
jessica.callahan@company.com,Comp Inquiry,3,0
jessica.callahan@company.com,Benefits,0,0
jessica.callahan@company.com,Comp Inquiry,22,0
jessica.callahan@company.com,PTO Request,7,0
jessica.callahan@company.com,Manager Escalation,3,0
jessica.callahan@company.com,Benefits,1,0
jessica.callahan@company.com,Comp Inquiry,5,0
amber.kidd@company.com,IT Access,1,1
amber.kidd@company.com,Policy Question,1,0
amber.kidd@company.com,IT Access,2,0
amber.kidd@company.com,IT Access,4,0
tracy.house@company.com,Benefits,13,0
tracy.house@company.com,Manager Escalation,2,1
tracy.house@company.com,Policy Question,0,0
tracy.house@company.com,Manager Escalation,4,0
carol.tucker@company.com,Comp Inquiry,2,0
carol.tucker@company.com,Payroll,0,0
carol.tucker@company.com,PTO Request,5,0
carol.tucker@company.com,Manager Escalation,0,0
carol.tucker@company.com,PTO Request,0,0
james.brown@company.com,IT Access,1,1
james.brown@company.com,PTO Request,2,1
james.brown@company.com,Benefits,0,1
james.brown@company.com,Policy Question,1,0
william.baker@company.com,Payroll,0,0
william.baker@company.com,Policy Question,5,0
william.baker@company.com,PTO Request,10,1
jordan.henderson@company.com,Policy Question,0,0
jordan.henderson@company.com,Comp Inquiry,0,1
jordan.henderson@company.com,Manager Escalation,0,1
jordan.henderson@company.com,Policy Question,0,0
jordan.henderson@company.com,Policy Question,9,1
jordan.henderson@company.com,Payroll,1,1
whitney.peters@company.com,Policy Question,3,0
whitney.peters@company.com,PTO Request,9,0
whitney.peters@company.com,IT Access,0,0
brittney.phillips@company.com,PTO Request,2,1
brittney.phillips@company.com,IT Access,5,1
brittney.phillips@company.com,Payroll,1,0
brittney.phillips@company.com,Manager Escalation,3,0
brittney.phillips@company.com,PTO Request,0,1
brittney.phillips@company.com,Manager Escalation,6,0
brittney.phillips@company.com,Comp Inquiry,0,0
lauren.daniels@company.com,Benefits,5,0
lauren.daniels@company.com,Comp Inquiry,0,0
amy.silva@company.com,Manager Escalation,4,0
amy.silva@company.com,PTO Request,0,0
amy.silva@company.com,Benefits,1,0
sarah.moore@company.com,Policy Question,0,0
sarah.moore@company.com,Payroll,2,0
sarah.moore@company.com,Benefits,0,0
sarah.moore@company.com,PTO Request,10,1
angela.lopez@company.com,Manager Escalation,1,0
megan.young@company.com,Benefits,0,1
megan.young@company.com,Payroll,0,0
megan.young@company.com,Comp Inquiry,4,0
megan.young@company.com,IT Access,5,0
steve.sanchez@company.com,Policy Question,9,0
lisa.barnes@company.com,IT Access,3,0
lisa.barnes@company.com,Policy Question,0,0
lisa.barnes@company.com,IT Access,2,0
lisa.barnes@company.com,Policy Question,10,0
lisa.barnes@company.com,Payroll,0,0
lisa.barnes@company.com,Policy Question,5,0
lisa.barnes@company.com,Policy Question,4,0
kelly.donovan@company.com,Comp Inquiry,0,0
kelly.donovan@company.com,IT Access,2,0
kelly.donovan@company.com,IT Access,0,0
kelly.donovan@company.com,Manager Escalation,2,0
mike.allen@company.com,Benefits,1,0
mike.allen@company.com,Policy Question,3,1
mike.allen@company.com,PTO Request,7,0
michael.evans@company.com,PTO Request,2,0
michael.evans@company.com,Benefits,4,1
michael.evans@company.com,Payroll,2,0
michael.evans@company.com,Manager Escalation,0,0
paul.jones@company.com,Benefits,4,0
paul.jones@company.com,Comp Inquiry,3,1
paul.jones@company.com,Manager Escalation,3,0
zachary.ferrell@company.com,Payroll,3,1
daniel.baker@company.com,Policy Question,0,0
daniel.baker@company.com,PTO Request,0,0
daniel.baker@company.com,Comp Inquiry,3,0
daniel.baker@company.com,Policy Question,0,1
daniel.baker@company.com,IT Access,4,1
daniel.baker@company.com,Manager Escalation,3,0
daniel.baker@company.com,Benefits,0,0
daniel.baker@company.com,Manager Escalation,16,1
shirley.suarez@company.com,Comp Inquiry,0,0
shirley.suarez@company.com,Payroll,6,0
shirley.suarez@company.com,Manager Escalation,5,0
christopher.bass@company.com,Benefits,2,1
christopher.bass@company.com,Benefits,4,0
christopher.bass@company.com,Policy Question,2,1
christopher.bass@company.com,IT Access,1,0
christopher.bass@company.com,Manager Escalation,3,0
christopher.bass@company.com,IT Access,7,0
lisa.archer@company.com,Comp Inquiry,1,0
lisa.archer@company.com,PTO Request,3,0
lisa.archer@company.com,IT Access,0,0
lisa.archer@company.com,Comp Inquiry,2,0
lisa.archer@company.com,IT Access,10,0
lisa.archer@company.com,Policy Question,6,0
lisa.archer@company.com,Benefits,1,0
matthew.mcmillan@company.com,IT Access,1,0
matthew.mcmillan@company.com,IT Access,1,1
matthew.mcmillan@company.com,PTO Request,0,0
matthew.mcmillan@company.com,Benefits,12,0
matthew.mcmillan@company.com,Manager Escalation,8,0
matthew.mcmillan@company.com,Comp Inquiry,0,0
matthew.mcmillan@company.com,Policy Question,1,0
brian.rodriguez@company.com,Benefits,1,1
brian.rodriguez@company.com,Comp Inquiry,1,0
brian.rodriguez@company.com,Benefits,1,0
brian.rodriguez@company.com,Comp Inquiry,0,0
denise.jacobs@company.com,Manager Escalation,1,1
denise.jacobs@company.com,PTO Request,0,0
denise.jacobs@company.com,Comp Inquiry,8,0
denise.jacobs@company.com,Benefits,0,0
christina.walters@company.com,Payroll,0,0
christina.walters@company.com,Benefits,2,0
christina.walters@company.com,Payroll,1,1
christina.walters@company.com,Payroll,0,0
christina.walters@company.com,Policy Question,6,0
christina.walters@company.com,PTO Request,7,0
christina.walters@company.com,Benefits,4,0
christina.walters@company.com,Policy Question,6,0
john.whitehead@company.com,Manager Escalation,1,0
john.whitehead@company.com,Payroll,1,0
john.whitehead@company.com,Policy Question,2,0
john.whitehead@company.com,Benefits,4,0
john.whitehead@company.com,Manager Escalation,5,0
john.whitehead@company.com,PTO Request,7,0
anna.henderson@company.com,Comp Inquiry,2,0
anna.henderson@company.com,Comp Inquiry,5,0
aaron.wise@company.com,Comp Inquiry,1,1
deborah.figueroa@company.com,Manager Escalation,1,0
deborah.figueroa@company.com,Manager Escalation,2,0
deborah.figueroa@company.com,PTO Request,1,0
deborah.figueroa@company.com,Policy Question,2,0
jessica.smith@company.com,Comp Inquiry,2,0
jessica.smith@company.com,Payroll,2,0
jessica.smith@company.com,IT Access,1,0
jessica.smith@company.com,PTO Request,2,0
jessica.smith@company.com,Benefits,0,0
jessica.smith@company.com,PTO Request,5,1
stephen.mckee@company.com,Benefits,0,0
sandra.aguilar@company.com,IT Access,0,0
sandra.aguilar@company.com,IT Access,3,0
sandra.aguilar@company.com,Policy Question,2,0
cameron.parker@company.com,Policy Question,6,0
rebecca.valencia@company.com,Policy Question,0,0
rebecca.valencia@company.com,Manager Escalation,0,0
rebecca.valencia@company.com,Policy Question,2,0
rebecca.valencia@company.com,Benefits,1,0
christine.wright@company.com,Policy Question,2,0
christine.wright@company.com,Comp Inquiry,4,0
richard.henson@company.com,Payroll,0,0
richard.henson@company.com,IT Access,1,0
marc.moore@company.com,Benefits,1,0
marc.moore@company.com,Comp Inquiry,1,0
marc.moore@company.com,Policy Question,3,0
marc.moore@company.com,PTO Request,2,1
marc.moore@company.com,Manager Escalation,3,0
marc.moore@company.com,Comp Inquiry,2,0
sharon.cherry@company.com,PTO Request,0,0
sharon.cherry@company.com,PTO Request,14,1
sharon.cherry@company.com,IT Access,0,0
sharon.cherry@company.com,IT Access,2,0
sierra.johnson@company.com,Payroll,0,0
sierra.johnson@company.com,Payroll,0,1
sierra.johnson@company.com,Payroll,2,0
sierra.johnson@company.com,PTO Request,1,0
sierra.johnson@company.com,Comp Inquiry,0,0
evelyn.galvan@company.com,Payroll,0,0
evelyn.galvan@company.com,Policy Question,3,0
evelyn.galvan@company.com,PTO Request,4,0
sharon.cochran@company.com,Manager Escalation,0,0
richard.rodriguez@company.com,Comp Inquiry,2,0
richard.rodriguez@company.com,PTO Request,5,0
richard.rodriguez@company.com,Policy Question,1,0
richard.rodriguez@company.com,Manager Escalation,0,0
richard.rodriguez@company.com,IT Access,0,1
richard.rodriguez@company.com,IT Access,4,0
shannon.walker@company.com,Comp Inquiry,3,0
shannon.walker@company.com,PTO Request,2,0
shannon.walker@company.com,Comp Inquiry,0,0
julia.torres@company.com,Policy Question,4,0
crystal.johnson@company.com,IT Access,1,0
crystal.johnson@company.com,IT Access,2,0
crystal.johnson@company.com,Payroll,0,0
garrett.lin@company.com,Manager Escalation,1,0
garrett.lin@company.com,PTO Request,5,0
garrett.lin@company.com,PTO Request,9,0
garrett.lin@company.com,PTO Request,1,0
garrett.lin@company.com,Comp Inquiry,2,0
diana.may@company.com,IT Access,1,0
diana.may@company.com,Policy Question,1,0
diana.may@company.com,Comp Inquiry,0,0
diana.may@company.com,Benefits,1,0
diana.may@company.com,Policy Question,1,0
diana.may@company.com,PTO Request,1,1
william.herrera@company.com,Payroll,8,0
ashley.waller@company.com,IT Access,3,0
ashley.waller@company.com,Policy Question,1,0
ashley.waller@company.com,Payroll,0,0
ashley.waller@company.com,Policy Question,0,1
victor.baker@company.com,Comp Inquiry,3,0
victor.baker@company.com,Policy Question,0,1
jeffrey.chandler@company.com,Policy Question,1,0
jeffrey.chandler@company.com,PTO Request,4,0
jeffrey.chandler@company.com,PTO Request,0,0
jeffrey.chandler@company.com,Payroll,1,0
jeffrey.chandler@company.com,Payroll,11,0
jeffrey.chandler@company.com,Policy Question,0,0
larry.dixon@company.com,Benefits,2,0
larry.dixon@company.com,Comp Inquiry,2,0
larry.dixon@company.com,Benefits,0,0
larry.dixon@company.com,Benefits,0,0
larry.dixon@company.com,Policy Question,2,0
larry.dixon@company.com,Benefits,8,0
kenneth.scott@company.com,PTO Request,5,0
kenneth.scott@company.com,Payroll,2,0
kenneth.scott@company.com,PTO Request,1,0
kenneth.scott@company.com,PTO Request,4,0
april.frost@company.com,Benefits,0,0
april.frost@company.com,IT Access,5,0
april.frost@company.com,Policy Question,0,0
april.frost@company.com,PTO Request,2,0
michelle.harmon@company.com,Policy Question,0,0
helen.jones@company.com,Benefits,0,0
helen.jones@company.com,Manager Escalation,6,0
helen.jones@company.com,Policy Question,1,0
erin.edwards@company.com,Manager Escalation,2,0
erin.edwards@company.com,Benefits,4,0
erin.edwards@company.com,Payroll,0,0
erin.edwards@company.com,Manager Escalation,1,0
erin.edwards@company.com,Policy Question,5,0
michelle.evans@company.com,Benefits,1,0
michelle.evans@company.com,Comp Inquiry,0,0
michelle.evans@company.com,IT Access,0,0
michelle.evans@company.com,Payroll,2,0
michelle.evans@company.com,PTO Request,3,0
jason.powell@company.com,Benefits,2,0
jason.powell@company.com,IT Access,5,0
cameron.fisher@company.com,Manager Escalation,4,1
megan.orr@company.com,Manager Escalation,0,0
megan.orr@company.com,Comp Inquiry,0,0
elizabeth.kelley@company.com,IT Access,4,0
elizabeth.kelley@company.com,PTO Request,14,0
elizabeth.kelley@company.com,Comp Inquiry,2,0
elizabeth.kelley@company.com,Payroll,2,1
elizabeth.kelley@company.com,Policy Question,0,0
elizabeth.kelley@company.com,PTO Request,2,0
dustin.jordan@company.com,Policy Question,1,1
dustin.jordan@company.com,Manager Escalation,1,0
mary.marshall@company.com,Comp Inquiry,2,0
mary.marshall@company.com,Payroll,0,0
mary.marshall@company.com,PTO Request,2,0
mary.marshall@company.com,Comp Inquiry,7,0
daniel.kennedy@company.com,PTO Request,0,0
daniel.kennedy@company.com,IT Access,4,1
rebecca.jackson@company.com,Payroll,4,0
jose.schultz@company.com,Benefits,2,0
jose.schultz@company.com,Benefits,1,0
robert.potter@company.com,IT Access,0,1
robert.potter@company.com,Manager Escalation,0,0
courtney.gonzalez@company.com,Payroll,1,1
courtney.gonzalez@company.com,IT Access,1,0
courtney.gonzalez@company.com,Benefits,3,0
courtney.gonzalez@company.com,Payroll,5,0
courtney.gonzalez@company.com,Payroll,11,0
david.alvarez@company.com,Manager Escalation,8,0
david.alvarez@company.com,Benefits,0,1
david.alvarez@company.com,Policy Question,3,0
david.alvarez@company.com,Comp Inquiry,2,0
david.alvarez@company.com,Benefits,11,0
david.alvarez@company.com,Payroll,0,0
david.alvarez@company.com,IT Access,2,0
angel.perry@company.com,Comp Inquiry,6,1
angel.perry@company.com,Policy Question,8,0
cheyenne.horton@company.com,Benefits,2,0
cheyenne.horton@company.com,IT Access,1,0
cheyenne.horton@company.com,Policy Question,4,1
cheyenne.horton@company.com,IT Access,2,0
cheyenne.horton@company.com,IT Access,4,0
david.jr@company.com,IT Access,3,0
david.jr@company.com,Comp Inquiry,2,0
david.jr@company.com,Policy Question,0,1
david.jr@company.com,Payroll,2,0
patricia.rodriguez@company.com,PTO Request,0,1
patricia.rodriguez@company.com,IT Access,4,0
patricia.rodriguez@company.com,Payroll,1,1
patricia.rodriguez@company.com,Manager Escalation,3,0
christopher.rubio@company.com,IT Access,3,1
christopher.rubio@company.com,PTO Request,1,1
christopher.rubio@company.com,IT Access,5,0
christopher.rubio@company.com,Benefits,0,0
christopher.rubio@company.com,Payroll,1,0
amber.wright@company.com,Manager Escalation,0,0
amber.wright@company.com,Payroll,0,0
amber.wright@company.com,Payroll,4,0
amber.wright@company.com,Policy Question,3,0
amber.wright@company.com,PTO Request,4,0
joyce.solis@company.com,Policy Question,3,0
joyce.solis@company.com,Comp Inquiry,0,0
joyce.solis@company.com,Payroll,5,0
joyce.solis@company.com,Comp Inquiry,1,1
victoria.larson@company.com,Payroll,1,0
victoria.larson@company.com,PTO Request,7,0
stephanie.salazar@company.com,Comp Inquiry,0,1
kathy.rivas@company.com,IT Access,1,0
kathy.rivas@company.com,Policy Question,11,0
kathy.rivas@company.com,IT Access,0,0
kathy.rivas@company.com,PTO Request,7,0
stephanie.manning@company.com,Comp Inquiry,2,0
stephanie.manning@company.com,IT Access,5,0
stephanie.manning@company.com,Comp Inquiry,1,0
stephanie.manning@company.com,Manager Escalation,2,0
stephanie.manning@company.com,PTO Request,0,0
david.wright@company.com,PTO Request,4,0
david.wright@company.com,IT Access,6,1
david.wright@company.com,Manager Escalation,2,1
pamela.boyd@company.com,PTO Request,1,0
pamela.boyd@company.com,PTO Request,5,0
pamela.boyd@company.com,Manager Escalation,0,0
denise.jones@company.com,Payroll,0,0
denise.jones@company.com,IT Access,7,0
denise.jones@company.com,Comp Inquiry,2,1
denise.jones@company.com,Manager Escalation,0,1
denise.jones@company.com,PTO Request,2,0
devon.flores@company.com,IT Access,0,0
brenda.hall@company.com,Manager Escalation,1,0
brenda.hall@company.com,Policy Question,0,1
brenda.hall@company.com,Manager Escalation,1,0
brenda.hall@company.com,PTO Request,2,0
brenda.hall@company.com,Payroll,2,0
brenda.hall@company.com,PTO Request,0,0
brenda.hall@company.com,IT Access,0,0
brenda.hall@company.com,Manager Escalation,1,0
michelle.brown@company.com,Manager Escalation,1,0
michelle.brown@company.com,Manager Escalation,1,0
joshua.perry@company.com,PTO Request,0,0
joshua.perry@company.com,Policy Question,1,1
joshua.perry@company.com,Manager Escalation,0,0
joshua.perry@company.com,Payroll,5,1
jason.stein@company.com,Policy Question,0,0
melissa.gates@company.com,IT Access,3,0
jamie.smith@company.com,IT Access,2,1
jamie.smith@company.com,IT Access,0,0
jamie.smith@company.com,Comp Inquiry,1,0
paul.castaneda@company.com,Comp Inquiry,6,0
paul.castaneda@company.com,Policy Question,4,0
paul.castaneda@company.com,Policy Question,2,0
paul.castaneda@company.com,Payroll,3,0
paul.castaneda@company.com,Policy Question,1,0
lindsey.walker@company.com,Comp Inquiry,5,0
lindsey.walker@company.com,Manager Escalation,3,0
jeffrey.johnson@company.com,Benefits,1,0
jeffrey.johnson@company.com,IT Access,3,0
jeffrey.johnson@company.com,IT Access,1,0
jeffrey.johnson@company.com,Payroll,1,0
jeffrey.johnson@company.com,Manager Escalation,2,0
jeffrey.johnson@company.com,Policy Question,1,0
jeffrey.johnson@company.com,PTO Request,2,0
jeffrey.johnson@company.com,Manager Escalation,2,0
jeffrey.johnson@company.com,IT Access,2,0
jeffrey.johnson@company.com,Payroll,0,0
michael.powell@company.com,Policy Question,0,1
michael.powell@company.com,Policy Question,0,0
michael.powell@company.com,Policy Question,0,0
john.anderson@company.com,PTO Request,2,0
john.anderson@company.com,Payroll,0,0
john.anderson@company.com,PTO Request,1,0
john.anderson@company.com,PTO Request,2,0
alyssa.long@company.com,Manager Escalation,0,0
alyssa.long@company.com,PTO Request,3,0
alyssa.long@company.com,Policy Question,2,0
alyssa.long@company.com,IT Access,2,1
alyssa.long@company.com,Manager Escalation,2,0
alyssa.day@company.com,Payroll,3,1
alyssa.day@company.com,Comp Inquiry,9,1
alyssa.day@company.com,Policy Question,1,0
alyssa.day@company.com,PTO Request,0,0
alyssa.day@company.com,IT Access,0,0
alyssa.day@company.com,Payroll,6,1
alyssa.day@company.com,Payroll,8,0
alyssa.day@company.com,IT Access,1,1
joel.williams@company.com,Payroll,1,0
joel.williams@company.com,Manager Escalation,11,0
joel.williams@company.com,Policy Question,2,0
joel.williams@company.com,Comp Inquiry,9,0
joel.williams@company.com,Payroll,0,0
joel.williams@company.com,Payroll,5,1
jamie.walton@company.com,PTO Request,3,0
jamie.walton@company.com,PTO Request,2,0
jamie.walton@company.com,Manager Escalation,1,0
jamie.walton@company.com,Policy Question,0,1
jamie.walton@company.com,Comp Inquiry,13,0
darlene.miller@company.com,Policy Question,4,0
darlene.miller@company.com,Payroll,0,0
joshua.cooke@company.com,Comp Inquiry,2,0
joshua.cooke@company.com,IT Access,1,0
joshua.cooke@company.com,Policy Question,2,0
joshua.cooke@company.com,Manager Escalation,8,0
joshua.cooke@company.com,Manager Escalation,0,1
matthew.harrington@company.com,PTO Request,0,0
matthew.harrington@company.com,Manager Escalation,3,0
matthew.harrington@company.com,Benefits,0,0
nicole.herring@company.com,Manager Escalation,5,0
nicole.herring@company.com,PTO Request,11,0
nicole.herring@company.com,Manager Escalation,1,0
alex.hernandez@company.com,Benefits,3,0
alex.hernandez@company.com,Comp Inquiry,2,0
alex.hernandez@company.com,Manager Escalation,7,0
alex.hernandez@company.com,IT Access,2,0
alex.hernandez@company.com,Benefits,5,0
alex.hernandez@company.com,Payroll,4,0
alex.hernandez@company.com,Comp Inquiry,0,0
michael.elliott@company.com,IT Access,4,0
michael.elliott@company.com,Policy Question,5,0
michael.elliott@company.com,Payroll,5,0
michael.elliott@company.com,IT Access,7,1
michael.elliott@company.com,Policy Question,7,0
michael.wang@company.com,Benefits,0,0
lawrence.adkins@company.com,IT Access,0,0
lawrence.adkins@company.com,Payroll,1,0
lawrence.adkins@company.com,Policy Question,3,1
lawrence.adkins@company.com,Payroll,1,1
lawrence.adkins@company.com,IT Access,6,0
lawrence.adkins@company.com,Benefits,3,0
robert.oconnell@company.com,Manager Escalation,5,0
robert.oconnell@company.com,Payroll,3,0
alexander.collins@company.com,Comp Inquiry,0,0
alexander.collins@company.com,PTO Request,3,0
alexander.collins@company.com,PTO Request,0,1
alexander.collins@company.com,IT Access,0,0
tina.sanders@company.com,Benefits,0,0
tina.sanders@company.com,Benefits,0,0
tina.sanders@company.com,Benefits,0,0
angela.vaughn@company.com,Benefits,3,0
angela.vaughn@company.com,IT Access,0,0
angela.vaughn@company.com,IT Access,11,0
angela.vaughn@company.com,Manager Escalation,0,0
angela.vaughn@company.com,Payroll,0,0
lindsay.martinez@company.com,Policy Question,3,0
lindsay.martinez@company.com,IT Access,5,0
lindsay.martinez@company.com,Policy Question,5,0
lindsay.martinez@company.com,Manager Escalation,1,0
lindsay.martinez@company.com,Policy Question,3,1
dr.patterson@company.com,IT Access,0,1
dr.patterson@company.com,Payroll,0,0
jonathan.peterson@company.com,Policy Question,2,0
jonathan.peterson@company.com,Manager Escalation,2,1
jonathan.peterson@company.com,Comp Inquiry,3,0
jonathan.peterson@company.com,Payroll,8,0
jonathan.peterson@company.com,PTO Request,1,1
jonathan.peterson@company.com,Payroll,3,0
jonathan.peterson@company.com,Benefits,0,0
jonathan.peterson@company.com,Policy Question,0,0
samantha.garcia@company.com,PTO Request,2,0
samantha.garcia@company.com,PTO Request,2,1
samantha.garcia@company.com,IT Access,6,0
samantha.garcia@company.com,Payroll,11,0
samantha.garcia@company.com,Policy Question,1,0
samantha.garcia@company.com,Payroll,0,1
samantha.garcia@company.com,Policy Question,11,0
madison.poole@company.com,PTO Request,0,0
madison.poole@company.com,IT Access,4,1
madison.poole@company.com,Benefits,3,0
jessica.gross@company.com,IT Access,1,1
jessica.gross@company.com,Benefits,4,0
jessica.gross@company.com,Benefits,1,0
jessica.gross@company.com,Policy Question,0,0
jessica.gross@company.com,Manager Escalation,1,0
jessica.gross@company.com,Benefits,6,0
jessica.gross@company.com,Comp Inquiry,7,1
jessica.gross@company.com,Payroll,4,0
jessica.gross@company.com,IT Access,0,0
jessica.gross@company.com,Policy Question,9,0
jessica.gross@company.com,PTO Request,2,1
jessica.gross@company.com,Manager Escalation,2,0
jessica.gross@company.com,IT Access,5,1
debra.morton@company.com,Payroll,0,1
debra.morton@company.com,Manager Escalation,0,0
debra.morton@company.com,Policy Question,2,0
debra.morton@company.com,IT Access,4,0
debra.morton@company.com,IT Access,1,1
karen.graham@company.com,Manager Escalation,2,0
karen.graham@company.com,Policy Question,2,0
karen.graham@company.com,PTO Request,0,0
karen.graham@company.com,Comp Inquiry,6,0
karen.graham@company.com,Comp Inquiry,4,0
debra.christian@company.com,Payroll,1,0
debra.christian@company.com,IT Access,1,0
debra.christian@company.com,PTO Request,2,0
debra.christian@company.com,Manager Escalation,1,0
angelica.keith@company.com,Policy Question,6,0
angelica.keith@company.com,IT Access,10,0
angelica.keith@company.com,Comp Inquiry,3,0
angelica.keith@company.com,Manager Escalation,1,0
john.bishop@company.com,Manager Escalation,0,0
john.bishop@company.com,Comp Inquiry,2,0
john.bishop@company.com,Policy Question,0,0
john.bishop@company.com,Payroll,9,0
john.bishop@company.com,Payroll,1,1
john.bishop@company.com,Comp Inquiry,3,0
john.bishop@company.com,PTO Request,4,0
john.bishop@company.com,Policy Question,1,1
john.bishop@company.com,Benefits,3,0
allen.rosales@company.com,Policy Question,0,0
allen.rosales@company.com,PTO Request,1,1
allen.rosales@company.com,Policy Question,0,0
allen.rosales@company.com,Comp Inquiry,1,0
allen.rosales@company.com,Payroll,1,0
daniel.salinas@company.com,IT Access,0,0
daniel.salinas@company.com,Payroll,10,0
daniel.salinas@company.com,IT Access,2,0
spencer.haynes@company.com,Manager Escalation,3,1
spencer.haynes@company.com,Manager Escalation,9,0
spencer.haynes@company.com,Policy Question,1,0
adam.vaughan@company.com,PTO Request,3,0
adam.vaughan@company.com,Comp Inquiry,1,1
adam.vaughan@company.com,Benefits,5,1
melissa.brewer@company.com,Payroll,0,0
ricky.ii@company.com,Payroll,1,0
ricky.ii@company.com,Policy Question,3,0
ricky.ii@company.com,PTO Request,1,1
ricky.ii@company.com,Manager Escalation,4,0
ricky.ii@company.com,Comp Inquiry,0,0
ricky.ii@company.com,PTO Request,2,1
elizabeth.perkins@company.com,PTO Request,2,0
elizabeth.perkins@company.com,PTO Request,2,1
elizabeth.perkins@company.com,Payroll,4,0
joseph.coleman@company.com,Payroll,4,0
joseph.coleman@company.com,Benefits,3,0
joseph.coleman@company.com,Comp Inquiry,0,0
joseph.coleman@company.com,PTO Request,0,0
erin.warner@company.com,Benefits,0,0
erin.warner@company.com,Policy Question,1,0
david.martinez@company.com,IT Access,8,0
david.martinez@company.com,Benefits,2,0
david.martinez@company.com,Policy Question,6,0
david.martinez@company.com,PTO Request,2,0
david.martinez@company.com,Manager Escalation,1,0
bryan.herrera@company.com,IT Access,8,0
cathy.robinson@company.com,IT Access,4,1
cathy.robinson@company.com,IT Access,5,0
cathy.robinson@company.com,Policy Question,3,0
cathy.robinson@company.com,IT Access,2,0
cathy.robinson@company.com,Benefits,3,0
cathy.robinson@company.com,Comp Inquiry,0,1
cathy.robinson@company.com,IT Access,0,0
dr.warren@company.com,Benefits,1,0
dr.warren@company.com,Benefits,4,0
dr.warren@company.com,Policy Question,0,0
dr.warren@company.com,Policy Question,2,0
dr.warren@company.com,Policy Question,2,0
dr.warren@company.com,Benefits,1,0
dr.warren@company.com,Policy Question,2,0
brian.lee@company.com,IT Access,5,0
brian.lee@company.com,Benefits,3,1
brian.lee@company.com,IT Access,1,0
brian.lee@company.com,Policy Question,2,0
brian.lee@company.com,PTO Request,2,0
brian.lee@company.com,PTO Request,0,0
christopher.smith@company.com,Payroll,0,0
christopher.smith@company.com,Manager Escalation,0,0
denise.mccann@company.com,IT Access,1,0
denise.mccann@company.com,Payroll,1,0
denise.mccann@company.com,IT Access,6,0
denise.mccann@company.com,PTO Request,7,1
denise.mccann@company.com,IT Access,3,0
denise.mccann@company.com,Benefits,8,1
melissa.martinez@company.com,PTO Request,4,1
melissa.martinez@company.com,IT Access,5,0
melissa.martinez@company.com,Payroll,0,0
melissa.martinez@company.com,Comp Inquiry,3,0
katherine.salas@company.com,Manager Escalation,3,0
katherine.salas@company.com,Benefits,1,0
katherine.salas@company.com,PTO Request,0,0
julie.alexander@company.com,PTO Request,0,0
julie.alexander@company.com,Comp Inquiry,0,0
julie.alexander@company.com,IT Access,2,1
julie.alexander@company.com,Payroll,1,0
julie.alexander@company.com,Policy Question,3,0
julie.alexander@company.com,Benefits,0,0
anthony.everett@company.com,Payroll,2,1
anthony.everett@company.com,Comp Inquiry,0,0
anthony.everett@company.com,Comp Inquiry,0,0
anthony.everett@company.com,Policy Question,0,0
rodney.morales@company.com,Payroll,5,0
mark.brown@company.com,IT Access,1,0
mark.brown@company.com,PTO Request,2,0
mark.brown@company.com,Payroll,6,0
mark.brown@company.com,Manager Escalation,1,0
mark.brown@company.com,Benefits,6,0
mark.brown@company.com,PTO Request,1,0
mark.brown@company.com,IT Access,5,0
mark.brown@company.com,Payroll,0,0
mark.brown@company.com,Manager Escalation,13,0
mark.brown@company.com,Manager Escalation,2,0
justin.torres@company.com,PTO Request,1,0
justin.torres@company.com,Policy Question,3,0
justin.torres@company.com,Policy Question,1,0
bailey.dds@company.com,Payroll,2,0
bailey.dds@company.com,Benefits,4,0
bailey.dds@company.com,Comp Inquiry,3,0
bailey.dds@company.com,Policy Question,3,0
courtney.mills@company.com,IT Access,1,0
courtney.mills@company.com,Comp Inquiry,2,0
jeremy.dalton@company.com,Policy Question,0,0
jeremy.dalton@company.com,Benefits,1,1
jeremy.dalton@company.com,IT Access,4,0
jeremy.dalton@company.com,Benefits,3,0
jeremy.dalton@company.com,Benefits,1,1
jeremy.dalton@company.com,Payroll,0,0
elizabeth.dds@company.com,IT Access,1,0
elizabeth.dds@company.com,Policy Question,2,0
elizabeth.dds@company.com,Comp Inquiry,4,0
elizabeth.dds@company.com,Comp Inquiry,12,0
theresa.clark@company.com,PTO Request,0,1
theresa.clark@company.com,Policy Question,5,0
theresa.clark@company.com,PTO Request,3,0
theresa.clark@company.com,PTO Request,6,0
matthew.moore@company.com,IT Access,7,1
matthew.moore@company.com,Policy Question,4,0
matthew.moore@company.com,Manager Escalation,1,0
matthew.moore@company.com,Manager Escalation,1,1
matthew.moore@company.com,Policy Question,1,0
matthew.moore@company.com,Policy Question,0,0
matthew.moore@company.com,Manager Escalation,0,0
benjamin.smith@company.com,Comp Inquiry,2,0
benjamin.smith@company.com,Policy Question,2,1
benjamin.smith@company.com,Benefits,1,0
kirk.carter@company.com,Comp Inquiry,7,1
kirk.carter@company.com,Comp Inquiry,2,0
kirk.carter@company.com,Manager Escalation,16,1
kirk.carter@company.com,IT Access,5,0
kirk.carter@company.com,PTO Request,2,0
michael.warner@company.com,Manager Escalation,0,0
michael.warner@company.com,Payroll,3,0
michael.warner@company.com,Policy Question,4,0
michael.warner@company.com,Payroll,0,0
michael.warner@company.com,PTO Request,2,0
michael.bradshaw@company.com,Policy Question,3,0
michael.bradshaw@company.com,PTO Request,3,1
michael.bradshaw@company.com,IT Access,2,0
lori.guerrero@company.com,Manager Escalation,1,0
lori.guerrero@company.com,IT Access,6,1
lori.guerrero@company.com,PTO Request,2,0
lori.guerrero@company.com,Policy Question,6,0
lori.guerrero@company.com,Manager Escalation,4,1
lori.guerrero@company.com,Payroll,17,0
lori.guerrero@company.com,Benefits,3,0
jessica.stephens@company.com,Manager Escalation,11,0
jessica.stephens@company.com,Benefits,8,0
jessica.stephens@company.com,Policy Question,4,0
jessica.stephens@company.com,Benefits,0,0
susan.serrano@company.com,IT Access,1,0
christopher.parker@company.com,Comp Inquiry,4,0
christopher.parker@company.com,Manager Escalation,0,0
christopher.parker@company.com,Comp Inquiry,1,0
laura.roberts@company.com,IT Access,0,0
laura.roberts@company.com,Comp Inquiry,12,0
michael.lyons@company.com,PTO Request,4,0
michael.lyons@company.com,Policy Question,0,0
michael.lyons@company.com,Comp Inquiry,0,0
michael.lyons@company.com,Comp Inquiry,1,0
kathryn.snyder@company.com,Payroll,2,0
kathryn.snyder@company.com,Payroll,5,0
andrew.reynolds@company.com,Policy Question,2,0
andrew.reynolds@company.com,Payroll,2,0
andrew.reynolds@company.com,Policy Question,3,0
andrew.reynolds@company.com,Benefits,0,0
david.davis@company.com,IT Access,2,0
david.davis@company.com,Policy Question,0,0
david.davis@company.com,IT Access,0,0
david.davis@company.com,Policy Question,0,0
david.davis@company.com,PTO Request,2,0
david.davis@company.com,Comp Inquiry,2,0
david.davis@company.com,PTO Request,0,1
david.davis@company.com,Policy Question,1,0
david.davis@company.com,Manager Escalation,4,0
sara.johnston@company.com,PTO Request,2,0
yvonne.chambers@company.com,IT Access,4,0
yvonne.chambers@company.com,Payroll,2,0
yvonne.chambers@company.com,Benefits,0,1
yvonne.chambers@company.com,Comp Inquiry,1,0
andrew.avila@company.com,Payroll,3,1
andrew.avila@company.com,Benefits,1,0
andrew.avila@company.com,Manager Escalation,3,0
andrew.avila@company.com,Comp Inquiry,3,0
andrew.avila@company.com,Comp Inquiry,7,0
andrew.avila@company.com,Comp Inquiry,0,0
andrew.avila@company.com,PTO Request,2,0
matthew.moon@company.com,Benefits,0,0
matthew.moon@company.com,IT Access,3,0
kevin.walters@company.com,Policy Question,2,0
kevin.walters@company.com,Payroll,0,0
kevin.walters@company.com,Manager Escalation,5,1
kevin.walters@company.com,PTO Request,0,0
kevin.walters@company.com,Policy Question,2,0
brandon.md@company.com,Policy Question,1,0
brandon.md@company.com,Comp Inquiry,0,0
shannon.rivera@company.com,Payroll,3,0
shannon.rivera@company.com,PTO Request,4,0
shannon.rivera@company.com,PTO Request,0,0
shannon.rivera@company.com,Payroll,0,1
shannon.rivera@company.com,Payroll,8,0
shannon.rivera@company.com,Benefits,7,0
shannon.rivera@company.com,Payroll,0,0
shannon.rivera@company.com,Comp Inquiry,0,1
shannon.rivera@company.com,Payroll,7,0
krista.gibson@company.com,Manager Escalation,0,1
krista.gibson@company.com,Payroll,0,0
krista.gibson@company.com,Manager Escalation,0,0
krista.gibson@company.com,Comp Inquiry,6,1
frank.cordova@company.com,Payroll,3,1
frank.cordova@company.com,Manager Escalation,1,0
frank.cordova@company.com,PTO Request,0,0
jose.travis@company.com,Comp Inquiry,1,0
jose.travis@company.com,Payroll,1,0
jose.travis@company.com,Policy Question,1,0
kimberly.gutierrez@company.com,Comp Inquiry,0,0
kimberly.gutierrez@company.com,Benefits,2,0
kimberly.gutierrez@company.com,Policy Question,11,0
kimberly.gutierrez@company.com,Payroll,6,0
kimberly.gutierrez@company.com,IT Access,2,1
kimberly.gutierrez@company.com,IT Access,0,0
kimberly.gutierrez@company.com,Policy Question,4,0
kimberly.gutierrez@company.com,Manager Escalation,5,1
isaiah.avila@company.com,Comp Inquiry,0,0
isaiah.avila@company.com,Payroll,3,0
olivia.harris@company.com,Comp Inquiry,3,1
olivia.harris@company.com,Comp Inquiry,5,0
tanya.kim@company.com,Payroll,1,1
tanya.kim@company.com,Policy Question,0,0
tanya.kim@company.com,Manager Escalation,2,0
tanya.kim@company.com,Manager Escalation,1,0
tanya.kim@company.com,Policy Question,0,0
barbara.dudley@company.com,Comp Inquiry,1,0
barbara.dudley@company.com,PTO Request,3,0
cynthia.moore@company.com,Policy Question,1,0
cynthia.moore@company.com,Benefits,5,0
cynthia.moore@company.com,Manager Escalation,1,1
cynthia.moore@company.com,Benefits,0,0
cynthia.moore@company.com,Manager Escalation,2,0
cynthia.moore@company.com,Manager Escalation,0,0
cynthia.moore@company.com,IT Access,2,0
cynthia.moore@company.com,PTO Request,0,0
kristen.davis@company.com,Comp Inquiry,3,1
kristen.davis@company.com,Manager Escalation,5,0
susan.md@company.com,PTO Request,2,0
susan.md@company.com,Manager Escalation,1,0
susan.md@company.com,PTO Request,0,0
susan.md@company.com,PTO Request,8,0
kathleen.moran@company.com,Benefits,2,0
kathleen.moran@company.com,Policy Question,2,0
kathleen.moran@company.com,Policy Question,11,1
kathleen.moran@company.com,IT Access,0,0
kathleen.moran@company.com,PTO Request,5,0
kathleen.moran@company.com,Payroll,1,0
denise.davenport@company.com,Comp Inquiry,1,0
denise.davenport@company.com,Policy Question,8,0
denise.davenport@company.com,Policy Question,6,0
mrs.reyes@company.com,PTO Request,0,0
mrs.reyes@company.com,PTO Request,0,0
mrs.reyes@company.com,Benefits,0,0
mrs.reyes@company.com,Manager Escalation,8,0
mrs.reyes@company.com,Payroll,0,1
mrs.reyes@company.com,IT Access,0,1
mrs.reyes@company.com,Policy Question,0,0
mrs.reyes@company.com,Benefits,5,0
katie.suarez@company.com,PTO Request,2,0
katie.suarez@company.com,Policy Question,2,0
katie.suarez@company.com,Comp Inquiry,1,0
katie.suarez@company.com,IT Access,1,0
katie.suarez@company.com,Payroll,0,0
katie.suarez@company.com,IT Access,5,1
desiree.tyler@company.com,Manager Escalation,2,0
timothy.romero@company.com,Comp Inquiry,2,0
timothy.romero@company.com,Benefits,0,0
timothy.romero@company.com,Comp Inquiry,0,0
timothy.romero@company.com,PTO Request,1,0
timothy.romero@company.com,Benefits,0,0
timothy.romero@company.com,Manager Escalation,1,0
diane.evans@company.com,Policy Question,1,0
diane.evans@company.com,Comp Inquiry,4,0
diane.evans@company.com,IT Access,0,0
diane.evans@company.com,Comp Inquiry,4,0
diane.evans@company.com,Benefits,0,1
joshua.reed@company.com,Benefits,4,0
joshua.reed@company.com,Payroll,2,0
kimberly.gibson@company.com,PTO Request,0,0
kimberly.gibson@company.com,Payroll,0,0
kimberly.gibson@company.com,Comp Inquiry,0,0
kimberly.gibson@company.com,Comp Inquiry,1,0
kimberly.gibson@company.com,Payroll,3,0
kimberly.gibson@company.com,Comp Inquiry,0,1
cynthia.rowe@company.com,Benefits,6,1
cynthia.rowe@company.com,Payroll,3,0
cynthia.rowe@company.com,PTO Request,1,0
cynthia.rowe@company.com,Manager Escalation,1,1
patrick.thornton@company.com,Manager Escalation,2,0
patrick.thornton@company.com,Policy Question,0,1
patrick.thornton@company.com,Benefits,2,0
patrick.thornton@company.com,Payroll,1,0
jasmin.alvarado@company.com,IT Access,4,0
jasmin.alvarado@company.com,IT Access,0,0
veronica.simpson@company.com,IT Access,2,0
veronica.simpson@company.com,Comp Inquiry,2,0
jonathan.lawrence@company.com,Benefits,1,0
jonathan.lawrence@company.com,IT Access,14,0
shelly.alexander@company.com,Manager Escalation,0,0
shelly.alexander@company.com,IT Access,1,0
shelly.alexander@company.com,Comp Inquiry,0,0
shelly.alexander@company.com,Payroll,3,0
shelly.alexander@company.com,Comp Inquiry,0,0
shelly.alexander@company.com,Payroll,5,1
shelly.alexander@company.com,Benefits,1,1
joyce.bowen@company.com,Policy Question,1,0
joyce.bowen@company.com,PTO Request,0,0
joyce.bowen@company.com,Manager Escalation,9,0
joyce.bowen@company.com,Payroll,2,0
matthew.moore@company.com,Comp Inquiry,1,0
matthew.moore@company.com,Policy Question,5,1
matthew.moore@company.com,Policy Question,2,1
wayne.morgan@company.com,Policy Question,0,0
wayne.morgan@company.com,IT Access,4,1
wayne.morgan@company.com,PTO Request,15,0
wayne.morgan@company.com,Policy Question,0,0
wayne.morgan@company.com,PTO Request,1,0
wayne.morgan@company.com,Manager Escalation,5,0
wayne.morgan@company.com,IT Access,2,0
wayne.morgan@company.com,Policy Question,1,0
wayne.morgan@company.com,IT Access,4,0
wayne.morgan@company.com,Comp Inquiry,11,0
wayne.morgan@company.com,Comp Inquiry,0,0
marie.christian@company.com,PTO Request,3,0
marie.christian@company.com,Policy Question,4,0
marie.christian@company.com,PTO Request,6,0
marie.christian@company.com,Comp Inquiry,1,0
shannon.james@company.com,Payroll,11,0
shannon.james@company.com,PTO Request,1,0
shannon.james@company.com,Policy Question,8,0
shannon.james@company.com,Benefits,1,1
nathan.malone@company.com,Comp Inquiry,1,0
nathan.malone@company.com,Manager Escalation,1,0
amanda.jones@company.com,Comp Inquiry,1,1
amanda.jones@company.com,PTO Request,1,0
amanda.jones@company.com,PTO Request,3,0
amanda.jones@company.com,Comp Inquiry,1,0
amanda.jones@company.com,Payroll,9,0
tammie.bright@company.com,Payroll,2,0
tammie.bright@company.com,IT Access,2,0
tammie.bright@company.com,Payroll,0,0
tammie.bright@company.com,Policy Question,1,0
tammie.bright@company.com,Policy Question,2,1
tammie.bright@company.com,Benefits,0,1
tammie.bright@company.com,Policy Question,0,0
jessica.garcia@company.com,Policy Question,4,1
jessica.garcia@company.com,IT Access,4,0
jessica.garcia@company.com,Comp Inquiry,3,0
jessica.garcia@company.com,Benefits,10,0
jessica.garcia@company.com,PTO Request,2,0
jessica.garcia@company.com,Policy Question,2,0
shelia.wallace@company.com,Payroll,6,0
shelia.wallace@company.com,Manager Escalation,0,0
shelia.wallace@company.com,Comp Inquiry,2,0
shelia.wallace@company.com,IT Access,0,0
shelia.wallace@company.com,Policy Question,1,0
stephanie.williams@company.com,IT Access,1,0
stephanie.williams@company.com,PTO Request,0,1
stephanie.williams@company.com,Benefits,4,0
stephanie.williams@company.com,Comp Inquiry,0,1
elaine.brooks@company.com,Payroll,2,0
elaine.brooks@company.com,Manager Escalation,2,0
joseph.knight@company.com,Manager Escalation,0,0
joseph.knight@company.com,Benefits,0,0
joseph.knight@company.com,PTO Request,1,0
carolyn.miller@company.com,Comp Inquiry,2,0
carolyn.miller@company.com,Manager Escalation,2,0
carolyn.miller@company.com,Policy Question,6,0
lisa.allen@company.com,PTO Request,5,1
lisa.allen@company.com,Payroll,3,0
briana.murray@company.com,IT Access,12,0
briana.murray@company.com,PTO Request,2,0
briana.murray@company.com,Payroll,0,0
david.smith@company.com,PTO Request,1,0
jeremy.reed@company.com,IT Access,2,0
jeremy.reed@company.com,Payroll,0,1
jeremy.reed@company.com,PTO Request,3,0
jeremy.reed@company.com,PTO Request,2,0
margaret.coleman@company.com,IT Access,0,0
margaret.coleman@company.com,Payroll,3,0
margaret.coleman@company.com,Comp Inquiry,0,1
margaret.coleman@company.com,PTO Request,3,0
margaret.coleman@company.com,Payroll,1,1
ryan.gonzalez@company.com,Payroll,9,1
ryan.gonzalez@company.com,Comp Inquiry,1,0
ryan.gonzalez@company.com,Manager Escalation,2,0
ryan.gonzalez@company.com,PTO Request,0,0
ryan.gonzalez@company.com,IT Access,15,0
ryan.gonzalez@company.com,Comp Inquiry,8,1
ryan.gonzalez@company.com,Manager Escalation,14,0
ryan.gonzalez@company.com,Comp Inquiry,1,0
john.young@company.com,Policy Question,2,0
john.young@company.com,Policy Question,5,0
john.young@company.com,Comp Inquiry,4,0
john.young@company.com,PTO Request,1,0
john.young@company.com,Payroll,4,0
john.young@company.com,Manager Escalation,2,0
laura.haney@company.com,Benefits,1,1
laura.haney@company.com,Manager Escalation,3,0
laura.haney@company.com,PTO Request,0,0
laura.haney@company.com,Manager Escalation,1,0
william.barrett@company.com,IT Access,0,0
william.barrett@company.com,Benefits,2,0
william.barrett@company.com,Payroll,4,1
william.barrett@company.com,Payroll,1,0
william.barrett@company.com,IT Access,4,0
william.barrett@company.com,Payroll,2,0
keith.jennings@company.com,Benefits,4,0
keith.jennings@company.com,Benefits,0,0
keith.jennings@company.com,Payroll,2,0
amber.obrien@company.com,IT Access,17,0
amber.obrien@company.com,Comp Inquiry,0,0
amber.obrien@company.com,Comp Inquiry,0,1
amber.obrien@company.com,Manager Escalation,0,1
amber.obrien@company.com,Benefits,5,0
amber.obrien@company.com,IT Access,1,1
amber.obrien@company.com,Payroll,4,0
amber.obrien@company.com,IT Access,0,1
amber.obrien@company.com,Comp Inquiry,0,0
amber.obrien@company.com,Benefits,4,0
tanner.dds@company.com,Benefits,3,0
tanner.dds@company.com,Policy Question,1,0
tanner.dds@company.com,Manager Escalation,0,0
tanner.dds@company.com,Policy Question,2,1
tanner.dds@company.com,Payroll,1,0
tanner.dds@company.com,Comp Inquiry,4,0
heather.fields@company.com,Policy Question,0,0
heather.fields@company.com,IT Access,1,0
heather.fields@company.com,Manager Escalation,5,0
heather.fields@company.com,Benefits,0,1
heather.fields@company.com,Benefits,8,0
megan.le@company.com,Policy Question,1,0
megan.le@company.com,Policy Question,5,0
megan.le@company.com,Benefits,0,0
sara.fuller@company.com,PTO Request,0,1
sara.fuller@company.com,PTO Request,1,0
sara.fuller@company.com,Payroll,1,0
sara.fuller@company.com,IT Access,0,0
sara.fuller@company.com,Benefits,2,0
sara.fuller@company.com,IT Access,2,0
sara.fuller@company.com,Payroll,1,0
maria.parker@company.com,PTO Request,1,1
maria.parker@company.com,Comp Inquiry,0,0
maria.parker@company.com,Comp Inquiry,5,0
maria.parker@company.com,Manager Escalation,0,0
maria.parker@company.com,Payroll,0,0
maria.parker@company.com,Comp Inquiry,1,0
maria.parker@company.com,Benefits,0,0
maria.parker@company.com,Comp Inquiry,2,0
maria.parker@company.com,PTO Request,0,0
maria.parker@company.com,Benefits,0,0
maria.parker@company.com,PTO Request,1,0
maria.parker@company.com,Manager Escalation,5,1
kevin.oconnor@company.com,IT Access,2,0
kevin.oconnor@company.com,PTO Request,1,0
kevin.oconnor@company.com,Manager Escalation,7,0
kevin.oconnor@company.com,Payroll,2,0
edward.burgess@company.com,Policy Question,7,0
carlos.ryan@company.com,IT Access,0,0
carlos.ryan@company.com,Policy Question,2,0
carlos.ryan@company.com,Payroll,4,1
carlos.ryan@company.com,PTO Request,0,0
carlos.ryan@company.com,Benefits,0,0
carlos.ryan@company.com,Benefits,1,0
carlos.ryan@company.com,Policy Question,3,0
kiara.mcintyre@company.com,Benefits,2,0
kiara.mcintyre@company.com,Benefits,2,1
kiara.mcintyre@company.com,IT Access,5,0
kiara.mcintyre@company.com,Benefits,1,0
kiara.mcintyre@company.com,IT Access,9,0
kiara.mcintyre@company.com,PTO Request,1,0
dr.morgan@company.com,Policy Question,1,0
dr.morgan@company.com,IT Access,1,0
dr.morgan@company.com,PTO Request,11,0
victor.taylor@company.com,Comp Inquiry,4,0
victor.taylor@company.com,Comp Inquiry,0,0
victor.taylor@company.com,Policy Question,4,0
victor.taylor@company.com,Manager Escalation,2,0
victor.taylor@company.com,Policy Question,1,0
victor.taylor@company.com,IT Access,1,0
victor.taylor@company.com,Benefits,2,0
shannon.ramsey@company.com,PTO Request,1,0
shannon.ramsey@company.com,Benefits,0,0
shannon.ramsey@company.com,Manager Escalation,5,0
shannon.ramsey@company.com,Payroll,3,0
shannon.ramsey@company.com,Manager Escalation,1,0
shannon.ramsey@company.com,PTO Request,1,0
shannon.ramsey@company.com,Benefits,0,0
shannon.ramsey@company.com,Policy Question,1,0
tracy.ballard@company.com,Comp Inquiry,5,0
tracy.ballard@company.com,PTO Request,1,0
tracy.ballard@company.com,Benefits,4,0
richard.smith@company.com,Comp Inquiry,6,0
richard.smith@company.com,Benefits,7,0
jordan.chambers@company.com,Policy Question,0,0
jordan.chambers@company.com,IT Access,2,0
jordan.chambers@company.com,Comp Inquiry,4,0
jordan.chambers@company.com,PTO Request,1,0
jordan.chambers@company.com,Comp Inquiry,0,1
jordan.chambers@company.com,Comp Inquiry,0,0
jordan.chambers@company.com,Comp Inquiry,2,0
jordan.chambers@company.com,Payroll,2,0
lauren.carson@company.com,PTO Request,1,0
ashley.hall@company.com,Payroll,0,0
stephen.hoffman@company.com,Benefits,6,0
stephen.hoffman@company.com,Manager Escalation,6,0
stephen.hoffman@company.com,IT Access,7,0
stephen.hoffman@company.com,Payroll,6,0
stephen.hoffman@company.com,IT Access,9,0
connie.brown@company.com,Manager Escalation,6,0
connie.brown@company.com,Benefits,1,0
connie.brown@company.com,IT Access,2,0
connie.brown@company.com,Policy Question,1,1
susan.turner@company.com,Comp Inquiry,5,1
susan.turner@company.com,IT Access,8,0
susan.turner@company.com,PTO Request,2,0
susan.turner@company.com,PTO Request,1,0
charles.shah@company.com,Benefits,0,0
charles.shah@company.com,Policy Question,10,0
charles.shah@company.com,Policy Question,2,0
charles.shah@company.com,Payroll,6,0
charles.shah@company.com,Manager Escalation,2,0
charles.shah@company.com,IT Access,0,0
charles.shah@company.com,IT Access,0,0
charles.shah@company.com,Comp Inquiry,0,0
charles.shah@company.com,PTO Request,0,0
charles.shah@company.com,IT Access,3,0
johnathan.davis@company.com,IT Access,0,0
johnathan.davis@company.com,Policy Question,2,0
johnathan.davis@company.com,Comp Inquiry,2,0
johnathan.davis@company.com,IT Access,6,0
johnathan.davis@company.com,Comp Inquiry,5,0
johnathan.davis@company.com,Policy Question,0,0
brandy.chavez@company.com,Payroll,2,0
brandy.chavez@company.com,Payroll,2,0
natalie.bautista@company.com,Benefits,0,0
natalie.bautista@company.com,Comp Inquiry,2,0
natalie.bautista@company.com,IT Access,0,0
natalie.bautista@company.com,Manager Escalation,2,1
natalie.bautista@company.com,Manager Escalation,0,0
natalie.bautista@company.com,Benefits,2,0
natalie.bautista@company.com,Policy Question,2,0
patrick.moore@company.com,Manager Escalation,3,0
patrick.moore@company.com,Manager Escalation,4,0
patrick.moore@company.com,PTO Request,8,1
patrick.moore@company.com,Comp Inquiry,1,0
patrick.moore@company.com,PTO Request,0,0
patrick.moore@company.com,IT Access,5,0
patrick.moore@company.com,PTO Request,2,0
patrick.moore@company.com,Policy Question,0,1
brett.burns@company.com,Payroll,1,0
brett.burns@company.com,Benefits,0,0
brett.burns@company.com,IT Access,1,1
brett.burns@company.com,Payroll,0,0
brett.burns@company.com,IT Access,1,0
trevor.johnson@company.com,Manager Escalation,2,0
trevor.johnson@company.com,Manager Escalation,6,0
trevor.johnson@company.com,Comp Inquiry,4,1
trevor.johnson@company.com,Benefits,2,0
trevor.johnson@company.com,Manager Escalation,3,0
trevor.johnson@company.com,Policy Question,3,0
trevor.johnson@company.com,Benefits,4,0
jeremy.sampson@company.com,Manager Escalation,0,0
jeremy.sampson@company.com,Benefits,2,0
jeremy.sampson@company.com,Policy Question,4,0
jeremy.sampson@company.com,Manager Escalation,2,0
jeremy.sampson@company.com,Manager Escalation,1,0
jeremy.sampson@company.com,IT Access,0,0
jeremy.sampson@company.com,IT Access,4,0
ariana.jennings@company.com,Comp Inquiry,0,1
ariana.jennings@company.com,IT Access,3,0
ariana.jennings@company.com,IT Access,4,0
ariana.jennings@company.com,Policy Question,3,1
vanessa.howard@company.com,Policy Question,0,0
vanessa.howard@company.com,IT Access,5,0
vanessa.howard@company.com,Benefits,0,0
vanessa.howard@company.com,Manager Escalation,1,0
vanessa.howard@company.com,Payroll,2,1
colton.martinez@company.com,PTO Request,0,0
colton.martinez@company.com,Manager Escalation,3,0
jordan.bates@company.com,Payroll,4,1
jordan.bates@company.com,Benefits,0,0
linda.smith@company.com,PTO Request,12,0
linda.smith@company.com,IT Access,11,0
linda.smith@company.com,IT Access,2,0
dana.martinez@company.com,PTO Request,1,0
dana.martinez@company.com,Manager Escalation,0,0
dana.martinez@company.com,IT Access,0,0
dana.martinez@company.com,Payroll,0,0
andrea.hubbard@company.com,Payroll,1,0
andrea.hubbard@company.com,IT Access,3,0
andrea.hubbard@company.com,Comp Inquiry,0,1
andrea.hubbard@company.com,Comp Inquiry,4,0
daniel.kane@company.com,Benefits,2,0
daniel.kane@company.com,Comp Inquiry,1,1
daniel.kane@company.com,PTO Request,1,1
daniel.kane@company.com,PTO Request,3,1
charles.lester@company.com,IT Access,6,0
charles.lester@company.com,Comp Inquiry,0,0
charles.lester@company.com,Comp Inquiry,10,0
scott.thomas@company.com,Manager Escalation,3,0
david.thompson@company.com,Payroll,0,0
david.thompson@company.com,Benefits,5,0
david.thompson@company.com,Benefits,1,0
david.thompson@company.com,Benefits,1,0
allison.smith@company.com,Payroll,3,0
cynthia.morris@company.com,Payroll,0,0
anthony.harmon@company.com,Payroll,2,0
anthony.harmon@company.com,IT Access,1,0
anthony.harmon@company.com,PTO Request,7,0
anthony.harmon@company.com,Policy Question,2,1
anthony.harmon@company.com,PTO Request,2,0
anthony.harmon@company.com,PTO Request,6,0
nichole.alvarez@company.com,Payroll,1,0
nichole.alvarez@company.com,Comp Inquiry,0,0
nichole.alvarez@company.com,Benefits,1,1
nichole.alvarez@company.com,Comp Inquiry,1,0
nichole.alvarez@company.com,Payroll,7,0
nichole.alvarez@company.com,Benefits,8,0
nichole.alvarez@company.com,PTO Request,0,1
nichole.alvarez@company.com,IT Access,4,0
kayla.rodriguez@company.com,Comp Inquiry,1,0
kayla.rodriguez@company.com,PTO Request,0,0
kayla.rodriguez@company.com,IT Access,2,0
kayla.rodriguez@company.com,Policy Question,0,0
kayla.rodriguez@company.com,Benefits,13,0
kayla.rodriguez@company.com,Payroll,5,0
sharon.boyd@company.com,Payroll,4,0
victor.brown@company.com,PTO Request,0,0
victor.brown@company.com,PTO Request,0,0
victor.brown@company.com,Policy Question,0,0
victor.brown@company.com,IT Access,1,1
victor.brown@company.com,Benefits,1,0
victor.brown@company.com,PTO Request,0,0
victor.brown@company.com,Payroll,0,1
victor.brown@company.com,Policy Question,2,0
james.parks@company.com,Manager Escalation,0,0
james.parks@company.com,Payroll,1,0
james.parks@company.com,IT Access,8,0
james.parks@company.com,Benefits,1,1
james.parks@company.com,Benefits,4,0
james.parks@company.com,IT Access,12,0
james.parks@company.com,PTO Request,0,0
theodore.jr@company.com,Benefits,2,0
theodore.jr@company.com,PTO Request,1,0
ana.hill@company.com,Manager Escalation,0,0
ana.hill@company.com,Comp Inquiry,0,1
ana.hill@company.com,Benefits,1,0
ana.hill@company.com,PTO Request,4,0
ana.hill@company.com,Payroll,0,0
kimberly.nguyen@company.com,PTO Request,1,0
kimberly.nguyen@company.com,Payroll,4,0
kimberly.nguyen@company.com,PTO Request,0,0
kimberly.nguyen@company.com,IT Access,1,0
kimberly.nguyen@company.com,Payroll,14,0
kerry.dds@company.com,Policy Question,4,0
michael.farrell@company.com,Comp Inquiry,0,0
michael.farrell@company.com,Manager Escalation,2,1
michael.farrell@company.com,Payroll,1,0
michael.farrell@company.com,Manager Escalation,0,0
patricia.le@company.com,Manager Escalation,2,0
patricia.le@company.com,Payroll,0,0
patricia.le@company.com,Benefits,0,0
patricia.le@company.com,Comp Inquiry,1,0
patricia.le@company.com,PTO Request,3,0
patricia.le@company.com,PTO Request,1,1
jesse.perez@company.com,Manager Escalation,0,0
jesse.perez@company.com,Manager Escalation,6,0
jesse.perez@company.com,Benefits,0,0
jesse.perez@company.com,IT Access,4,0
jesse.perez@company.com,PTO Request,2,0
jesse.perez@company.com,Benefits,2,0
jesse.perry@company.com,Benefits,2,0
jesse.perry@company.com,Comp Inquiry,0,0
jesse.perry@company.com,PTO Request,1,0
jesse.perry@company.com,Manager Escalation,5,0
jesse.perry@company.com,Comp Inquiry,2,1
jeffery.ortega@company.com,Payroll,5,1
jeffery.ortega@company.com,PTO Request,0,0
jeffery.ortega@company.com,Comp Inquiry,3,0
jeffery.ortega@company.com,Policy Question,2,0
jeffery.ortega@company.com,Payroll,7,0
jeffery.ortega@company.com,Policy Question,0,0
jeffery.ortega@company.com,PTO Request,3,0
jeffery.ortega@company.com,Manager Escalation,5,0
christian.leblanc@company.com,Manager Escalation,3,0
christian.leblanc@company.com,IT Access,0,0
christian.leblanc@company.com,Comp Inquiry,3,0
christian.leblanc@company.com,Manager Escalation,0,0
christian.leblanc@company.com,Manager Escalation,1,0
christian.leblanc@company.com,Manager Escalation,6,0
christian.leblanc@company.com,Benefits,0,0
christian.leblanc@company.com,PTO Request,8,0
christian.leblanc@company.com,Payroll,2,0
ronald.davis@company.com,Benefits,2,0
ronald.davis@company.com,Manager Escalation,2,0
ronald.davis@company.com,Benefits,4,0
ronald.davis@company.com,IT Access,0,0
parker.cain@company.com,IT Access,0,0
parker.cain@company.com,Manager Escalation,1,0
parker.cain@company.com,Comp Inquiry,15,1
laurie.hoffman@company.com,IT Access,2,0
bryan.gomez@company.com,Payroll,4,0
bryan.gomez@company.com,Comp Inquiry,2,0
bryan.gomez@company.com,PTO Request,1,0
bryan.gomez@company.com,Benefits,2,0
nicole.parrish@company.com,Payroll,1,0
nicole.parrish@company.com,Manager Escalation,2,0
nicole.parrish@company.com,PTO Request,4,0
nicole.parrish@company.com,IT Access,0,0
nicole.parrish@company.com,Comp Inquiry,7,1
nicole.parrish@company.com,IT Access,7,0
tracy.burke@company.com,Benefits,0,1
tracy.burke@company.com,Payroll,1,0
tracy.burke@company.com,Policy Question,1,0
tracy.burke@company.com,Payroll,6,0
tracy.burke@company.com,Comp Inquiry,0,0
tracy.burke@company.com,IT Access,2,0
tracy.burke@company.com,IT Access,2,0
tracy.burke@company.com,Policy Question,1,0
kenneth.lewis@company.com,Benefits,2,0
courtney.rodriguez@company.com,Payroll,1,0
courtney.rodriguez@company.com,IT Access,3,0
courtney.rodriguez@company.com,Comp Inquiry,0,0
courtney.rodriguez@company.com,Payroll,6,0
courtney.rodriguez@company.com,Payroll,1,0
courtney.rodriguez@company.com,Benefits,3,0
courtney.rodriguez@company.com,Policy Question,3,0
holly.farmer@company.com,Policy Question,7,0
holly.farmer@company.com,IT Access,2,0
holly.farmer@company.com,IT Access,1,0
renee.bruce@company.com,Manager Escalation,0,0
renee.bruce@company.com,IT Access,0,0
sabrina.austin@company.com,Manager Escalation,1,0
sabrina.austin@company.com,Payroll,5,0
sabrina.austin@company.com,PTO Request,11,1
sabrina.austin@company.com,Benefits,0,0
sabrina.austin@company.com,Benefits,7,0
debra.white@company.com,Payroll,10,1
debra.white@company.com,IT Access,4,0
ellen.morgan@company.com,Benefits,0,0
ellen.morgan@company.com,Payroll,0,0
ellen.morgan@company.com,Benefits,11,0
ellen.morgan@company.com,Payroll,3,1
sergio.knight@company.com,PTO Request,0,0
sergio.knight@company.com,IT Access,4,0
charles.schultz@company.com,Benefits,3,0
charles.schultz@company.com,Payroll,4,0
glen.wood@company.com,Payroll,5,0
glen.wood@company.com,Policy Question,1,1
paula.bradley@company.com,IT Access,0,0
paula.bradley@company.com,PTO Request,0,0
paula.bradley@company.com,Policy Question,3,0
paula.bradley@company.com,Benefits,0,1
anthony.moore@company.com,Benefits,1,0
anthony.moore@company.com,Benefits,0,0
anthony.moore@company.com,Payroll,0,1
anthony.moore@company.com,Payroll,0,0
anthony.moore@company.com,Benefits,0,0
megan.nelson@company.com,Payroll,1,0
karla.ramos@company.com,PTO Request,7,0
karla.ramos@company.com,Payroll,1,0
karla.ramos@company.com,PTO Request,1,1
karla.ramos@company.com,Benefits,1,0
paul.wilson@company.com,PTO Request,2,1
paul.wilson@company.com,PTO Request,2,0
paul.wilson@company.com,Comp Inquiry,0,1
paul.wilson@company.com,Manager Escalation,1,0
paul.wilson@company.com,Policy Question,0,0
paul.wilson@company.com,Payroll,7,0
douglas.gregory@company.com,Policy Question,3,0
douglas.gregory@company.com,Payroll,3,0
mr.foster@company.com,Manager Escalation,6,0
mr.foster@company.com,Benefits,0,0
mr.foster@company.com,Policy Question,2,1
mr.foster@company.com,Benefits,0,0
mr.foster@company.com,PTO Request,0,0
mr.foster@company.com,Payroll,0,1
aimee.turner@company.com,PTO Request,5,0
aimee.turner@company.com,Manager Escalation,0,0
aimee.turner@company.com,Payroll,0,0
chad.scott@company.com,Payroll,1,1
chad.scott@company.com,PTO Request,2,0
chad.scott@company.com,IT Access,6,1
adam.burgess@company.com,Policy Question,0,0
adam.burgess@company.com,Benefits,2,0
adam.burgess@company.com,PTO Request,1,1
adam.burgess@company.com,IT Access,0,0
adam.burgess@company.com,Benefits,3,0
adam.burgess@company.com,Benefits,3,0
adam.burgess@company.com,Manager Escalation,9,1
james.padilla@company.com,Payroll,4,0
james.padilla@company.com,Payroll,5,0
james.padilla@company.com,Manager Escalation,6,0
sandra.drake@company.com,PTO Request,6,0
sandra.drake@company.com,IT Access,2,0
sandra.drake@company.com,IT Access,1,0
sandra.drake@company.com,Payroll,0,0
sandra.drake@company.com,Comp Inquiry,1,0
sandra.drake@company.com,Comp Inquiry,0,0
sandra.drake@company.com,Policy Question,6,0
sandra.drake@company.com,Payroll,3,0
sandra.drake@company.com,Payroll,4,0
scott.williams@company.com,Manager Escalation,0,0
thomas.atkins@company.com,Payroll,0,0
thomas.atkins@company.com,Policy Question,9,0
thomas.atkins@company.com,IT Access,2,0
thomas.atkins@company.com,Manager Escalation,4,0
laura.mckinney@company.com,Benefits,0,0
laura.mckinney@company.com,Payroll,0,0
laura.mckinney@company.com,Benefits,1,0
laura.mckinney@company.com,Policy Question,1,1
laura.mckinney@company.com,IT Access,0,0
laura.mckinney@company.com,PTO Request,1,0
laura.mckinney@company.com,Benefits,0,0
laura.mckinney@company.com,PTO Request,1,0
laura.mckinney@company.com,Payroll,3,1
laura.mckinney@company.com,Manager Escalation,4,0
laura.mckinney@company.com,Benefits,5,0
laura.mckinney@company.com,Comp Inquiry,1,0
brian.smith@company.com,IT Access,0,0
brian.smith@company.com,Manager Escalation,2,0
brian.smith@company.com,Policy Question,7,0
robert.montgomery@company.com,Benefits,2,0
robert.montgomery@company.com,IT Access,0,1
robert.montgomery@company.com,Comp Inquiry,6,0
robert.montgomery@company.com,PTO Request,1,0
tamara.davis@company.com,Benefits,1,0
tamara.davis@company.com,IT Access,1,1
tamara.davis@company.com,Comp Inquiry,5,0
dana.chapman@company.com,Benefits,2,1
dana.chapman@company.com,Comp Inquiry,3,0
dana.chapman@company.com,Comp Inquiry,0,0
dana.chapman@company.com,Comp Inquiry,0,0
dana.chapman@company.com,Comp Inquiry,0,0
dana.chapman@company.com,IT Access,7,0
jennifer.collins@company.com,Payroll,0,0
jennifer.collins@company.com,Manager Escalation,0,0
gary.jackson@company.com,Policy Question,6,0
gary.jackson@company.com,Benefits,1,0
gary.jackson@company.com,Payroll,2,0
gary.jackson@company.com,PTO Request,0,0
ashley.hicks@company.com,Benefits,0,0
ashley.hicks@company.com,PTO Request,4,1
hannah.luna@company.com,IT Access,0,1
hannah.luna@company.com,Policy Question,3,0
hannah.luna@company.com,Manager Escalation,7,0
hannah.luna@company.com,PTO Request,1,0
hannah.luna@company.com,Benefits,6,0
robin.young@company.com,Benefits,0,0
robin.young@company.com,Comp Inquiry,0,0
craig.morrison@company.com,Comp Inquiry,2,0
craig.morrison@company.com,IT Access,0,0
craig.morrison@company.com,Payroll,2,1
mary.thompson@company.com,IT Access,3,1
mary.thompson@company.com,Comp Inquiry,3,0
mary.thompson@company.com,Benefits,2,0
kathleen.webster@company.com,Policy Question,6,0
kathleen.webster@company.com,Policy Question,0,0
kathleen.webster@company.com,Policy Question,0,1
kathleen.webster@company.com,Policy Question,5,0
kathleen.webster@company.com,Benefits,1,0
joann.glass@company.com,PTO Request,0,0
joann.glass@company.com,Manager Escalation,8,0
joann.glass@company.com,Comp Inquiry,0,0
madison.weber@company.com,Manager Escalation,2,0
madison.weber@company.com,Policy Question,1,0
madison.weber@company.com,Manager Escalation,0,0
madison.weber@company.com,Benefits,1,0
madison.weber@company.com,Policy Question,10,0
lori.hernandez@company.com,Comp Inquiry,1,0
lori.hernandez@company.com,PTO Request,2,0
lori.hernandez@company.com,IT Access,1,0
lori.hernandez@company.com,IT Access,5,1
lori.hernandez@company.com,PTO Request,3,0
lori.hernandez@company.com,Payroll,1,0
jeremy.turner@company.com,PTO Request,2,0
jeremy.turner@company.com,Payroll,0,0
anthony.romero@company.com,Manager Escalation,0,0
anthony.romero@company.com,Payroll,0,0
anthony.romero@company.com,PTO Request,3,0
anthony.romero@company.com,IT Access,3,0
anthony.romero@company.com,IT Access,5,1
anthony.romero@company.com,Manager Escalation,11,0
anthony.romero@company.com,Manager Escalation,21,0
anthony.romero@company.com,Comp Inquiry,0,0
jesse.brown@company.com,IT Access,4,0
jesse.brown@company.com,Comp Inquiry,0,1
jesse.brown@company.com,Manager Escalation,1,1
jesse.brown@company.com,PTO Request,0,0
jesse.brown@company.com,Manager Escalation,2,1
jesse.brown@company.com,Benefits,6,0
jesse.brown@company.com,IT Access,3,0
jesse.brown@company.com,Comp Inquiry,1,0
jesse.brown@company.com,Policy Question,14,0
jesse.brown@company.com,Comp Inquiry,2,0
angela.lin@company.com,Comp Inquiry,7,0
angela.lin@company.com,Policy Question,4,0
angela.lin@company.com,Payroll,3,0
angela.lin@company.com,PTO Request,1,0
angela.lin@company.com,IT Access,0,0
lisa.hunter@company.com,IT Access,4,0
lisa.hunter@company.com,Comp Inquiry,2,1
lisa.hunter@company.com,Policy Question,0,0
julian.conner@company.com,Manager Escalation,8,0
joanna.pacheco@company.com,Manager Escalation,1,1
joanna.pacheco@company.com,Manager Escalation,2,0
joanna.pacheco@company.com,Policy Question,3,0
joanna.pacheco@company.com,Manager Escalation,2,1
joanna.pacheco@company.com,Payroll,0,0
joanna.pacheco@company.com,Benefits,0,0
joanna.pacheco@company.com,PTO Request,1,1
erica.alvarez@company.com,Benefits,12,0
erica.alvarez@company.com,PTO Request,8,0
erica.alvarez@company.com,IT Access,3,0
antonio.garcia@company.com,Comp Inquiry,7,0
antonio.garcia@company.com,PTO Request,4,0
antonio.garcia@company.com,Policy Question,1,0
antonio.garcia@company.com,Policy Question,10,0
antonio.garcia@company.com,Benefits,2,0
antonio.garcia@company.com,Payroll,0,0
antonio.garcia@company.com,Comp Inquiry,1,0
gwendolyn.klein@company.com,Comp Inquiry,2,1
gwendolyn.klein@company.com,Comp Inquiry,0,0
gwendolyn.klein@company.com,Policy Question,0,0
carrie.wright@company.com,Policy Question,3,0
carrie.wright@company.com,Payroll,5,0
jeffrey.mills@company.com,Comp Inquiry,2,0
jeffrey.mills@company.com,Manager Escalation,0,0
jeffrey.mills@company.com,Payroll,3,0
jeffrey.mills@company.com,Comp Inquiry,1,0
jeffrey.mills@company.com,Benefits,0,0
jake.campbell@company.com,Benefits,2,0
jake.campbell@company.com,Payroll,2,0
jake.campbell@company.com,PTO Request,2,0
jake.campbell@company.com,Comp Inquiry,3,0
jake.campbell@company.com,Benefits,1,0
george.harper@company.com,Benefits,0,0
george.harper@company.com,Payroll,0,0
maria.jones@company.com,IT Access,5,0
maria.jones@company.com,PTO Request,1,0
maria.jones@company.com,Comp Inquiry,2,0
maria.jones@company.com,IT Access,3,1
maria.jones@company.com,PTO Request,7,0
michael.mitchell@company.com,Benefits,1,0
michael.mitchell@company.com,Manager Escalation,0,0
michael.mitchell@company.com,Policy Question,1,0
michael.mitchell@company.com,Policy Question,1,0
michael.mitchell@company.com,PTO Request,1,1
mary.escobar@company.com,Comp Inquiry,1,0
mary.escobar@company.com,Payroll,1,0
mary.escobar@company.com,IT Access,2,1
mary.escobar@company.com,Policy Question,0,0
felicia.aguilar@company.com,Policy Question,2,0
felicia.aguilar@company.com,IT Access,1,0
felicia.aguilar@company.com,IT Access,2,0
felicia.aguilar@company.com,Policy Question,5,0
felicia.aguilar@company.com,Manager Escalation,2,0
felicia.aguilar@company.com,Payroll,7,0
felicia.aguilar@company.com,Payroll,1,0
felicia.aguilar@company.com,Comp Inquiry,4,0
felicia.aguilar@company.com,Policy Question,0,0
felicia.aguilar@company.com,Manager Escalation,6,1
gregory.ponce@company.com,PTO Request,0,0
gregory.ponce@company.com,Payroll,2,0
gregory.ponce@company.com,Benefits,1,0
gregory.ponce@company.com,Manager Escalation,4,0
gregory.ponce@company.com,PTO Request,1,0
gregory.ponce@company.com,PTO Request,1,0
gregory.ponce@company.com,Manager Escalation,0,0
gregory.ponce@company.com,Comp Inquiry,5,0
jenna.larson@company.com,Policy Question,0,0
jenna.larson@company.com,Payroll,0,0
jenna.larson@company.com,IT Access,3,0
jenna.larson@company.com,Benefits,4,0
emily.bennett@company.com,Benefits,5,0
emily.bennett@company.com,IT Access,2,0
emily.bennett@company.com,Manager Escalation,0,0
emily.bennett@company.com,PTO Request,0,0
emily.bennett@company.com,Comp Inquiry,1,0
emily.bennett@company.com,PTO Request,0,0
emily.bennett@company.com,Payroll,6,1
emily.bennett@company.com,PTO Request,1,0
emily.bennett@company.com,Benefits,4,0
emily.bennett@company.com,Manager Escalation,9,0
emily.bennett@company.com,IT Access,0,0
robin.santiago@company.com,Manager Escalation,0,1
robin.santiago@company.com,Payroll,4,0
robin.santiago@company.com,Policy Question,5,0
robin.santiago@company.com,Payroll,6,0
nancy.jennings@company.com,IT Access,1,0
nancy.jennings@company.com,Comp Inquiry,7,0
nancy.jennings@company.com,Manager Escalation,0,0
nancy.jennings@company.com,PTO Request,0,1
nancy.jennings@company.com,PTO Request,7,1
nancy.jennings@company.com,IT Access,2,0
maria.henderson@company.com,IT Access,1,0
maria.henderson@company.com,Benefits,0,0
maria.henderson@company.com,Benefits,0,0
jack.white@company.com,Comp Inquiry,1,1
jack.white@company.com,Manager Escalation,0,0
jack.white@company.com,Manager Escalation,2,0
jack.white@company.com,Policy Question,2,0
jack.white@company.com,Payroll,4,0
jack.white@company.com,Manager Escalation,2,0
jack.white@company.com,PTO Request,0,0
jack.white@company.com,IT Access,4,0
jack.white@company.com,Payroll,0,1
jack.white@company.com,Payroll,2,0
jack.white@company.com,IT Access,2,1
jack.white@company.com,PTO Request,4,0
chad.jones@company.com,IT Access,7,1
chad.jones@company.com,Benefits,1,0
chad.jones@company.com,Policy Question,0,1
chad.jones@company.com,Manager Escalation,2,0
chad.jones@company.com,Benefits,0,1
ashley.wise@company.com,Benefits,1,0
ashley.wise@company.com,Policy Question,4,0
ashley.wise@company.com,Comp Inquiry,2,0
ashley.wise@company.com,Payroll,7,0
sophia.johnson@company.com,Payroll,0,0
sophia.johnson@company.com,Payroll,0,0
sophia.johnson@company.com,IT Access,0,0
ralph.anderson@company.com,Benefits,0,0
ralph.anderson@company.com,Benefits,0,0
ralph.anderson@company.com,Payroll,0,0
christopher.guerra@company.com,PTO Request,0,0
rhonda.martin@company.com,Benefits,1,0
rhonda.martin@company.com,Policy Question,5,0
rhonda.martin@company.com,Policy Question,0,0
rhonda.martin@company.com,Payroll,0,0
rhonda.martin@company.com,Payroll,1,0
rhonda.martin@company.com,Manager Escalation,0,1
rhonda.martin@company.com,Manager Escalation,1,0
rhonda.martin@company.com,IT Access,7,0
rhonda.martin@company.com,Comp Inquiry,5,1
jason.rhodes@company.com,Benefits,1,0
jason.rhodes@company.com,IT Access,0,0
jason.rhodes@company.com,Payroll,1,0
jason.rhodes@company.com,Manager Escalation,1,0
jason.rhodes@company.com,Manager Escalation,5,1
jason.rhodes@company.com,Manager Escalation,0,0
jeremy.mitchell@company.com,Policy Question,1,0
jeremy.mitchell@company.com,IT Access,6,0
jeremy.mitchell@company.com,Policy Question,3,0
jeremy.mitchell@company.com,Policy Question,2,0
jeremy.mitchell@company.com,PTO Request,9,0
jeremy.mitchell@company.com,Comp Inquiry,1,0
joann.ferguson@company.com,PTO Request,3,0
joann.ferguson@company.com,IT Access,1,0
joann.ferguson@company.com,Payroll,1,0
joann.ferguson@company.com,Policy Question,0,0
robert.harrison@company.com,Manager Escalation,8,0
robert.harrison@company.com,PTO Request,3,0
robert.harrison@company.com,IT Access,2,0
robert.harrison@company.com,Policy Question,3,0
robert.harrison@company.com,Payroll,0,0
robert.harrison@company.com,Payroll,1,0
holly.valentine@company.com,PTO Request,0,0
holly.valentine@company.com,Benefits,0,0
holly.valentine@company.com,Comp Inquiry,2,1
mrs.reyes@company.com,Policy Question,6,0
tracy.montoya@company.com,IT Access,12,0
tracy.montoya@company.com,IT Access,0,0
tracy.montoya@company.com,IT Access,2,0
tracy.montoya@company.com,IT Access,5,1
tracy.montoya@company.com,PTO Request,1,0
brenda.wright@company.com,PTO Request,8,0
brenda.wright@company.com,Policy Question,3,0
brenda.wright@company.com,Payroll,0,0
shelly.spencer@company.com,PTO Request,0,0
shelly.spencer@company.com,PTO Request,2,0
shelly.spencer@company.com,Payroll,8,0
ryan.rosales@company.com,Benefits,0,1
ryan.rosales@company.com,Comp Inquiry,1,0
ryan.rosales@company.com,IT Access,10,0
ryan.rosales@company.com,Manager Escalation,0,0
phillip.nelson@company.com,Policy Question,2,0
phillip.nelson@company.com,Payroll,15,0
phillip.nelson@company.com,IT Access,1,0
phillip.nelson@company.com,Benefits,2,0
phillip.nelson@company.com,Benefits,3,0
phillip.nelson@company.com,PTO Request,0,0
phillip.nelson@company.com,IT Access,16,0
phillip.nelson@company.com,Comp Inquiry,0,0
brittany.kim@company.com,IT Access,4,0
brittany.kim@company.com,Benefits,3,0
brittany.kim@company.com,Manager Escalation,0,0
brittany.kim@company.com,Policy Question,1,0
brittany.kim@company.com,PTO Request,0,0
brittany.kim@company.com,Policy Question,4,1
brittany.kim@company.com,PTO Request,2,0
courtney.hayes@company.com,Comp Inquiry,3,0
courtney.hayes@company.com,Policy Question,3,0
alexander.brown@company.com,Payroll,3,0
cynthia.vang@company.com,Comp Inquiry,0,0
cynthia.vang@company.com,Comp Inquiry,5,0
cynthia.vang@company.com,Comp Inquiry,3,0
cynthia.vang@company.com,IT Access,3,0
alfred.galvan@company.com,Manager Escalation,1,1
alfred.galvan@company.com,Policy Question,4,0
alfred.galvan@company.com,Benefits,9,0
alfred.galvan@company.com,Benefits,0,0
alfred.galvan@company.com,Payroll,11,0
alfred.galvan@company.com,Policy Question,4,0
marie.moody@company.com,Benefits,7,0
marie.moody@company.com,Benefits,2,0
marie.moody@company.com,Comp Inquiry,6,0
dustin.gallegos@company.com,PTO Request,8,0
brenda.thornton@company.com,Payroll,1,0
brenda.thornton@company.com,Comp Inquiry,1,0
aaron.miller@company.com,PTO Request,0,0
aaron.miller@company.com,Policy Question,0,0
aaron.miller@company.com,Comp Inquiry,7,1
ruben.dunn@company.com,PTO Request,0,0
ruben.dunn@company.com,Benefits,0,1
kelsey.rodriguez@company.com,Manager Escalation,4,0
eric.williams@company.com,Payroll,1,0
eric.williams@company.com,Comp Inquiry,2,0
eric.williams@company.com,Manager Escalation,0,0
eric.williams@company.com,Comp Inquiry,2,0
riley.bryant@company.com,Policy Question,0,1
taylor.carlson@company.com,Comp Inquiry,12,1
taylor.carlson@company.com,Payroll,0,0
jose.allen@company.com,Comp Inquiry,0,0
jeffrey.mendez@company.com,Benefits,6,0
jeffrey.mendez@company.com,IT Access,4,1
jeffrey.mendez@company.com,Payroll,2,0
jeffrey.mendez@company.com,Policy Question,6,0
jeffrey.mendez@company.com,Payroll,2,0
jeffrey.mendez@company.com,Payroll,8,0
jason.beck@company.com,Payroll,3,0
jason.beck@company.com,Policy Question,0,0
william.jones@company.com,IT Access,1,0
william.jones@company.com,Payroll,0,1
katie.mcneil@company.com,PTO Request,1,0
katie.mcneil@company.com,Policy Question,1,0
katie.mcneil@company.com,Manager Escalation,10,0
jeanette.harrison@company.com,Comp Inquiry,0,0
jeanette.harrison@company.com,Benefits,3,0
jeanette.harrison@company.com,IT Access,2,0
jeanette.harrison@company.com,Payroll,0,0
jeanette.harrison@company.com,Manager Escalation,1,0
richard.cooper@company.com,IT Access,1,0
richard.cooper@company.com,Comp Inquiry,1,0
lori.ingram@company.com,PTO Request,0,0
lori.ingram@company.com,Manager Escalation,0,0
lori.ingram@company.com,Benefits,0,0
lori.ingram@company.com,Comp Inquiry,6,0
evelyn.williams@company.com,Policy Question,3,0
evelyn.williams@company.com,Policy Question,1,0
evelyn.williams@company.com,Payroll,0,0
evelyn.williams@company.com,IT Access,0,0
evelyn.williams@company.com,Policy Question,1,0
evelyn.williams@company.com,Benefits,5,0
evelyn.williams@company.com,Benefits,1,0
robin.thompson@company.com,PTO Request,2,0
robin.thompson@company.com,Manager Escalation,0,0
robin.thompson@company.com,Policy Question,0,0
robin.thompson@company.com,Payroll,0,0
julie.dominguez@company.com,Payroll,0,0
julie.dominguez@company.com,Manager Escalation,0,0
julie.dominguez@company.com,Manager Escalation,3,1
julie.dominguez@company.com,Policy Question,0,0
julie.dominguez@company.com,Benefits,2,0
julie.dominguez@company.com,IT Access,1,0
robin.brown@company.com,Policy Question,0,1
robin.brown@company.com,Comp Inquiry,1,0
judith.carter@company.com,IT Access,5,0
curtis.williams@company.com,IT Access,0,0
kaylee.hays@company.com,Policy Question,9,0
dawn.mullins@company.com,Benefits,1,0
dawn.mullins@company.com,Policy Question,6,1
dawn.mullins@company.com,IT Access,12,1
dawn.mullins@company.com,PTO Request,0,0
howard.norman@company.com,Comp Inquiry,2,0
howard.norman@company.com,Manager Escalation,5,0
howard.norman@company.com,Payroll,6,0
howard.norman@company.com,Benefits,0,0
howard.norman@company.com,Policy Question,2,0
howard.norman@company.com,Payroll,6,0
howard.norman@company.com,Policy Question,6,1
howard.norman@company.com,Comp Inquiry,1,0
howard.norman@company.com,PTO Request,0,0
howard.norman@company.com,Manager Escalation,0,0
evelyn.martinez@company.com,Benefits,0,0
evelyn.martinez@company.com,Comp Inquiry,1,0
evelyn.martinez@company.com,Payroll,0,0
evelyn.martinez@company.com,Manager Escalation,0,0
evelyn.martinez@company.com,Comp Inquiry,2,0
steve.paul@company.com,Benefits,1,0
steve.paul@company.com,Payroll,0,0
steve.paul@company.com,Benefits,0,0
steve.paul@company.com,Policy Question,5,0
steve.paul@company.com,Payroll,5,0
jasmine.beltran@company.com,PTO Request,1,0
jasmine.beltran@company.com,Manager Escalation,0,0
jasmine.beltran@company.com,PTO Request,8,0
jasmine.beltran@company.com,Comp Inquiry,8,0
jasmine.beltran@company.com,IT Access,5,0
jonathan.md@company.com,Manager Escalation,0,0
jonathan.md@company.com,Comp Inquiry,1,0
jonathan.md@company.com,Payroll,5,0
jonathan.md@company.com,Policy Question,9,0
jonathan.md@company.com,Payroll,4,0
jonathan.md@company.com,PTO Request,0,1
monica.miller@company.com,Manager Escalation,2,0
monica.miller@company.com,PTO Request,8,0
monica.miller@company.com,Benefits,18,1
monica.miller@company.com,PTO Request,0,0
monica.miller@company.com,Payroll,3,0
monica.miller@company.com,Policy Question,0,0
monica.miller@company.com,Payroll,7,0
monica.miller@company.com,Comp Inquiry,0,0
monica.miller@company.com,PTO Request,4,0
samantha.gardner@company.com,Manager Escalation,1,0
samantha.gardner@company.com,Policy Question,1,1
samantha.gardner@company.com,Manager Escalation,0,0
samantha.gardner@company.com,Payroll,2,0
bobby.guerrero@company.com,PTO Request,0,0
bobby.guerrero@company.com,Policy Question,0,0
bobby.guerrero@company.com,Payroll,1,0
bobby.guerrero@company.com,Manager Escalation,4,0
bobby.guerrero@company.com,PTO Request,0,0
bobby.guerrero@company.com,Benefits,4,0
bobby.guerrero@company.com,Policy Question,0,0
bobby.guerrero@company.com,Policy Question,4,0
bobby.guerrero@company.com,Manager Escalation,3,0
lance.simmons@company.com,Comp Inquiry,4,0
heather.williams@company.com,Manager Escalation,3,1
heather.bolton@company.com,Benefits,8,0
heather.bolton@company.com,Manager Escalation,0,0
heather.bolton@company.com,Policy Question,0,0
heather.bolton@company.com,Comp Inquiry,1,0
heather.bolton@company.com,Comp Inquiry,0,0
william.gould@company.com,Policy Question,2,1
william.gould@company.com,Payroll,1,0
william.gould@company.com,IT Access,0,0
william.gould@company.com,Manager Escalation,4,0
mark.cox@company.com,IT Access,1,0
meghan.cisneros@company.com,Manager Escalation,1,0
meghan.cisneros@company.com,PTO Request,2,0
lawrence.harrington@company.com,Manager Escalation,12,0
lawrence.harrington@company.com,Policy Question,0,0
austin.osborne@company.com,Comp Inquiry,1,1
austin.osborne@company.com,Policy Question,4,0
james.bradley@company.com,Comp Inquiry,1,0
james.bradley@company.com,Payroll,1,0
james.bradley@company.com,Manager Escalation,1,0
james.bradley@company.com,Payroll,1,0
james.bradley@company.com,Comp Inquiry,1,0
james.bradley@company.com,Manager Escalation,3,1
james.bradley@company.com,Benefits,6,0
james.bradley@company.com,Comp Inquiry,0,0
james.bradley@company.com,Policy Question,3,0
james.bradley@company.com,Payroll,2,0
meghan.rush@company.com,Benefits,1,0
meghan.rush@company.com,Payroll,3,0
meghan.rush@company.com,Comp Inquiry,2,0
meghan.rush@company.com,PTO Request,2,0
meghan.rush@company.com,Policy Question,2,0
meghan.rush@company.com,IT Access,2,1
meghan.rush@company.com,Payroll,0,1
meghan.rush@company.com,Comp Inquiry,3,0
meghan.rush@company.com,Payroll,0,0
meghan.rush@company.com,Payroll,3,0
meghan.rush@company.com,Manager Escalation,0,0
phillip.berry@company.com,Payroll,1,0
phillip.berry@company.com,Benefits,1,0
jennifer.banks@company.com,Payroll,2,0
jennifer.banks@company.com,PTO Request,1,0
jennifer.banks@company.com,Policy Question,0,0
jennifer.banks@company.com,IT Access,0,0
jennifer.banks@company.com,Benefits,5,0
brian.fitzgerald@company.com,Manager Escalation,0,0
brian.fitzgerald@company.com,Comp Inquiry,5,0
brian.fitzgerald@company.com,PTO Request,2,0
brian.fitzgerald@company.com,IT Access,0,0
brian.fitzgerald@company.com,Comp Inquiry,4,0
brian.fitzgerald@company.com,Policy Question,0,0
brian.fitzgerald@company.com,Comp Inquiry,0,0
mr.iii@company.com,Manager Escalation,2,0
mr.iii@company.com,IT Access,10,0
zachary.mitchell@company.com,Policy Question,4,0
zachary.mitchell@company.com,Payroll,2,0
katherine.martinez@company.com,Policy Question,0,0
katherine.martinez@company.com,Policy Question,0,0
katherine.martinez@company.com,Comp Inquiry,1,0
katherine.martinez@company.com,PTO Request,0,0
jodi.roach@company.com,Comp Inquiry,4,0
jodi.roach@company.com,Payroll,14,0
jodi.roach@company.com,Payroll,4,0
jodi.roach@company.com,Policy Question,3,0
jodi.roach@company.com,Comp Inquiry,0,0
jodi.roach@company.com,Payroll,3,0
jodi.roach@company.com,Policy Question,3,0
jodi.roach@company.com,Comp Inquiry,3,0
jodi.roach@company.com,IT Access,1,0
brandon.fleming@company.com,Manager Escalation,4,0
emma.reed@company.com,Comp Inquiry,1,1
emma.reed@company.com,Comp Inquiry,1,0
emma.reed@company.com,Benefits,3,0
emma.reed@company.com,Payroll,1,0
emma.reed@company.com,PTO Request,14,0
joshua.vance@company.com,Benefits,2,0
joshua.vance@company.com,Policy Question,5,1
michelle.ho@company.com,Comp Inquiry,1,0
michelle.ho@company.com,Manager Escalation,0,0
michelle.ho@company.com,Manager Escalation,1,1
michelle.ho@company.com,Policy Question,0,0
michelle.ho@company.com,Policy Question,7,0
rebecca.hicks@company.com,Policy Question,1,0
rebecca.hicks@company.com,Benefits,1,0
rebecca.hicks@company.com,Manager Escalation,4,0
rebecca.hicks@company.com,Payroll,3,1
rebecca.hicks@company.com,Policy Question,1,0
rebecca.hicks@company.com,Benefits,2,0
curtis.taylor@company.com,Payroll,7,0
curtis.taylor@company.com,IT Access,4,0
curtis.taylor@company.com,Comp Inquiry,0,0
curtis.taylor@company.com,IT Access,5,0
allison.spencer@company.com,Benefits,2,0
allison.spencer@company.com,IT Access,2,0
allison.spencer@company.com,Policy Question,1,0
allison.spencer@company.com,Manager Escalation,4,0
allison.spencer@company.com,Policy Question,1,0
robert.arnold@company.com,Benefits,0,0
robert.arnold@company.com,Policy Question,10,1
robert.arnold@company.com,Benefits,0,0
angelica.parker@company.com,IT Access,0,0
angelica.parker@company.com,Payroll,3,1
angelica.parker@company.com,Comp Inquiry,4,0
dr.dvm@company.com,Comp Inquiry,0,0
dr.dvm@company.com,Comp Inquiry,0,1
dr.dvm@company.com,Payroll,0,0
william.day@company.com,Policy Question,1,0
william.day@company.com,Manager Escalation,1,0
michael.cooper@company.com,Comp Inquiry,3,0
michael.cooper@company.com,IT Access,0,0
michael.cooper@company.com,IT Access,2,1
michael.cooper@company.com,Policy Question,1,1
michael.cooper@company.com,Benefits,0,0
michael.cooper@company.com,Payroll,0,0
michael.cooper@company.com,IT Access,1,0
michael.cooper@company.com,IT Access,7,1
michael.cooper@company.com,Payroll,2,0
michael.cooper@company.com,Manager Escalation,3,0
penny.bowman@company.com,Policy Question,0,0
penny.bowman@company.com,Benefits,13,0
penny.bowman@company.com,Comp Inquiry,3,0
penny.bowman@company.com,PTO Request,0,1
penny.bowman@company.com,Manager Escalation,0,0
vincent.reynolds@company.com,Policy Question,1,1
vincent.reynolds@company.com,PTO Request,1,1
vincent.reynolds@company.com,Manager Escalation,3,0
vincent.reynolds@company.com,PTO Request,2,0
amy.martinez@company.com,Benefits,5,0
amy.martinez@company.com,Policy Question,0,0
amy.martinez@company.com,IT Access,0,0
amy.martinez@company.com,Policy Question,9,0
christopher.morris@company.com,Policy Question,0,1
christopher.morris@company.com,Payroll,5,0
christopher.morris@company.com,Policy Question,1,0
christopher.morris@company.com,PTO Request,12,0
hannah.everett@company.com,Comp Inquiry,0,0
sarah.king@company.com,Payroll,2,0
sarah.king@company.com,Manager Escalation,2,0
krista.martinez@company.com,Policy Question,3,0
krista.martinez@company.com,Payroll,8,0
krista.martinez@company.com,Manager Escalation,4,0
krista.martinez@company.com,Payroll,0,0
krista.martinez@company.com,Benefits,4,1
krista.martinez@company.com,Manager Escalation,6,0
krista.martinez@company.com,IT Access,0,0
joseph.shaw@company.com,Payroll,1,0
joseph.shaw@company.com,PTO Request,1,0
joseph.shaw@company.com,Manager Escalation,2,0
joseph.shaw@company.com,PTO Request,1,0
joseph.shaw@company.com,PTO Request,4,0
joseph.shaw@company.com,Benefits,0,0
joseph.shaw@company.com,Benefits,1,0
todd.moore@company.com,IT Access,0,1
todd.moore@company.com,Payroll,11,0
todd.moore@company.com,Manager Escalation,0,0
todd.moore@company.com,Benefits,6,0
todd.moore@company.com,Policy Question,0,0
todd.moore@company.com,IT Access,1,0
todd.moore@company.com,IT Access,1,0
michelle.jacobs@company.com,Benefits,2,0
michelle.jacobs@company.com,Payroll,2,0
kristy.bryan@company.com,Policy Question,1,0
angel.may@company.com,Manager Escalation,6,0
angel.may@company.com,IT Access,3,0
marilyn.wang@company.com,IT Access,5,1
mark.jimenez@company.com,Manager Escalation,4,0
donna.frye@company.com,IT Access,4,1
donna.frye@company.com,Comp Inquiry,4,0
dr.evans@company.com,Benefits,5,0
dr.evans@company.com,Comp Inquiry,0,0
dr.evans@company.com,Payroll,1,0
dr.evans@company.com,Policy Question,3,0
dr.evans@company.com,Manager Escalation,5,0
dr.evans@company.com,PTO Request,0,0
anthony.gonzales@company.com,IT Access,8,0
anthony.gonzales@company.com,Benefits,2,0
morgan.valencia@company.com,Benefits,10,0
bianca.wood@company.com,Comp Inquiry,0,0
emma.owens@company.com,PTO Request,2,0
emma.owens@company.com,IT Access,1,0
emma.owens@company.com,PTO Request,1,0
emma.owens@company.com,Manager Escalation,1,0
emma.owens@company.com,Comp Inquiry,2,0
emma.owens@company.com,Benefits,0,0
emma.owens@company.com,Policy Question,0,0
emma.owens@company.com,Manager Escalation,0,0
emma.owens@company.com,IT Access,5,0
emma.owens@company.com,PTO Request,11,0
emma.owens@company.com,Payroll,1,1
david.davis@company.com,IT Access,2,0
david.davis@company.com,Comp Inquiry,1,0
david.davis@company.com,Comp Inquiry,2,0
david.davis@company.com,Comp Inquiry,5,0
james.gilbert@company.com,Policy Question,1,1
james.gilbert@company.com,Comp Inquiry,4,0
sean.moore@company.com,Benefits,1,0
sean.moore@company.com,Manager Escalation,0,1
sean.moore@company.com,Manager Escalation,0,0
sean.moore@company.com,Payroll,5,1
sean.moore@company.com,PTO Request,0,0
sean.moore@company.com,Comp Inquiry,3,0
sean.moore@company.com,PTO Request,4,0
sean.moore@company.com,IT Access,1,0
sean.moore@company.com,PTO Request,0,1
kenneth.edwards@company.com,Payroll,0,0
kenneth.edwards@company.com,Manager Escalation,6,0
kenneth.edwards@company.com,Comp Inquiry,3,1
kenneth.edwards@company.com,Manager Escalation,1,0
kenneth.edwards@company.com,Policy Question,0,0
kenneth.edwards@company.com,Benefits,0,0
kenneth.edwards@company.com,Policy Question,3,0
kenneth.edwards@company.com,Payroll,4,0
kenneth.edwards@company.com,Manager Escalation,0,0
kathleen.robertson@company.com,IT Access,4,1
kathleen.robertson@company.com,Manager Escalation,8,0
kathleen.robertson@company.com,IT Access,1,0
kathleen.robertson@company.com,Payroll,0,0
kathleen.robertson@company.com,IT Access,2,0
kathleen.robertson@company.com,Benefits,3,0
kathleen.robertson@company.com,PTO Request,0,0
mr.md@company.com,Comp Inquiry,3,0
mr.md@company.com,Manager Escalation,9,1
mr.md@company.com,IT Access,1,0
cindy.gomez@company.com,Benefits,0,0
cindy.gomez@company.com,IT Access,1,0
cindy.gomez@company.com,Payroll,7,0
johnny.khan@company.com,IT Access,3,0
johnny.khan@company.com,PTO Request,4,0
johnny.khan@company.com,Comp Inquiry,1,0
johnny.khan@company.com,Comp Inquiry,1,0
johnny.khan@company.com,IT Access,10,1
johnny.khan@company.com,Policy Question,3,0
julie.herrera@company.com,Comp Inquiry,1,0
julie.herrera@company.com,Payroll,0,1
jessica.khan@company.com,IT Access,0,0
jessica.khan@company.com,Benefits,0,0
jessica.khan@company.com,Benefits,3,0
jessica.khan@company.com,IT Access,0,0
jessica.khan@company.com,Payroll,0,0
jessica.khan@company.com,Payroll,1,1
jessica.khan@company.com,Payroll,4,0
jessica.khan@company.com,Policy Question,5,0
jessica.khan@company.com,IT Access,2,0
pamela.diaz@company.com,Payroll,2,0
pamela.diaz@company.com,Benefits,2,0
kelly.lee@company.com,Payroll,1,1
kelly.lee@company.com,Payroll,2,1
kelly.lee@company.com,PTO Request,9,1
kelly.lee@company.com,Policy Question,2,0
kelly.lee@company.com,Manager Escalation,16,0
kelly.lee@company.com,Payroll,12,0
angel.gordon@company.com,Policy Question,1,0
angel.gordon@company.com,Manager Escalation,0,0
angel.gordon@company.com,PTO Request,4,0
diana.hays@company.com,Manager Escalation,1,0
diana.hays@company.com,Payroll,2,0
diana.hays@company.com,Manager Escalation,7,0
barbara.hester@company.com,IT Access,0,0
barbara.hester@company.com,Manager Escalation,1,1
barbara.hester@company.com,Policy Question,0,0
barbara.hester@company.com,PTO Request,2,0
barbara.hester@company.com,Comp Inquiry,3,0
barbara.hester@company.com,Policy Question,8,0
barbara.hester@company.com,IT Access,2,0
robert.morgan@company.com,PTO Request,0,0
robert.morgan@company.com,Benefits,2,0
robert.morgan@company.com,Payroll,0,0
robert.morgan@company.com,Benefits,0,0
robert.morgan@company.com,Comp Inquiry,2,0
robert.morgan@company.com,Policy Question,1,0
robert.morgan@company.com,PTO Request,1,0
robert.morgan@company.com,PTO Request,4,1
robert.morgan@company.com,Comp Inquiry,3,0
robert.morgan@company.com,Manager Escalation,4,0
robert.morgan@company.com,Benefits,5,0
nicole.gonzalez@company.com,IT Access,3,1
kathryn.williams@company.com,Payroll,8,0
kathryn.williams@company.com,Policy Question,1,0
kathryn.williams@company.com,Benefits,1,0
gary.wells@company.com,Payroll,12,0
gary.wells@company.com,Payroll,0,0
larry.robertson@company.com,PTO Request,1,0
louis.martin@company.com,Policy Question,1,1
louis.martin@company.com,Policy Question,2,0
nancy.md@company.com,Policy Question,1,0
kim.erickson@company.com,Comp Inquiry,0,0
kim.erickson@company.com,IT Access,0,0
robert.richardson@company.com,Manager Escalation,1,0
robert.richardson@company.com,Manager Escalation,5,0
molly.watts@company.com,PTO Request,4,0
molly.watts@company.com,Benefits,5,0
molly.watts@company.com,Manager Escalation,3,0
john.coffey@company.com,Benefits,6,0
john.coffey@company.com,PTO Request,2,0
john.coffey@company.com,IT Access,1,0
paula.lane@company.com,IT Access,0,0
paula.lane@company.com,IT Access,1,0
paula.lane@company.com,Benefits,0,0
paula.lane@company.com,Comp Inquiry,5,0
lauren.jackson@company.com,Policy Question,0,0
lauren.jackson@company.com,PTO Request,0,0
lauren.jackson@company.com,PTO Request,0,0
lisa.randall@company.com,Policy Question,1,0
lisa.randall@company.com,PTO Request,4,0
lisa.randall@company.com,Comp Inquiry,1,0
michael.johnson@company.com,Benefits,0,0
michael.johnson@company.com,Policy Question,2,1
michael.johnson@company.com,Manager Escalation,0,0
michael.johnson@company.com,Manager Escalation,0,0
ashley.smith@company.com,IT Access,0,0
ashley.smith@company.com,Policy Question,5,1
ashley.smith@company.com,PTO Request,5,0
christian.vaughn@company.com,Benefits,0,1
christian.vaughn@company.com,Policy Question,0,0
christian.vaughn@company.com,Comp Inquiry,1,0
christian.vaughn@company.com,Payroll,8,1
christian.vaughn@company.com,Payroll,1,0
christian.vaughn@company.com,Benefits,0,0
reginald.knapp@company.com,PTO Request,5,1
reginald.knapp@company.com,IT Access,0,0
nancy.brown@company.com,Manager Escalation,1,0
nancy.brown@company.com,Benefits,2,0
nancy.brown@company.com,PTO Request,3,0
nancy.brown@company.com,PTO Request,12,0
daniel.nguyen@company.com,PTO Request,1,0
daniel.nguyen@company.com,IT Access,1,0
kelly.edwards@company.com,Manager Escalation,3,0
thomas.peterson@company.com,PTO Request,0,0
raymond.le@company.com,Manager Escalation,3,0
raymond.le@company.com,IT Access,1,0
raymond.le@company.com,Policy Question,1,0
raymond.le@company.com,Manager Escalation,5,0
raymond.le@company.com,Comp Inquiry,13,0
raymond.le@company.com,Payroll,0,0
raymond.le@company.com,Benefits,2,0
melissa.bishop@company.com,Payroll,3,1
melissa.bishop@company.com,Payroll,3,0
melissa.bishop@company.com,Comp Inquiry,0,0
melissa.bishop@company.com,Comp Inquiry,0,0
melissa.bishop@company.com,Payroll,1,0
melissa.bishop@company.com,Payroll,2,0
david.grant@company.com,Policy Question,2,0
david.grant@company.com,Comp Inquiry,1,1
david.grant@company.com,Benefits,2,0
david.grant@company.com,Manager Escalation,0,0
david.grant@company.com,Comp Inquiry,2,0
william.evans@company.com,Benefits,2,0
william.evans@company.com,Payroll,5,0
william.evans@company.com,Payroll,1,0
william.evans@company.com,Manager Escalation,2,0
daniel.bush@company.com,Payroll,7,0
gregory.peck@company.com,Policy Question,1,0
gregory.peck@company.com,PTO Request,1,0
gregory.peck@company.com,Comp Inquiry,1,0
gregory.peck@company.com,PTO Request,2,0
gregory.peck@company.com,Benefits,3,0
gregory.peck@company.com,Payroll,3,0
gregory.peck@company.com,Payroll,0,0
gregory.peck@company.com,PTO Request,1,0
denise.martinez@company.com,Policy Question,0,0
denise.martinez@company.com,Comp Inquiry,1,0
denise.martinez@company.com,PTO Request,3,0
denise.martinez@company.com,Policy Question,7,0
denise.martinez@company.com,Comp Inquiry,1,0
denise.martinez@company.com,Comp Inquiry,5,0
jamie.baird@company.com,Policy Question,2,0
jamie.baird@company.com,Comp Inquiry,3,0
jamie.baird@company.com,Comp Inquiry,3,0
jamie.baird@company.com,Comp Inquiry,4,0
tina.ballard@company.com,IT Access,0,0
tina.ballard@company.com,Comp Inquiry,0,0
tina.ballard@company.com,Payroll,0,1
tina.ballard@company.com,IT Access,4,0
tina.ballard@company.com,Comp Inquiry,1,0
tina.ballard@company.com,PTO Request,1,1
dwayne.klein@company.com,Benefits,2,0
dwayne.klein@company.com,Policy Question,0,0
dwayne.klein@company.com,PTO Request,1,0
jeremy.scott@company.com,Manager Escalation,1,0
dale.ryan@company.com,Manager Escalation,3,0
dale.ryan@company.com,Benefits,4,0
dale.ryan@company.com,Benefits,1,0
dale.ryan@company.com,Policy Question,2,0
dale.ryan@company.com,Benefits,2,0
dale.ryan@company.com,Manager Escalation,3,0
dale.ryan@company.com,Comp Inquiry,2,0
melissa.taylor@company.com,IT Access,0,1
melissa.taylor@company.com,Manager Escalation,1,0
melissa.taylor@company.com,Benefits,7,0
melissa.taylor@company.com,Policy Question,1,0
melissa.taylor@company.com,Policy Question,5,0
laurie.sanchez@company.com,Policy Question,2,0
laurie.sanchez@company.com,Manager Escalation,0,0
laurie.sanchez@company.com,Manager Escalation,0,0
laurie.sanchez@company.com,Comp Inquiry,0,0
laurie.sanchez@company.com,Benefits,1,1
kiara.little@company.com,Payroll,5,0
kiara.little@company.com,IT Access,2,0
kiara.little@company.com,PTO Request,2,1
kiara.little@company.com,Comp Inquiry,0,1
kiara.little@company.com,PTO Request,8,0
kiara.little@company.com,Benefits,3,1
jason.love@company.com,Policy Question,0,0
jason.love@company.com,Policy Question,7,0
jason.love@company.com,Manager Escalation,3,0
jason.love@company.com,IT Access,2,0
randy.smith@company.com,Payroll,0,0
randy.smith@company.com,IT Access,7,0
randy.smith@company.com,Benefits,4,0
randy.smith@company.com,IT Access,0,0
tanya.russell@company.com,Benefits,1,0
tanya.russell@company.com,Manager Escalation,0,0
tanya.russell@company.com,IT Access,3,0
tanya.russell@company.com,IT Access,0,0
tanya.russell@company.com,Benefits,0,0
sherry.woods@company.com,Policy Question,2,1
sherry.woods@company.com,Benefits,1,0
sherry.woods@company.com,Manager Escalation,4,0
sherry.woods@company.com,PTO Request,3,0
sherry.woods@company.com,IT Access,3,0
sherry.woods@company.com,IT Access,0,0
sherry.woods@company.com,PTO Request,5,0
victor.morris@company.com,Payroll,2,1
victor.morris@company.com,Payroll,2,0
victor.morris@company.com,Policy Question,8,0
victor.morris@company.com,IT Access,4,0
victor.morris@company.com,Policy Question,2,0
victor.morris@company.com,Benefits,2,1
victor.morris@company.com,Comp Inquiry,1,0
victor.morris@company.com,PTO Request,3,0
susan.davis@company.com,Benefits,13,0
susan.davis@company.com,PTO Request,8,0
susan.davis@company.com,Comp Inquiry,0,1
susan.davis@company.com,Comp Inquiry,3,0
susan.davis@company.com,Policy Question,2,0
susan.davis@company.com,Manager Escalation,0,0
susan.davis@company.com,Manager Escalation,2,0
kimberly.sharp@company.com,Policy Question,0,0
kimberly.sharp@company.com,Comp Inquiry,5,0
kimberly.sharp@company.com,Manager Escalation,4,0
kimberly.sharp@company.com,IT Access,0,0
kimberly.sharp@company.com,Benefits,2,0
kimberly.sharp@company.com,PTO Request,3,0
kimberly.sharp@company.com,IT Access,2,0
kimberly.sharp@company.com,PTO Request,0,0
kimberly.sharp@company.com,IT Access,4,0
susan.thompson@company.com,Benefits,2,0
susan.thompson@company.com,Policy Question,6,0
jennifer.dvm@company.com,Manager Escalation,2,0
jennifer.dvm@company.com,Payroll,3,0
jennifer.dvm@company.com,Payroll,4,0
jennifer.dvm@company.com,IT Access,2,0
jennifer.dvm@company.com,Benefits,0,0
jennifer.dvm@company.com,Comp Inquiry,1,0
jennifer.dvm@company.com,PTO Request,0,0
jennifer.dvm@company.com,IT Access,0,0
tammy.mcdowell@company.com,Policy Question,4,0
tammy.mcdowell@company.com,PTO Request,2,1
tammy.mcdowell@company.com,Comp Inquiry,2,0
tammy.mcdowell@company.com,Manager Escalation,8,0
tammy.mcdowell@company.com,Policy Question,2,0
keith.rodriguez@company.com,PTO Request,1,0
keith.rodriguez@company.com,Manager Escalation,3,0
keith.rodriguez@company.com,PTO Request,3,0
keith.rodriguez@company.com,Benefits,3,0
mrs.daniels@company.com,IT Access,10,0
todd.md@company.com,Policy Question,1,0
todd.md@company.com,Benefits,1,1
todd.md@company.com,Payroll,13,0
todd.md@company.com,Benefits,0,0
brian.martin@company.com,Manager Escalation,3,0
brian.martin@company.com,IT Access,2,0
brian.martin@company.com,Policy Question,0,0
brian.martin@company.com,PTO Request,0,0
brian.martin@company.com,IT Access,2,0
brian.martin@company.com,Manager Escalation,0,0
brian.martin@company.com,PTO Request,1,0
brian.martin@company.com,Benefits,0,0
brian.martin@company.com,Manager Escalation,0,1
brian.martin@company.com,PTO Request,7,0
brian.martin@company.com,PTO Request,0,0
brian.martin@company.com,Payroll,1,0
brian.martin@company.com,Comp Inquiry,9,0
brian.martin@company.com,Benefits,3,0
brian.martin@company.com,Policy Question,0,0
david.lopez@company.com,Benefits,1,1
david.lopez@company.com,IT Access,0,0
david.lopez@company.com,Benefits,0,1
david.lopez@company.com,Manager Escalation,0,0
david.lopez@company.com,Payroll,1,0
david.lopez@company.com,Comp Inquiry,2,0
rachel.bradley@company.com,Manager Escalation,0,0
rachel.bradley@company.com,Benefits,5,0
rachel.bradley@company.com,Payroll,8,0
rachel.bradley@company.com,PTO Request,8,0
rachel.bradley@company.com,Payroll,0,0
casey.chase@company.com,PTO Request,3,0
casey.chase@company.com,Benefits,6,0
casey.chase@company.com,Policy Question,1,1
casey.chase@company.com,Comp Inquiry,0,0
casey.chase@company.com,PTO Request,1,0
samantha.robertson@company.com,Manager Escalation,1,0
samantha.robertson@company.com,Policy Question,0,1
michael.lopez@company.com,Benefits,1,0
michael.lopez@company.com,PTO Request,7,0
michael.lopez@company.com,Benefits,0,0
michael.lopez@company.com,Payroll,2,0
michael.lopez@company.com,PTO Request,0,0
michael.lopez@company.com,Manager Escalation,5,0
franklin.wright@company.com,Policy Question,12,1
franklin.wright@company.com,PTO Request,1,0
franklin.wright@company.com,Comp Inquiry,1,0
franklin.wright@company.com,Policy Question,1,0
franklin.wright@company.com,Policy Question,2,0
david.molina@company.com,Benefits,3,0
david.molina@company.com,Policy Question,4,1
david.molina@company.com,Benefits,1,0
david.molina@company.com,Payroll,3,0
david.molina@company.com,Comp Inquiry,1,0
elizabeth.sharp@company.com,PTO Request,1,0
elizabeth.sharp@company.com,Benefits,1,1
elizabeth.sharp@company.com,Comp Inquiry,3,0
elizabeth.sharp@company.com,Manager Escalation,1,1
elizabeth.sharp@company.com,Policy Question,0,0
matthew.schwartz@company.com,IT Access,1,0
matthew.schwartz@company.com,PTO Request,3,0
jonathan.jacobson@company.com,Comp Inquiry,1,0
jonathan.jacobson@company.com,Manager Escalation,0,0
jonathan.jacobson@company.com,IT Access,0,1
emily.wilson@company.com,Payroll,5,1
emily.wilson@company.com,PTO Request,3,0
elizabeth.mendez@company.com,Policy Question,0,0
casey.hernandez@company.com,Policy Question,7,0
casey.hernandez@company.com,PTO Request,8,1
casey.hernandez@company.com,Manager Escalation,0,0
casey.hernandez@company.com,Payroll,0,0
lisa.perry@company.com,Policy Question,4,0
lisa.perry@company.com,Benefits,3,0
lisa.perry@company.com,PTO Request,0,0
lisa.perry@company.com,Payroll,2,0
kaitlin.medina@company.com,Comp Inquiry,2,0
kaitlin.medina@company.com,Policy Question,3,0
kaitlin.medina@company.com,IT Access,1,0
kaitlin.medina@company.com,Manager Escalation,0,0
kaitlin.medina@company.com,PTO Request,3,0
colleen.wright@company.com,Payroll,0,0
colleen.wright@company.com,Payroll,0,0
colleen.wright@company.com,Comp Inquiry,8,1
colleen.wright@company.com,Policy Question,5,0
colleen.wright@company.com,Manager Escalation,12,0
colleen.wright@company.com,Benefits,5,0
colleen.wright@company.com,Manager Escalation,1,0
colleen.wright@company.com,Comp Inquiry,2,0
shelley.miller@company.com,Manager Escalation,1,0
shelley.miller@company.com,Manager Escalation,0,0
michael.miller@company.com,Payroll,0,0
michael.miller@company.com,Manager Escalation,2,0
amy.kelley@company.com,Payroll,4,0
amy.kelley@company.com,IT Access,1,0
amy.kelley@company.com,Payroll,4,0
amy.kelley@company.com,Benefits,2,0
amy.kelley@company.com,Payroll,0,0
laura.hernandez@company.com,Benefits,5,0
laura.hernandez@company.com,Comp Inquiry,2,0
laura.hernandez@company.com,Benefits,2,0
laura.hernandez@company.com,Payroll,3,0
laura.hernandez@company.com,Comp Inquiry,3,0
laura.hernandez@company.com,PTO Request,0,0
laura.hernandez@company.com,Payroll,4,0
laura.hernandez@company.com,Policy Question,4,0
joseph.wilson@company.com,IT Access,3,1
joseph.wilson@company.com,Manager Escalation,3,0
joseph.wilson@company.com,Comp Inquiry,1,0
joseph.wilson@company.com,Comp Inquiry,1,0
joseph.wilson@company.com,Manager Escalation,1,0
joseph.wilson@company.com,PTO Request,4,0
rhonda.chavez@company.com,IT Access,0,0
rhonda.chavez@company.com,PTO Request,0,0
rhonda.chavez@company.com,Manager Escalation,2,0
joyce.brown@company.com,Policy Question,3,1
joyce.brown@company.com,IT Access,0,0
joyce.brown@company.com,Manager Escalation,0,1
joyce.brown@company.com,Policy Question,3,0
joyce.brown@company.com,Manager Escalation,3,0
joyce.brown@company.com,IT Access,5,0
robert.cummings@company.com,Comp Inquiry,7,0
robert.cummings@company.com,Policy Question,1,0
robert.cummings@company.com,PTO Request,0,0
robert.cummings@company.com,Policy Question,7,0
robert.cummings@company.com,Manager Escalation,6,0
robert.cummings@company.com,Manager Escalation,3,0
robert.cummings@company.com,IT Access,3,0
robert.cummings@company.com,Comp Inquiry,1,0
robert.cummings@company.com,Comp Inquiry,0,0
robert.reese@company.com,PTO Request,2,0
amber.cooper@company.com,IT Access,0,0
amber.cooper@company.com,Manager Escalation,0,1
zachary.michael@company.com,Policy Question,2,0
zachary.michael@company.com,PTO Request,5,0
zachary.michael@company.com,IT Access,2,0
zachary.michael@company.com,Comp Inquiry,0,0
zachary.michael@company.com,Benefits,0,1
zachary.michael@company.com,Benefits,8,0
zachary.michael@company.com,Comp Inquiry,0,0
zachary.michael@company.com,Manager Escalation,1,0
zachary.michael@company.com,Policy Question,1,0
zachary.michael@company.com,IT Access,1,1
timothy.johnson@company.com,Policy Question,1,0
timothy.johnson@company.com,Manager Escalation,7,0
timothy.johnson@company.com,PTO Request,6,1
timothy.johnson@company.com,Manager Escalation,0,0
timothy.johnson@company.com,IT Access,0,1
randy.cannon@company.com,Payroll,6,0
randy.cannon@company.com,PTO Request,1,0
randy.cannon@company.com,Policy Question,1,0
randy.cannon@company.com,Manager Escalation,0,0
randy.cannon@company.com,Benefits,4,1
maria.fisher@company.com,Policy Question,0,1
janet.dvm@company.com,Payroll,11,0
janet.dvm@company.com,Payroll,9,0
janet.dvm@company.com,Manager Escalation,1,0
michael.stanley@company.com,Policy Question,1,0
michael.stanley@company.com,Policy Question,2,0
joshua.rice@company.com,Benefits,1,0
joshua.rice@company.com,PTO Request,2,0
joshua.rice@company.com,Payroll,3,0
joshua.rice@company.com,Benefits,0,0
joshua.rice@company.com,Manager Escalation,0,1
joshua.rice@company.com,IT Access,2,1
courtney.smith@company.com,Payroll,7,0
courtney.smith@company.com,IT Access,3,0
courtney.smith@company.com,PTO Request,1,0
courtney.smith@company.com,Payroll,1,0
courtney.smith@company.com,Payroll,3,0
courtney.smith@company.com,IT Access,2,1
courtney.smith@company.com,IT Access,1,0
courtney.smith@company.com,Payroll,1,0
edwin.nunez@company.com,Comp Inquiry,2,0
edwin.nunez@company.com,Payroll,1,0
edwin.nunez@company.com,PTO Request,3,0
edwin.nunez@company.com,PTO Request,0,0
edwin.nunez@company.com,PTO Request,7,1
edwin.nunez@company.com,IT Access,0,0
kim.morrow@company.com,Manager Escalation,0,0
kim.morrow@company.com,PTO Request,3,0
gregory.hill@company.com,Comp Inquiry,1,0
jennifer.miranda@company.com,PTO Request,7,1
jennifer.miranda@company.com,Manager Escalation,2,0
jennifer.miranda@company.com,IT Access,6,0
jennifer.miranda@company.com,IT Access,1,1
alexis.harris@company.com,IT Access,1,0
alexis.harris@company.com,Policy Question,6,0
andrew.harper@company.com,PTO Request,1,0
andrew.harper@company.com,Payroll,2,0
andrew.harper@company.com,Comp Inquiry,5,0
andrew.harper@company.com,Comp Inquiry,1,0
andrew.harper@company.com,Benefits,3,0
andrew.harper@company.com,IT Access,0,1
andrew.harper@company.com,Comp Inquiry,2,0
andrew.harper@company.com,IT Access,0,0
amber.yang@company.com,Manager Escalation,7,0
amber.yang@company.com,Manager Escalation,3,0
amber.yang@company.com,Benefits,2,0
amber.yang@company.com,IT Access,5,0
david.robinson@company.com,IT Access,2,0
david.robinson@company.com,Comp Inquiry,0,0
david.robinson@company.com,Manager Escalation,0,0
david.robinson@company.com,Manager Escalation,1,0
david.robinson@company.com,Benefits,0,0
david.robinson@company.com,IT Access,1,0
david.robinson@company.com,Comp Inquiry,1,0
david.robinson@company.com,Manager Escalation,0,0
david.robinson@company.com,Payroll,0,0
david.robinson@company.com,Benefits,0,0
david.robinson@company.com,IT Access,3,0
david.robinson@company.com,Payroll,0,0
amy.gordon@company.com,Payroll,7,0
amy.gordon@company.com,Benefits,8,0
robert.dennis@company.com,Comp Inquiry,2,0
robert.dennis@company.com,Policy Question,5,0
robert.dennis@company.com,Comp Inquiry,7,0
robert.dennis@company.com,IT Access,1,0
kyle.chambers@company.com,Comp Inquiry,1,0
kyle.chambers@company.com,Payroll,0,0
kyle.chambers@company.com,Manager Escalation,0,1
kyle.chambers@company.com,PTO Request,0,0
kyle.chambers@company.com,PTO Request,6,0
kyle.chambers@company.com,PTO Request,1,1
kyle.chambers@company.com,IT Access,2,0
kyle.chambers@company.com,PTO Request,5,1
kyle.chambers@company.com,Comp Inquiry,0,1
eric.thomas@company.com,IT Access,1,1
eric.thomas@company.com,Payroll,1,1
eric.thomas@company.com,Benefits,2,0
eric.thomas@company.com,Payroll,0,0
eric.thomas@company.com,Payroll,0,0
connie.turner@company.com,IT Access,6,0
connie.turner@company.com,Benefits,1,0
connie.turner@company.com,Policy Question,0,0
connie.turner@company.com,Benefits,19,0
travis.hobbs@company.com,Benefits,2,0
lori.simmons@company.com,PTO Request,3,0
lori.simmons@company.com,PTO Request,3,1
lori.simmons@company.com,Policy Question,9,1
lori.simmons@company.com,Payroll,1,0
lori.simmons@company.com,IT Access,1,0
lori.simmons@company.com,IT Access,0,1
lori.simmons@company.com,PTO Request,2,0
lori.simmons@company.com,Policy Question,2,0
lori.simmons@company.com,Benefits,2,0
lori.simmons@company.com,IT Access,0,0
lori.simmons@company.com,Benefits,0,1
lori.simmons@company.com,Manager Escalation,0,0
emma.butler@company.com,Payroll,10,0
emma.butler@company.com,Policy Question,0,1
emma.butler@company.com,Comp Inquiry,5,0
emma.butler@company.com,Policy Question,2,0
emma.butler@company.com,Comp Inquiry,2,1
emma.butler@company.com,Payroll,1,1
emma.butler@company.com,IT Access,2,0
emma.butler@company.com,Comp Inquiry,1,0
emma.butler@company.com,Policy Question,0,0
james.webster@company.com,Manager Escalation,1,0
james.webster@company.com,Benefits,1,0
samuel.turner@company.com,Benefits,1,0
samuel.turner@company.com,Benefits,4,0
samuel.turner@company.com,Benefits,0,0
samuel.turner@company.com,Comp Inquiry,1,0
samuel.turner@company.com,Payroll,0,0
samuel.turner@company.com,IT Access,9,0
renee.melendez@company.com,Manager Escalation,2,0
renee.melendez@company.com,Comp Inquiry,2,0
renee.melendez@company.com,Payroll,0,0
tracy.grant@company.com,Policy Question,2,0
tracy.grant@company.com,Comp Inquiry,5,0
tracy.grant@company.com,PTO Request,3,0
david.harris@company.com,IT Access,3,0
david.harris@company.com,Comp Inquiry,4,0
tammy.boone@company.com,Benefits,5,0
tammy.boone@company.com,Benefits,0,0
nathaniel.lee@company.com,Benefits,2,0
nathaniel.lee@company.com,Policy Question,4,0
nathaniel.lee@company.com,PTO Request,4,0
michael.morrison@company.com,Benefits,0,0
michael.morrison@company.com,Comp Inquiry,3,0
michael.morrison@company.com,Payroll,2,0
michael.morrison@company.com,Benefits,8,0
michael.morrison@company.com,Policy Question,6,0
michael.morrison@company.com,PTO Request,4,0
chelsea.gill@company.com,Manager Escalation,2,0
chelsea.gill@company.com,Benefits,0,0
kristin.mendoza@company.com,Payroll,2,0
kristin.mendoza@company.com,IT Access,2,0
felicia.krueger@company.com,IT Access,1,0
felicia.krueger@company.com,Policy Question,4,0
felicia.krueger@company.com,Policy Question,3,0
felicia.krueger@company.com,Comp Inquiry,10,0
felicia.krueger@company.com,Policy Question,0,1
felicia.krueger@company.com,PTO Request,0,0
felicia.krueger@company.com,Payroll,2,0
timothy.hayden@company.com,Benefits,1,1
timothy.hayden@company.com,PTO Request,1,0
timothy.hayden@company.com,IT Access,0,0
zachary.mendoza@company.com,PTO Request,0,1
zachary.mendoza@company.com,PTO Request,4,0
zachary.mendoza@company.com,Policy Question,3,0
zachary.mendoza@company.com,Manager Escalation,3,0
zachary.mendoza@company.com,IT Access,3,0
zachary.mendoza@company.com,Manager Escalation,0,1
larry.harris@company.com,Benefits,1,1
kristen.rowe@company.com,Payroll,1,0
kristen.rowe@company.com,IT Access,1,0
kristen.rowe@company.com,IT Access,0,0
kristen.rowe@company.com,IT Access,0,0
joseph.howard@company.com,Comp Inquiry,3,0
jose.crawford@company.com,Comp Inquiry,0,0
jose.crawford@company.com,IT Access,9,0
jose.crawford@company.com,Policy Question,3,0
william.harrison@company.com,Payroll,1,1
suzanne.wood@company.com,IT Access,0,0
suzanne.wood@company.com,Benefits,3,0
suzanne.wood@company.com,Benefits,0,1
suzanne.wood@company.com,Benefits,3,0
suzanne.wood@company.com,Comp Inquiry,0,0
suzanne.wood@company.com,Payroll,1,0
suzanne.wood@company.com,Payroll,0,0
suzanne.wood@company.com,IT Access,0,0
suzanne.wood@company.com,IT Access,6,0
suzanne.wood@company.com,Comp Inquiry,9,0
justin.walker@company.com,PTO Request,7,0
dean.donovan@company.com,Benefits,9,0
dean.donovan@company.com,Comp Inquiry,6,0
dean.donovan@company.com,IT Access,4,0
dean.donovan@company.com,IT Access,0,0
dean.donovan@company.com,Payroll,0,0
jennifer.hernandez@company.com,Comp Inquiry,1,1
jennifer.hernandez@company.com,Benefits,6,0
jennifer.hernandez@company.com,PTO Request,1,0
jennifer.hernandez@company.com,Comp Inquiry,1,1
jennifer.hernandez@company.com,Benefits,0,0
james.whitaker@company.com,Comp Inquiry,11,0
james.whitaker@company.com,Manager Escalation,2,0
james.whitaker@company.com,Benefits,1,0
james.whitaker@company.com,Policy Question,0,0
mr.phd@company.com,Manager Escalation,3,0
mr.phd@company.com,IT Access,6,0
maria.henry@company.com,Manager Escalation,1,0
maria.henry@company.com,Benefits,0,0
maria.henry@company.com,Manager Escalation,0,0
robert.jackson@company.com,Payroll,2,0
robert.jackson@company.com,Comp Inquiry,0,0
robert.jackson@company.com,PTO Request,3,0
robert.jackson@company.com,IT Access,4,0
robert.jackson@company.com,Comp Inquiry,1,0
robert.jackson@company.com,Payroll,3,0
robert.jackson@company.com,Benefits,3,0
robert.jackson@company.com,Policy Question,3,0
katherine.stark@company.com,Payroll,3,0
katherine.stark@company.com,IT Access,4,0
katherine.stark@company.com,Benefits,1,0
katherine.stark@company.com,Policy Question,8,1
maria.brown@company.com,Manager Escalation,1,0
maria.brown@company.com,Policy Question,5,0
maria.brown@company.com,Policy Question,3,0
maria.brown@company.com,Manager Escalation,0,0
ryan.landry@company.com,Benefits,2,0
ryan.landry@company.com,Policy Question,0,0
ryan.landry@company.com,Policy Question,0,0
pamela.gutierrez@company.com,PTO Request,0,0
pamela.gutierrez@company.com,PTO Request,3,0
crystal.mann@company.com,PTO Request,0,0
crystal.mann@company.com,Comp Inquiry,6,1
crystal.mann@company.com,PTO Request,3,0
jonathan.brooks@company.com,Manager Escalation,2,0
jonathan.brooks@company.com,IT Access,5,0
mary.jensen@company.com,IT Access,5,0
mary.jensen@company.com,Benefits,4,0
mary.jensen@company.com,Benefits,0,0
mr.arnold@company.com,Benefits,4,0
joseph.hill@company.com,Policy Question,3,0
joseph.hill@company.com,IT Access,0,0
joseph.hill@company.com,Benefits,5,0
joseph.hill@company.com,PTO Request,5,0
joseph.hill@company.com,IT Access,0,0
joseph.hill@company.com,Benefits,0,0
joseph.hill@company.com,Comp Inquiry,2,0
alicia.li@company.com,Manager Escalation,0,0
alicia.li@company.com,Manager Escalation,3,0
alicia.li@company.com,Comp Inquiry,0,0
alicia.li@company.com,IT Access,0,0
renee.browning@company.com,Manager Escalation,1,0
renee.browning@company.com,Comp Inquiry,1,0
renee.browning@company.com,Policy Question,0,0
renee.browning@company.com,Policy Question,0,0
renee.browning@company.com,Manager Escalation,0,1
brent.hernandez@company.com,Benefits,0,0
brent.hernandez@company.com,Comp Inquiry,1,0
joseph.ochoa@company.com,Policy Question,1,0
joseph.ochoa@company.com,Payroll,0,0
joseph.ochoa@company.com,Policy Question,5,0
james.watson@company.com,PTO Request,1,0
james.watson@company.com,Benefits,2,0
james.watson@company.com,Benefits,0,0
james.watson@company.com,Policy Question,0,0
james.watson@company.com,Benefits,1,1
james.watson@company.com,IT Access,1,0
karl.branch@company.com,Comp Inquiry,0,1
karl.branch@company.com,Manager Escalation,4,0
karl.branch@company.com,Payroll,0,0
karl.branch@company.com,Comp Inquiry,1,1
karl.branch@company.com,Comp Inquiry,2,1
karl.branch@company.com,Policy Question,2,0
michael.abbott@company.com,Comp Inquiry,0,1
michael.abbott@company.com,PTO Request,3,0
shannon.malone@company.com,IT Access,0,0
shannon.malone@company.com,Manager Escalation,2,0
shannon.malone@company.com,Payroll,0,0
shannon.malone@company.com,IT Access,0,0
shannon.malone@company.com,Manager Escalation,1,0
shannon.malone@company.com,Manager Escalation,8,0
shannon.malone@company.com,IT Access,7,0
shannon.malone@company.com,Policy Question,6,0
shannon.malone@company.com,Manager Escalation,3,0
shannon.malone@company.com,Payroll,1,0
shannon.malone@company.com,PTO Request,1,0
james.tran@company.com,Comp Inquiry,2,0
james.tran@company.com,Payroll,8,0
james.tran@company.com,Payroll,4,0
adam.jackson@company.com,Benefits,0,0
adam.jackson@company.com,Comp Inquiry,2,0
mr.phd@company.com,PTO Request,4,0
mr.phd@company.com,Policy Question,0,0
mr.phd@company.com,Policy Question,0,0
joseph.williams@company.com,Policy Question,1,0
joseph.williams@company.com,Manager Escalation,4,0
joseph.williams@company.com,PTO Request,1,0
joseph.williams@company.com,Policy Question,9,0
joseph.williams@company.com,Manager Escalation,3,1
sean.clay@company.com,Policy Question,3,0
sean.clay@company.com,Benefits,3,0
sean.clay@company.com,Benefits,5,1
sean.clay@company.com,IT Access,2,1
sean.clay@company.com,IT Access,1,1
anthony.jones@company.com,Policy Question,3,0
anthony.jones@company.com,Payroll,6,0
anthony.jones@company.com,Payroll,4,0
anthony.jones@company.com,Policy Question,8,1
anthony.jones@company.com,Comp Inquiry,0,0
stephanie.elliott@company.com,Payroll,1,0
stephanie.elliott@company.com,PTO Request,4,0
stephanie.elliott@company.com,IT Access,4,0
stephanie.elliott@company.com,Policy Question,5,0
stephanie.elliott@company.com,Policy Question,4,0
stephanie.elliott@company.com,IT Access,3,0
stephanie.elliott@company.com,Comp Inquiry,6,0
timothy.edwards@company.com,Policy Question,1,0
timothy.edwards@company.com,Comp Inquiry,2,0
timothy.edwards@company.com,IT Access,3,1
laurie.goodwin@company.com,Policy Question,0,0
laurie.goodwin@company.com,Comp Inquiry,2,0
laurie.goodwin@company.com,Policy Question,0,0
laurie.goodwin@company.com,PTO Request,3,0
jennifer.jones@company.com,Payroll,0,0
jennifer.jones@company.com,Manager Escalation,1,0
david.davenport@company.com,Comp Inquiry,7,1
david.davenport@company.com,IT Access,3,0
david.davenport@company.com,Manager Escalation,5,0
david.davenport@company.com,Payroll,1,0
david.davenport@company.com,PTO Request,1,0
david.davenport@company.com,Benefits,0,0
david.davenport@company.com,IT Access,1,0
david.davenport@company.com,Manager Escalation,5,0
steven.rivera@company.com,Policy Question,2,0
steven.rivera@company.com,Policy Question,2,0
steven.rivera@company.com,PTO Request,0,1
steven.rivera@company.com,IT Access,1,0
steven.rivera@company.com,Manager Escalation,4,0
brenda.hinton@company.com,Manager Escalation,2,0
brenda.hinton@company.com,Comp Inquiry,9,0
brenda.hinton@company.com,Policy Question,6,0
brenda.hinton@company.com,Policy Question,5,0
kathryn.mccann@company.com,IT Access,6,0
jeffrey.roberson@company.com,Benefits,4,0
jeffrey.roberson@company.com,Comp Inquiry,0,0
jeffrey.roberson@company.com,Comp Inquiry,0,0
randy.friedman@company.com,Benefits,0,1
raymond.johnson@company.com,Comp Inquiry,2,0
raymond.johnson@company.com,IT Access,3,0
willie.henry@company.com,Comp Inquiry,1,0
willie.henry@company.com,Payroll,1,0
willie.henry@company.com,PTO Request,0,0
rebecca.marquez@company.com,Comp Inquiry,1,0
rebecca.marquez@company.com,Comp Inquiry,1,0
christian.dawson@company.com,Policy Question,8,0
christian.dawson@company.com,Benefits,0,0
christian.dawson@company.com,Payroll,8,0
christian.dawson@company.com,Comp Inquiry,0,0
nancy.stewart@company.com,Benefits,5,0
nancy.stewart@company.com,Benefits,5,0
nancy.stewart@company.com,IT Access,4,0
nancy.stewart@company.com,Policy Question,8,0
nancy.stewart@company.com,Manager Escalation,2,0
nancy.stewart@company.com,Benefits,0,0
nancy.stewart@company.com,Policy Question,3,0
nancy.stewart@company.com,Comp Inquiry,0,1
aaron.parker@company.com,Comp Inquiry,8,0
aaron.parker@company.com,PTO Request,11,0
aaron.parker@company.com,Benefits,0,0
aaron.parker@company.com,Benefits,4,0
aaron.parker@company.com,IT Access,0,0
derrick.anderson@company.com,Benefits,0,0
derrick.anderson@company.com,IT Access,2,0
derrick.anderson@company.com,Comp Inquiry,1,0
derrick.anderson@company.com,IT Access,1,1
derrick.anderson@company.com,PTO Request,4,0
derrick.anderson@company.com,Comp Inquiry,3,0
jerry.peters@company.com,Comp Inquiry,2,0
jerry.peters@company.com,PTO Request,6,0
jerry.peters@company.com,Benefits,0,0
jerry.peters@company.com,PTO Request,0,0
jerry.peters@company.com,Policy Question,7,0
alexander.gomez@company.com,Benefits,0,0
alexander.gomez@company.com,Manager Escalation,3,0
alexander.gomez@company.com,Manager Escalation,1,0
alexander.gomez@company.com,Payroll,11,0
alexander.gomez@company.com,Payroll,3,1
kyle.nguyen@company.com,PTO Request,2,0
kyle.nguyen@company.com,Policy Question,3,0
kyle.nguyen@company.com,Policy Question,6,0
edgar.hughes@company.com,Manager Escalation,1,0
edgar.hughes@company.com,IT Access,0,0
edgar.hughes@company.com,Manager Escalation,6,0
edgar.hughes@company.com,IT Access,1,0
steven.stein@company.com,IT Access,0,1
steven.stein@company.com,Comp Inquiry,2,0
steven.stein@company.com,Manager Escalation,13,0
steven.stein@company.com,Manager Escalation,5,0
steven.stein@company.com,IT Access,0,0
steven.stein@company.com,Comp Inquiry,6,0
laura.jackson@company.com,Payroll,2,0
laura.jackson@company.com,Payroll,0,0
laura.jackson@company.com,Manager Escalation,1,1
laura.jackson@company.com,IT Access,2,1
laura.jackson@company.com,PTO Request,5,1
laura.jackson@company.com,Payroll,2,0
laura.jackson@company.com,Comp Inquiry,0,0
charles.turner@company.com,Comp Inquiry,0,0
charles.turner@company.com,Benefits,1,0
charles.turner@company.com,Comp Inquiry,9,0
charles.turner@company.com,Benefits,0,1
charles.turner@company.com,Benefits,1,0
charles.turner@company.com,Benefits,7,0
charles.turner@company.com,IT Access,4,0
charles.turner@company.com,Payroll,0,0
charles.turner@company.com,Comp Inquiry,1,0
arthur.md@company.com,IT Access,2,1
mr.wright@company.com,Comp Inquiry,0,0
mr.wright@company.com,IT Access,0,0
mr.wright@company.com,Payroll,1,0
mr.wright@company.com,Comp Inquiry,1,0
linda.gonzalez@company.com,IT Access,0,1
eric.rush@company.com,PTO Request,0,0
eric.rush@company.com,Benefits,2,0
eric.rush@company.com,Policy Question,0,0
eric.rush@company.com,Comp Inquiry,1,0
manuel.brock@company.com,Manager Escalation,4,0
manuel.brock@company.com,Manager Escalation,9,0
george.ochoa@company.com,PTO Request,0,0
george.ochoa@company.com,Comp Inquiry,5,1
george.ochoa@company.com,Benefits,3,1
george.ochoa@company.com,Payroll,1,0
travis.harris@company.com,Comp Inquiry,1,0
travis.harris@company.com,Benefits,3,0
travis.harris@company.com,Payroll,0,0
travis.harris@company.com,Comp Inquiry,2,0
travis.harris@company.com,Benefits,4,0
vincent.novak@company.com,Payroll,0,0
vincent.novak@company.com,Comp Inquiry,3,0
vincent.novak@company.com,Comp Inquiry,1,0
vincent.novak@company.com,Payroll,0,0
vincent.novak@company.com,Benefits,1,0
vincent.novak@company.com,Benefits,4,0
vincent.novak@company.com,Manager Escalation,9,1
vincent.novak@company.com,Manager Escalation,5,0
vincent.novak@company.com,Comp Inquiry,19,0
vincent.novak@company.com,Payroll,0,0
michael.henry@company.com,PTO Request,1,0
michael.henry@company.com,Payroll,14,0
michael.henry@company.com,Benefits,0,0
dana.bennett@company.com,Payroll,4,0
dana.bennett@company.com,Policy Question,1,0
dana.bennett@company.com,Payroll,0,0
dana.bennett@company.com,Benefits,0,0
jenna.wilson@company.com,Payroll,12,0
jenna.wilson@company.com,Comp Inquiry,0,0
jenna.wilson@company.com,IT Access,2,0
jenna.wilson@company.com,Payroll,2,0
jenna.wilson@company.com,Payroll,2,0
jenna.wilson@company.com,Policy Question,0,0
jenna.wilson@company.com,Comp Inquiry,0,0
jenna.wilson@company.com,Manager Escalation,1,0
leslie.gardner@company.com,PTO Request,0,0
leslie.gardner@company.com,Comp Inquiry,1,0
leslie.gardner@company.com,Manager Escalation,4,0
leslie.gardner@company.com,IT Access,3,0
leslie.gardner@company.com,PTO Request,1,0
leslie.gardner@company.com,Payroll,1,1
leslie.gardner@company.com,Payroll,0,0
krista.benton@company.com,Manager Escalation,0,0
krista.benton@company.com,Payroll,6,0
krista.benton@company.com,Comp Inquiry,7,0
krista.benton@company.com,Manager Escalation,0,0
krista.benton@company.com,Policy Question,0,0
michael.gonzales@company.com,Payroll,2,0
michael.gonzales@company.com,Benefits,0,0
michael.gonzales@company.com,Comp Inquiry,1,0
michael.fuentes@company.com,IT Access,3,0
michael.fuentes@company.com,Manager Escalation,6,1
michael.fuentes@company.com,IT Access,3,0
michael.fuentes@company.com,Payroll,5,0
jennifer.porter@company.com,Benefits,3,1
jennifer.porter@company.com,Payroll,0,0
jennifer.porter@company.com,Comp Inquiry,3,1
jennifer.porter@company.com,PTO Request,0,0
dana.hopkins@company.com,Policy Question,1,0
dana.hopkins@company.com,IT Access,0,0
rachel.jones@company.com,Benefits,0,0
rachel.jones@company.com,PTO Request,0,0
rachel.jones@company.com,Benefits,1,1
rachel.jones@company.com,Benefits,2,0
rachel.jones@company.com,Comp Inquiry,3,0
rachel.jones@company.com,Manager Escalation,0,0
rachel.jones@company.com,Payroll,6,0
rachel.jones@company.com,Comp Inquiry,0,1
rachel.jones@company.com,Policy Question,10,1
rachel.jones@company.com,Comp Inquiry,1,0
karen.dds@company.com,Payroll,7,0
karen.dds@company.com,PTO Request,1,0
karen.dds@company.com,Policy Question,0,0
karen.dds@company.com,Benefits,3,0
karen.dds@company.com,Policy Question,1,0
karen.dds@company.com,IT Access,5,1
melissa.stephens@company.com,Comp Inquiry,0,0
melissa.stephens@company.com,Payroll,0,0
melissa.stephens@company.com,PTO Request,3,0
melissa.stephens@company.com,Comp Inquiry,1,0
melissa.stephens@company.com,Payroll,1,0
melissa.stephens@company.com,Policy Question,1,0
heather.woodard@company.com,Policy Question,4,0
heather.woodard@company.com,PTO Request,0,0
heather.woodard@company.com,PTO Request,7,0
heather.woodard@company.com,IT Access,6,0
heather.woodard@company.com,Benefits,13,1
margaret.miller@company.com,IT Access,0,0
margaret.miller@company.com,Comp Inquiry,0,0
margaret.miller@company.com,Comp Inquiry,0,0
margaret.miller@company.com,Payroll,5,0
margaret.miller@company.com,Manager Escalation,1,0
mary.kelly@company.com,Policy Question,0,0
mary.kelly@company.com,IT Access,1,0
mary.kelly@company.com,Policy Question,0,0
mary.kelly@company.com,Manager Escalation,0,0
jennifer.goodwin@company.com,Benefits,9,0
jennifer.goodwin@company.com,Benefits,0,0
jennifer.goodwin@company.com,Policy Question,1,0
jessica.smith@company.com,Payroll,1,0
jessica.smith@company.com,Benefits,1,0
jessica.smith@company.com,IT Access,5,0
jorge.stone@company.com,IT Access,1,0
laura.griffin@company.com,IT Access,2,0
raymond.chapman@company.com,Comp Inquiry,0,0
raymond.chapman@company.com,Benefits,0,1
raymond.chapman@company.com,PTO Request,6,0
raymond.chapman@company.com,PTO Request,0,0
haley.johnson@company.com,Payroll,1,1
haley.johnson@company.com,Manager Escalation,4,0
haley.johnson@company.com,Payroll,1,1
haley.johnson@company.com,Benefits,6,0
jason.nixon@company.com,Manager Escalation,0,0
todd.thomas@company.com,Policy Question,3,0
todd.thomas@company.com,Comp Inquiry,1,0
todd.thomas@company.com,Comp Inquiry,9,0
todd.thomas@company.com,IT Access,2,1
jesse.clark@company.com,Benefits,3,0
jesse.clark@company.com,Policy Question,1,0
jesse.clark@company.com,Policy Question,1,1
jesse.clark@company.com,Payroll,0,0
mr.horton@company.com,PTO Request,9,0
mr.horton@company.com,Benefits,0,0
mr.horton@company.com,Payroll,1,0
mr.horton@company.com,Benefits,2,0
mr.horton@company.com,PTO Request,1,0
mr.horton@company.com,Policy Question,0,0
mr.horton@company.com,Comp Inquiry,6,0
mr.horton@company.com,Benefits,1,0
eric.patrick@company.com,Benefits,4,0
eric.patrick@company.com,Payroll,2,0
eric.patrick@company.com,PTO Request,4,0
samuel.wong@company.com,Manager Escalation,0,0
samuel.wong@company.com,PTO Request,4,0
samuel.wong@company.com,IT Access,1,0
samuel.wong@company.com,Policy Question,1,0
samuel.wong@company.com,IT Access,4,1
samuel.wong@company.com,PTO Request,5,1
samuel.wong@company.com,Manager Escalation,1,0
carly.riggs@company.com,Manager Escalation,2,1
carly.riggs@company.com,Benefits,7,0
carly.riggs@company.com,Manager Escalation,2,0
christopher.moore@company.com,Manager Escalation,0,0
christopher.moore@company.com,Manager Escalation,2,0
christopher.moore@company.com,Benefits,0,0
christopher.moore@company.com,Manager Escalation,0,1
christopher.moore@company.com,Payroll,4,0
christopher.moore@company.com,Manager Escalation,7,0
christopher.moore@company.com,PTO Request,2,0
cody.davidson@company.com,Benefits,2,0
allen.mendez@company.com,PTO Request,4,0
allen.mendez@company.com,PTO Request,0,0
allen.mendez@company.com,Comp Inquiry,0,1
kevin.price@company.com,IT Access,5,0
kevin.price@company.com,Manager Escalation,1,0
kevin.price@company.com,Policy Question,7,0
kevin.price@company.com,Comp Inquiry,2,0
kevin.price@company.com,Comp Inquiry,0,0
christine.goodwin@company.com,Manager Escalation,4,0
christine.goodwin@company.com,Comp Inquiry,5,1
christine.goodwin@company.com,Comp Inquiry,1,0
christine.goodwin@company.com,Comp Inquiry,0,0
christine.goodwin@company.com,Policy Question,12,0
christine.goodwin@company.com,Manager Escalation,0,0
christine.goodwin@company.com,Benefits,0,0
christine.goodwin@company.com,PTO Request,0,0
christine.goodwin@company.com,Payroll,1,0
amy.garcia@company.com,Payroll,5,0
amy.garcia@company.com,Manager Escalation,11,0
chelsea.nguyen@company.com,IT Access,2,0
dennis.huffman@company.com,Payroll,0,1
dennis.huffman@company.com,PTO Request,0,0
dennis.huffman@company.com,Policy Question,10,0
dennis.huffman@company.com,Payroll,0,0
margaret.harper@company.com,PTO Request,2,0
margaret.harper@company.com,IT Access,13,0
laurie.bailey@company.com,Benefits,1,0
laurie.bailey@company.com,PTO Request,7,0
laurie.bailey@company.com,Manager Escalation,9,0
laurie.bailey@company.com,PTO Request,1,0
lisa.cervantes@company.com,PTO Request,12,0
lisa.cervantes@company.com,Benefits,4,0
lisa.cervantes@company.com,PTO Request,0,0
lisa.cervantes@company.com,Benefits,2,1
lisa.cervantes@company.com,Benefits,0,1
elizabeth.mendez@company.com,Policy Question,2,0
elizabeth.mendez@company.com,Policy Question,1,1
elizabeth.mendez@company.com,Policy Question,2,1
cesar.wilson@company.com,PTO Request,5,0
cesar.wilson@company.com,Comp Inquiry,0,0
cesar.wilson@company.com,Benefits,0,1
clayton.steele@company.com,Comp Inquiry,7,0
clayton.steele@company.com,Comp Inquiry,0,0
clayton.steele@company.com,PTO Request,9,0
clayton.steele@company.com,IT Access,5,0
clayton.steele@company.com,Benefits,4,0
clayton.steele@company.com,Payroll,1,0
jennifer.taylor@company.com,Manager Escalation,0,0
jennifer.taylor@company.com,Comp Inquiry,7,0
jennifer.taylor@company.com,Payroll,1,0
jennifer.taylor@company.com,IT Access,1,0
cody.reid@company.com,IT Access,0,0
cody.reid@company.com,Payroll,1,0
cody.reid@company.com,Policy Question,0,0
cody.reid@company.com,Manager Escalation,2,0
cody.reid@company.com,Payroll,4,0
cody.reid@company.com,Policy Question,3,0
katherine.taylor@company.com,Comp Inquiry,2,0
jerry.brown@company.com,Benefits,9,0
jerry.brown@company.com,Benefits,6,0
jerry.brown@company.com,Manager Escalation,2,0
jerry.brown@company.com,Manager Escalation,2,0
adam.taylor@company.com,Policy Question,2,0
adam.taylor@company.com,Comp Inquiry,11,0
adam.taylor@company.com,Comp Inquiry,0,0
adam.taylor@company.com,IT Access,0,0
adam.taylor@company.com,Policy Question,5,0
tracey.wagner@company.com,IT Access,2,0
tracey.wagner@company.com,Policy Question,3,0
tracey.wagner@company.com,Manager Escalation,6,0
tracey.wagner@company.com,Comp Inquiry,1,0
tracey.wagner@company.com,IT Access,1,0
tracey.wagner@company.com,PTO Request,0,0
tracey.wagner@company.com,IT Access,7,0
michael.phd@company.com,Payroll,5,0
bradley.dds@company.com,PTO Request,1,0
bradley.dds@company.com,Comp Inquiry,7,0
bradley.dds@company.com,Comp Inquiry,4,0
bradley.dds@company.com,PTO Request,2,0
bradley.dds@company.com,Comp Inquiry,2,0
bradley.dds@company.com,Payroll,0,0
bradley.dds@company.com,Comp Inquiry,1,0
bradley.dds@company.com,IT Access,1,0
donald.medina@company.com,Benefits,0,0
donald.medina@company.com,Policy Question,0,0
donald.medina@company.com,Policy Question,5,0
jim.newton@company.com,Payroll,2,0
jim.newton@company.com,IT Access,3,0
jim.newton@company.com,IT Access,0,0
jim.newton@company.com,PTO Request,8,0
jim.newton@company.com,Policy Question,9,0
jim.newton@company.com,Policy Question,1,0
krista.wilson@company.com,Manager Escalation,1,0
krista.wilson@company.com,PTO Request,1,0
krista.wilson@company.com,Policy Question,1,0
krista.wilson@company.com,Benefits,5,1
krista.wilson@company.com,Manager Escalation,2,0
reginald.morrow@company.com,PTO Request,0,0
reginald.morrow@company.com,Manager Escalation,2,0
rodney.williams@company.com,PTO Request,8,0
rodney.williams@company.com,PTO Request,1,0
kimberly.fritz@company.com,Comp Inquiry,1,0
kimberly.fritz@company.com,Policy Question,0,1
ronald.potter@company.com,Manager Escalation,6,0
ronald.potter@company.com,Benefits,1,0
zachary.cole@company.com,Payroll,2,0
zachary.cole@company.com,Payroll,2,0
zachary.cole@company.com,Policy Question,2,0
zachary.cole@company.com,Policy Question,0,0
robert.gonzales@company.com,Payroll,1,0
robert.gonzales@company.com,PTO Request,0,0
patricia.phd@company.com,Payroll,0,0
patricia.phd@company.com,Comp Inquiry,4,0
patricia.phd@company.com,Policy Question,1,0
patricia.phd@company.com,IT Access,0,0
patricia.phd@company.com,Policy Question,2,1
patricia.phd@company.com,PTO Request,4,0
patricia.phd@company.com,Policy Question,0,0
patricia.phd@company.com,Payroll,3,1
heather.page@company.com,Comp Inquiry,1,1
heather.page@company.com,Payroll,0,0
heather.page@company.com,Benefits,0,0
heather.page@company.com,IT Access,0,0
heather.page@company.com,Benefits,3,0
heather.page@company.com,Comp Inquiry,3,0
heather.page@company.com,Benefits,3,0
heather.page@company.com,Manager Escalation,0,0
heather.page@company.com,Manager Escalation,0,0
carol.taylor@company.com,Manager Escalation,1,0
carol.taylor@company.com,Policy Question,5,1
carol.taylor@company.com,Comp Inquiry,2,0
daniel.brown@company.com,Manager Escalation,5,0
daniel.brown@company.com,Payroll,0,0
daniel.brown@company.com,Comp Inquiry,2,0
daniel.brown@company.com,PTO Request,3,0
daniel.brown@company.com,PTO Request,6,0
douglas.ryan@company.com,Comp Inquiry,0,0
douglas.ryan@company.com,IT Access,5,0
michael.roberts@company.com,IT Access,2,0
scott.duke@company.com,Payroll,0,0
scott.duke@company.com,Payroll,3,0
scott.duke@company.com,PTO Request,4,0
scott.duke@company.com,Policy Question,1,0
scott.duke@company.com,PTO Request,1,0
scott.duke@company.com,Comp Inquiry,2,0
scott.duke@company.com,Payroll,4,0
anna.estes@company.com,IT Access,7,0
anna.estes@company.com,Policy Question,3,0
anna.estes@company.com,Payroll,2,0
anna.estes@company.com,Policy Question,1,0
tamara.riddle@company.com,Comp Inquiry,2,0
tamara.riddle@company.com,Benefits,1,0
tamara.riddle@company.com,PTO Request,0,0
tamara.riddle@company.com,PTO Request,0,0
tamara.riddle@company.com,Payroll,0,0
tamara.riddle@company.com,Comp Inquiry,3,0
tamara.riddle@company.com,Manager Escalation,1,1
beth.cline@company.com,Policy Question,1,0
beth.cline@company.com,IT Access,0,1
michael.poole@company.com,Policy Question,3,0
michael.poole@company.com,Manager Escalation,5,0
megan.burns@company.com,Benefits,7,0
debra.perry@company.com,PTO Request,1,0
debra.perry@company.com,Benefits,1,0
debra.perry@company.com,Manager Escalation,2,0
debra.perry@company.com,Manager Escalation,9,0
debra.perry@company.com,Policy Question,1,0
debra.perry@company.com,Benefits,2,0
debra.perry@company.com,Manager Escalation,4,0
mark.beard@company.com,Policy Question,2,0
mark.beard@company.com,Benefits,0,0
mark.beard@company.com,Manager Escalation,0,0
jose.ramirez@company.com,Comp Inquiry,0,0
jose.ramirez@company.com,IT Access,8,0
jose.ramirez@company.com,Benefits,0,0
jose.ramirez@company.com,IT Access,0,0
jackie.clements@company.com,Policy Question,0,0
jackie.clements@company.com,Policy Question,0,0
jackie.clements@company.com,Benefits,0,1
aaron.schroeder@company.com,Comp Inquiry,0,0
aaron.schroeder@company.com,Payroll,4,0
aaron.schroeder@company.com,Payroll,2,0
aaron.schroeder@company.com,Comp Inquiry,2,0
heather.brown@company.com,Policy Question,6,0
heather.brown@company.com,Benefits,10,0
heather.brown@company.com,Manager Escalation,2,0
heather.brown@company.com,Comp Inquiry,1,0
heather.brown@company.com,Benefits,6,0
heather.brown@company.com,Payroll,0,0
heather.brown@company.com,Benefits,0,0
heather.brown@company.com,PTO Request,4,0
heather.brown@company.com,Benefits,1,0
heather.brown@company.com,IT Access,1,0
heather.brown@company.com,Payroll,6,1
derrick.clayton@company.com,Benefits,5,0
derrick.clayton@company.com,PTO Request,1,0
derrick.clayton@company.com,Payroll,16,0
derrick.clayton@company.com,PTO Request,0,0
derrick.clayton@company.com,Comp Inquiry,2,0
kenneth.knight@company.com,Policy Question,0,0
kenneth.knight@company.com,IT Access,4,0
kenneth.knight@company.com,Comp Inquiry,2,0
kenneth.knight@company.com,IT Access,3,0
kenneth.knight@company.com,PTO Request,0,0
kenneth.knight@company.com,PTO Request,0,0
mr.williams@company.com,Comp Inquiry,0,0
richard.stevens@company.com,PTO Request,5,0
richard.stevens@company.com,IT Access,1,0
richard.stevens@company.com,Comp Inquiry,10,1
scott.alexander@company.com,Manager Escalation,0,0
scott.alexander@company.com,Comp Inquiry,2,0
tyler.harris@company.com,Manager Escalation,0,0
tyler.harris@company.com,PTO Request,7,0
tyler.harris@company.com,Comp Inquiry,0,1
tyler.harris@company.com,Payroll,0,0
tyler.harris@company.com,Benefits,0,0
tyler.harris@company.com,IT Access,4,0
tyler.harris@company.com,PTO Request,0,0
tyler.harris@company.com,IT Access,8,0
bonnie.santos@company.com,PTO Request,3,1
bonnie.santos@company.com,Policy Question,2,1
bonnie.santos@company.com,Payroll,2,0
bonnie.santos@company.com,IT Access,1,0
bonnie.santos@company.com,Payroll,3,0
bonnie.santos@company.com,PTO Request,1,1
bonnie.santos@company.com,PTO Request,5,0
timothy.hill@company.com,Benefits,0,0
timothy.hill@company.com,Benefits,0,0
timothy.hill@company.com,Comp Inquiry,0,0
timothy.hill@company.com,Payroll,4,0
danielle.watson@company.com,IT Access,3,0
danielle.watson@company.com,Benefits,0,0
danielle.watson@company.com,Manager Escalation,7,0
danielle.watson@company.com,Policy Question,1,0
danielle.watson@company.com,Policy Question,2,0
danielle.watson@company.com,Comp Inquiry,0,0
carol.sanders@company.com,Comp Inquiry,7,0
carol.sanders@company.com,Payroll,2,1
carol.sanders@company.com,Benefits,2,1
carol.sanders@company.com,Comp Inquiry,11,0
carol.sanders@company.com,Policy Question,5,1
carol.sanders@company.com,IT Access,0,0
carol.sanders@company.com,PTO Request,3,0
michele.smith@company.com,PTO Request,11,1
michele.smith@company.com,Policy Question,7,1
michele.smith@company.com,Payroll,0,1
michele.smith@company.com,Manager Escalation,1,0
casey.perez@company.com,Manager Escalation,3,0
casey.perez@company.com,Policy Question,4,1
virginia.henderson@company.com,Payroll,2,0
virginia.henderson@company.com,Payroll,0,0
benjamin.reyes@company.com,Policy Question,0,0
benjamin.reyes@company.com,Payroll,1,0
ashley.edwards@company.com,PTO Request,0,0
ashley.edwards@company.com,Payroll,15,1
ashley.edwards@company.com,Manager Escalation,4,0
ashley.edwards@company.com,Comp Inquiry,1,0
breanna.ayala@company.com,Payroll,7,0
breanna.ayala@company.com,IT Access,0,0
breanna.ayala@company.com,Benefits,0,0
breanna.ayala@company.com,PTO Request,0,1
breanna.ayala@company.com,IT Access,3,0
brandi.haney@company.com,Payroll,1,0
joseph.smith@company.com,Policy Question,3,0
joseph.smith@company.com,Manager Escalation,3,0
joseph.smith@company.com,Policy Question,2,1
joseph.smith@company.com,PTO Request,0,0
joseph.smith@company.com,Payroll,6,1
jessica.bowen@company.com,PTO Request,0,0
jessica.bowen@company.com,PTO Request,0,0
jessica.bowen@company.com,Comp Inquiry,2,0
jessica.bowen@company.com,Manager Escalation,1,0
jessica.bowen@company.com,IT Access,2,0
jessica.bowen@company.com,Benefits,0,0
brittany.jenkins@company.com,Policy Question,0,0
brittany.jenkins@company.com,IT Access,0,0
brittany.jenkins@company.com,Policy Question,1,0
shannon.miller@company.com,IT Access,2,0
shannon.miller@company.com,Benefits,0,0
shannon.miller@company.com,Benefits,0,0
shannon.miller@company.com,Policy Question,3,1
shannon.miller@company.com,Payroll,0,0
shannon.miller@company.com,IT Access,9,0
shannon.miller@company.com,Policy Question,0,0
paul.lawrence@company.com,Comp Inquiry,1,0
paul.lawrence@company.com,PTO Request,6,0
paul.lawrence@company.com,Comp Inquiry,1,0
paul.lawrence@company.com,IT Access,0,0
paul.lawrence@company.com,Policy Question,3,0
paul.lawrence@company.com,Comp Inquiry,0,0
victor.edwards@company.com,Benefits,1,0
victor.edwards@company.com,Comp Inquiry,3,0
victor.edwards@company.com,Benefits,2,0
donald.miller@company.com,IT Access,0,0
donald.miller@company.com,PTO Request,3,0
donald.miller@company.com,Comp Inquiry,1,0
lindsay.lawson@company.com,Benefits,3,1
lindsay.lawson@company.com,Comp Inquiry,3,0
lindsay.lawson@company.com,Manager Escalation,2,0
melissa.abbott@company.com,Manager Escalation,8,0
melissa.abbott@company.com,Manager Escalation,3,0
melissa.abbott@company.com,Manager Escalation,3,0
melissa.abbott@company.com,Policy Question,0,0
melissa.abbott@company.com,Manager Escalation,3,0
elizabeth.holmes@company.com,PTO Request,2,0
elizabeth.holmes@company.com,Benefits,5,0
elizabeth.holmes@company.com,Manager Escalation,1,0
elizabeth.holmes@company.com,Payroll,0,1
nicole.phillips@company.com,Payroll,0,0
nicole.phillips@company.com,IT Access,2,0
nicole.phillips@company.com,Policy Question,1,0
nicole.phillips@company.com,IT Access,2,1
steven.blevins@company.com,Payroll,3,0
steven.blevins@company.com,Benefits,6,0
steven.blevins@company.com,Policy Question,1,0
brian.md@company.com,Manager Escalation,3,0
bonnie.valencia@company.com,Benefits,0,0
bonnie.valencia@company.com,PTO Request,2,0
bonnie.valencia@company.com,Manager Escalation,2,0
bonnie.valencia@company.com,Policy Question,3,0
bonnie.valencia@company.com,Comp Inquiry,1,0
bonnie.valencia@company.com,Payroll,8,0
bonnie.valencia@company.com,Payroll,2,0
bonnie.valencia@company.com,Comp Inquiry,3,0
bonnie.valencia@company.com,Comp Inquiry,3,0
bonnie.valencia@company.com,Comp Inquiry,1,0
bonnie.valencia@company.com,Benefits,3,1
holly.vega@company.com,Payroll,0,0
holly.vega@company.com,Payroll,0,1
holly.vega@company.com,Benefits,1,0
holly.vega@company.com,Manager Escalation,0,0
tiffany.townsend@company.com,PTO Request,0,1
tiffany.townsend@company.com,Manager Escalation,1,0
tiffany.townsend@company.com,Manager Escalation,1,0
tiffany.townsend@company.com,PTO Request,4,0
tiffany.townsend@company.com,Benefits,4,1
tiffany.townsend@company.com,PTO Request,0,0
austin.baker@company.com,Comp Inquiry,2,1
austin.baker@company.com,Manager Escalation,1,0
austin.baker@company.com,Comp Inquiry,2,0
austin.baker@company.com,Payroll,0,1
antonio.mccormick@company.com,IT Access,0,0
antonio.mccormick@company.com,PTO Request,1,1
antonio.mccormick@company.com,Payroll,1,0
antonio.mccormick@company.com,Manager Escalation,0,1
antonio.mccormick@company.com,Benefits,1,1
lori.mason@company.com,Payroll,14,0
lori.mason@company.com,PTO Request,0,0
lori.mason@company.com,Payroll,5,0
michael.miller@company.com,Payroll,0,0
lisa.ramirez@company.com,Policy Question,0,0
lisa.ramirez@company.com,Manager Escalation,3,1
lisa.ramirez@company.com,IT Access,1,0
lisa.ramirez@company.com,Benefits,5,0
lisa.ramirez@company.com,IT Access,3,0
jorge.harris@company.com,Comp Inquiry,8,1
jorge.harris@company.com,Benefits,3,0
jorge.harris@company.com,Policy Question,5,0
jorge.harris@company.com,IT Access,1,1
kimberly.myers@company.com,Payroll,1,0
kimberly.myers@company.com,PTO Request,0,0
kimberly.myers@company.com,PTO Request,6,0
kimberly.myers@company.com,Payroll,3,1
sandra.becker@company.com,Manager Escalation,2,0
sandra.becker@company.com,Comp Inquiry,6,0
sandra.becker@company.com,Manager Escalation,0,0
sandra.becker@company.com,IT Access,0,0
michael.blair@company.com,PTO Request,5,0
michael.blair@company.com,Policy Question,2,0
michael.blair@company.com,Comp Inquiry,3,0
michael.blair@company.com,Policy Question,15,0
michael.blair@company.com,IT Access,0,0
michael.blair@company.com,Benefits,4,1
michael.blair@company.com,Benefits,0,1
amy.miller@company.com,Comp Inquiry,7,0
jesse.lynch@company.com,Payroll,1,0
patrick.yang@company.com,Policy Question,3,0
patrick.yang@company.com,Payroll,7,0
michael.miles@company.com,Policy Question,2,1
michael.miles@company.com,Policy Question,13,1
michael.miles@company.com,Manager Escalation,4,0
michael.miles@company.com,Payroll,1,0
richard.adams@company.com,IT Access,19,0
richard.adams@company.com,Policy Question,0,1
richard.adams@company.com,Comp Inquiry,3,0
richard.adams@company.com,Comp Inquiry,3,0
richard.adams@company.com,Manager Escalation,3,0
richard.adams@company.com,Comp Inquiry,1,0
patricia.johnson@company.com,IT Access,0,1
patricia.johnson@company.com,Payroll,2,0
patricia.johnson@company.com,IT Access,2,0
patricia.johnson@company.com,Benefits,0,0
patricia.johnson@company.com,Policy Question,0,0
laura.jones@company.com,Benefits,1,1
laura.jones@company.com,Manager Escalation,0,0
ian.porter@company.com,IT Access,2,0
holly.scott@company.com,Policy Question,1,1
kenneth.sharp@company.com,IT Access,1,1
kenneth.sharp@company.com,PTO Request,2,0
kenneth.sharp@company.com,PTO Request,4,0
kenneth.sharp@company.com,Manager Escalation,0,1
kenneth.sharp@company.com,Manager Escalation,6,0
kenneth.sharp@company.com,PTO Request,1,0
kenneth.sharp@company.com,Comp Inquiry,6,1
kenneth.sharp@company.com,Comp Inquiry,4,0
kenneth.sharp@company.com,PTO Request,6,0
jordan.williams@company.com,IT Access,1,0
jordan.williams@company.com,Benefits,0,1
jordan.williams@company.com,Manager Escalation,0,1
dana.ruiz@company.com,Manager Escalation,2,0
dana.ruiz@company.com,Payroll,3,0
dana.ruiz@company.com,IT Access,0,0
dana.ruiz@company.com,Benefits,3,0
dana.ruiz@company.com,Comp Inquiry,3,0
chris.velazquez@company.com,Benefits,2,0
chris.velazquez@company.com,PTO Request,0,0
chris.velazquez@company.com,Comp Inquiry,9,0
chris.velazquez@company.com,Policy Question,0,0
chris.velazquez@company.com,Manager Escalation,4,1
kristen.sloan@company.com,PTO Request,4,0
kristen.sloan@company.com,Manager Escalation,2,1
kristen.sloan@company.com,Policy Question,4,1
jennifer.morris@company.com,Comp Inquiry,0,0
jennifer.morris@company.com,Manager Escalation,7,0
jennifer.morris@company.com,Payroll,0,0
jennifer.morris@company.com,IT Access,15,0
jennifer.morris@company.com,Comp Inquiry,5,1
jennifer.morris@company.com,IT Access,4,1
jennifer.morris@company.com,Benefits,6,0
jennifer.morris@company.com,PTO Request,0,0
nathan.nelson@company.com,Policy Question,1,0
nathan.nelson@company.com,Payroll,2,0
nathan.nelson@company.com,IT Access,0,0
nathan.nelson@company.com,Benefits,0,0
nathan.nelson@company.com,Payroll,3,1
jake.shaw@company.com,Policy Question,0,0
jake.shaw@company.com,PTO Request,5,0
jake.shaw@company.com,Payroll,14,0
cassie.brock@company.com,Comp Inquiry,1,0
cassie.brock@company.com,Benefits,0,0
cassie.brock@company.com,Policy Question,0,0
cassie.brock@company.com,Comp Inquiry,0,0
cassie.brock@company.com,Comp Inquiry,1,1
cassie.brock@company.com,Payroll,0,0
cassie.brock@company.com,IT Access,1,0
dr.marshall@company.com,Policy Question,3,0
ryan.murphy@company.com,Payroll,7,0
ryan.murphy@company.com,PTO Request,1,0
ryan.murphy@company.com,PTO Request,3,0
ryan.murphy@company.com,Manager Escalation,3,0
ryan.murphy@company.com,Payroll,0,0
ryan.murphy@company.com,PTO Request,1,0
ryan.murphy@company.com,PTO Request,1,1
ryan.murphy@company.com,Benefits,4,0
ryan.murphy@company.com,Policy Question,0,1
aimee.gonzalez@company.com,Benefits,0,0
aimee.gonzalez@company.com,PTO Request,0,0
aimee.gonzalez@company.com,Payroll,1,0
aimee.gonzalez@company.com,IT Access,1,0
aimee.gonzalez@company.com,Manager Escalation,1,0
aimee.gonzalez@company.com,Policy Question,1,0
aimee.gonzalez@company.com,Manager Escalation,2,0
aimee.gonzalez@company.com,Comp Inquiry,0,0
elizabeth.dean@company.com,PTO Request,1,1
elizabeth.dean@company.com,Policy Question,2,0
elizabeth.dean@company.com,Payroll,5,0
kevin.snyder@company.com,Manager Escalation,4,0
kevin.snyder@company.com,Comp Inquiry,1,0
christie.mccullough@company.com,Manager Escalation,1,0
christie.mccullough@company.com,Comp Inquiry,1,0
christie.mccullough@company.com,Benefits,0,0
christie.mccullough@company.com,Payroll,0,0
christie.mccullough@company.com,PTO Request,4,0
christie.mccullough@company.com,IT Access,6,0
christie.mccullough@company.com,Comp Inquiry,6,0
danielle.smith@company.com,Comp Inquiry,0,0
danielle.smith@company.com,Manager Escalation,0,0
danielle.smith@company.com,Benefits,3,0
david.reed@company.com,Payroll,0,0
sherry.tapia@company.com,PTO Request,2,0
sherry.tapia@company.com,Benefits,2,0
sherry.tapia@company.com,PTO Request,0,1
sherry.tapia@company.com,Manager Escalation,2,1
sherry.tapia@company.com,Manager Escalation,8,0
sherry.tapia@company.com,Manager Escalation,4,0
sherry.tapia@company.com,Payroll,2,0
sherry.tapia@company.com,Comp Inquiry,10,0
matthew.sweeney@company.com,IT Access,2,0
matthew.sweeney@company.com,PTO Request,0,0
matthew.sweeney@company.com,Payroll,2,0
ashley.moreno@company.com,Payroll,4,0
ashley.moreno@company.com,Policy Question,0,0
johnathan.brown@company.com,PTO Request,0,0
johnathan.brown@company.com,Comp Inquiry,8,0
michelle.dvm@company.com,Comp Inquiry,0,0
michelle.dvm@company.com,Comp Inquiry,1,0
michelle.dvm@company.com,Benefits,5,0
michelle.dvm@company.com,IT Access,2,0
michelle.dvm@company.com,Manager Escalation,6,1
kelly.haynes@company.com,IT Access,5,0
kelly.haynes@company.com,Benefits,4,0
kelly.haynes@company.com,Payroll,0,0
william.miller@company.com,Benefits,0,0
william.miller@company.com,Manager Escalation,0,0
william.miller@company.com,Payroll,0,0
william.miller@company.com,Payroll,1,1
casey.wilkins@company.com,Policy Question,3,0
casey.wilkins@company.com,Benefits,0,0
casey.wilkins@company.com,PTO Request,1,0
casey.wilkins@company.com,Manager Escalation,0,0
casey.wilkins@company.com,Payroll,0,0
casey.wilkins@company.com,Benefits,0,1
casey.wilkins@company.com,Benefits,0,0
casey.wilkins@company.com,Policy Question,3,0
casey.wilkins@company.com,Comp Inquiry,11,0
keith.graham@company.com,PTO Request,1,0
keith.graham@company.com,Benefits,0,0
keith.graham@company.com,PTO Request,0,0
keith.graham@company.com,IT Access,6,0
cynthia.green@company.com,Comp Inquiry,0,0
cynthia.green@company.com,Comp Inquiry,0,0
cynthia.green@company.com,Benefits,0,0
cynthia.green@company.com,Comp Inquiry,5,0
cynthia.green@company.com,Benefits,5,0
robert.haynes@company.com,Payroll,1,1
robert.haynes@company.com,Payroll,6,0
robert.haynes@company.com,Manager Escalation,0,0
emily.nelson@company.com,Payroll,2,0
emily.nelson@company.com,Payroll,16,0
emily.nelson@company.com,PTO Request,1,0
emily.nelson@company.com,Comp Inquiry,1,0
dale.chan@company.com,Benefits,1,0
dale.chan@company.com,Policy Question,0,0
dale.chan@company.com,PTO Request,0,0
dale.chan@company.com,Comp Inquiry,0,0
brittney.martin@company.com,Policy Question,6,1
brittney.martin@company.com,Payroll,0,1
brittney.martin@company.com,IT Access,0,1
jason.herrera@company.com,PTO Request,2,0
christine.parker@company.com,Manager Escalation,3,0
christine.parker@company.com,Benefits,1,0
christine.parker@company.com,Benefits,8,0
christine.parker@company.com,PTO Request,0,0
christine.parker@company.com,Comp Inquiry,8,1
christine.parker@company.com,Payroll,4,0
christine.parker@company.com,Benefits,3,0
christine.parker@company.com,Benefits,16,0
christine.parker@company.com,Comp Inquiry,1,0
christine.parker@company.com,IT Access,5,1
christine.parker@company.com,IT Access,4,0
bryan.moore@company.com,Payroll,3,0
bryan.moore@company.com,Policy Question,5,0
bryan.moore@company.com,Payroll,1,0
bryan.moore@company.com,PTO Request,4,0
samantha.terry@company.com,Payroll,3,0
samantha.terry@company.com,Policy Question,0,0
samantha.terry@company.com,Comp Inquiry,3,0
samantha.terry@company.com,Comp Inquiry,0,0
samantha.terry@company.com,Benefits,0,0
samantha.terry@company.com,Benefits,2,0
samantha.terry@company.com,Benefits,3,0
samantha.terry@company.com,PTO Request,0,0
russell.murphy@company.com,Payroll,3,0
russell.murphy@company.com,Comp Inquiry,3,0
russell.murphy@company.com,IT Access,3,0
russell.murphy@company.com,Manager Escalation,0,0
russell.murphy@company.com,Benefits,1,0
russell.murphy@company.com,PTO Request,6,0
russell.murphy@company.com,PTO Request,2,0
david.kelly@company.com,Comp Inquiry,0,1
david.kelly@company.com,Payroll,3,0
david.kelly@company.com,Benefits,1,0
david.kelly@company.com,IT Access,3,0
david.kelly@company.com,Comp Inquiry,0,0
david.kelly@company.com,Payroll,0,0
david.kelly@company.com,IT Access,6,0
david.kelly@company.com,Comp Inquiry,5,0
david.kelly@company.com,IT Access,8,0
david.kelly@company.com,Policy Question,13,0
megan.green@company.com,Benefits,4,0
megan.green@company.com,Manager Escalation,0,1
megan.green@company.com,Comp Inquiry,2,0
megan.green@company.com,Benefits,5,0
megan.green@company.com,Policy Question,7,0
megan.green@company.com,Policy Question,1,0
megan.green@company.com,Comp Inquiry,0,0
amanda.md@company.com,IT Access,4,0
amanda.md@company.com,IT Access,1,1
danielle.murray@company.com,Comp Inquiry,4,0
danielle.murray@company.com,Comp Inquiry,4,0
danielle.murray@company.com,Comp Inquiry,1,0
danielle.murray@company.com,Payroll,0,0
brenda.smith@company.com,Comp Inquiry,3,0
brenda.smith@company.com,Manager Escalation,0,0
vickie.anderson@company.com,Comp Inquiry,5,1
vickie.anderson@company.com,Benefits,0,0
vickie.anderson@company.com,Policy Question,3,0
vickie.anderson@company.com,Benefits,6,0
vickie.anderson@company.com,PTO Request,1,0
jacqueline.mccoy@company.com,Comp Inquiry,1,0
jacqueline.mccoy@company.com,Benefits,2,0
jacqueline.mccoy@company.com,Benefits,4,1
jacqueline.mccoy@company.com,Benefits,0,0
jacqueline.mccoy@company.com,Benefits,12,0
jacqueline.mccoy@company.com,Comp Inquiry,2,1
jacqueline.mccoy@company.com,PTO Request,0,1
lauren.green@company.com,PTO Request,2,0
alison.brown@company.com,IT Access,0,0
alison.brown@company.com,Benefits,1,0
jill.anderson@company.com,IT Access,4,0
jill.anderson@company.com,Policy Question,2,0
jill.anderson@company.com,Payroll,4,0
jill.anderson@company.com,Comp Inquiry,1,0
jill.anderson@company.com,Payroll,2,0
jill.anderson@company.com,Payroll,6,0
sandra.rivera@company.com,Payroll,0,1
sandra.rivera@company.com,IT Access,0,0
sandra.rivera@company.com,IT Access,6,0
sandra.rivera@company.com,Manager Escalation,1,0
sandra.rivera@company.com,Policy Question,1,0
sandra.rivera@company.com,Policy Question,3,0
sandra.rivera@company.com,Payroll,0,0
joel.jackson@company.com,Comp Inquiry,1,0
joel.jackson@company.com,Manager Escalation,3,0
joel.jackson@company.com,Policy Question,1,0
joel.jackson@company.com,Manager Escalation,3,1
joel.jackson@company.com,Benefits,1,0
joel.jackson@company.com,Comp Inquiry,3,0
joel.jackson@company.com,Manager Escalation,5,0
joel.jackson@company.com,Benefits,5,0
samantha.foster@company.com,PTO Request,0,0
samantha.foster@company.com,Payroll,0,0
samantha.foster@company.com,Manager Escalation,0,0
samantha.foster@company.com,Comp Inquiry,1,0
samantha.foster@company.com,Payroll,0,0
samantha.foster@company.com,Payroll,2,0
samantha.foster@company.com,IT Access,2,1
samantha.foster@company.com,Comp Inquiry,2,0
samantha.foster@company.com,IT Access,8,1
michael.thompson@company.com,Comp Inquiry,1,0
michael.thompson@company.com,Comp Inquiry,2,0
michael.thompson@company.com,Benefits,5,0
michael.thompson@company.com,IT Access,0,0
amanda.harvey@company.com,Policy Question,1,0
amanda.harvey@company.com,PTO Request,5,0
amanda.harvey@company.com,Manager Escalation,0,1
amanda.harvey@company.com,IT Access,3,0
amanda.harvey@company.com,Manager Escalation,2,0
amanda.harvey@company.com,Comp Inquiry,5,0
edward.jenkins@company.com,Policy Question,2,0
edward.jenkins@company.com,Manager Escalation,6,0
edward.jenkins@company.com,PTO Request,2,0
amy.ramirez@company.com,Manager Escalation,2,0
amy.ramirez@company.com,Policy Question,0,1
amy.ramirez@company.com,Policy Question,1,0
amy.ramirez@company.com,IT Access,0,0
amy.ramirez@company.com,Comp Inquiry,0,0
amy.ramirez@company.com,Benefits,2,0
amy.ramirez@company.com,Payroll,6,0
amy.ramirez@company.com,Benefits,3,0
amy.ramirez@company.com,Benefits,4,0
amy.ramirez@company.com,Policy Question,0,0
amy.ramirez@company.com,Benefits,9,0
curtis.wilkerson@company.com,PTO Request,3,1
curtis.wilkerson@company.com,Benefits,2,0
curtis.wilkerson@company.com,PTO Request,7,0
curtis.wilkerson@company.com,PTO Request,0,0
curtis.wilkerson@company.com,IT Access,0,0
curtis.wilkerson@company.com,Manager Escalation,4,0
lydia.pham@company.com,Payroll,7,0
lydia.pham@company.com,PTO Request,0,0
lydia.pham@company.com,Policy Question,8,1
lydia.pham@company.com,Manager Escalation,0,0
lydia.pham@company.com,Comp Inquiry,1,0
lydia.pham@company.com,Comp Inquiry,0,0
lydia.pham@company.com,Benefits,6,0
lydia.pham@company.com,Manager Escalation,7,0
lydia.pham@company.com,Policy Question,1,0
virginia.casey@company.com,PTO Request,2,1
virginia.casey@company.com,Policy Question,1,0
virginia.casey@company.com,PTO Request,5,0
joshua.washington@company.com,Policy Question,1,1
joshua.washington@company.com,Comp Inquiry,2,0
joshua.washington@company.com,Comp Inquiry,0,0
kathryn.price@company.com,PTO Request,5,0
kathryn.price@company.com,Payroll,1,0
kathryn.price@company.com,Benefits,10,0
kathryn.price@company.com,Payroll,2,0
francis.robinson@company.com,Policy Question,2,0
francis.robinson@company.com,Payroll,0,0
francis.robinson@company.com,Comp Inquiry,0,0
francis.robinson@company.com,Policy Question,8,0
francis.robinson@company.com,Benefits,0,0
francis.robinson@company.com,Comp Inquiry,5,0
francis.robinson@company.com,IT Access,0,0
francis.robinson@company.com,Comp Inquiry,0,0
paula.brown@company.com,IT Access,2,0
paula.brown@company.com,IT Access,1,0
paula.brown@company.com,IT Access,0,0
kendra.dvm@company.com,IT Access,3,0
kendra.dvm@company.com,Policy Question,8,0
kendra.dvm@company.com,Benefits,1,0
kendra.dvm@company.com,Payroll,3,0
kendra.dvm@company.com,Manager Escalation,4,0
kendra.dvm@company.com,Manager Escalation,1,0
ariel.sandoval@company.com,PTO Request,2,0
ariel.sandoval@company.com,Manager Escalation,3,0
ariel.sandoval@company.com,Comp Inquiry,0,0
ariel.sandoval@company.com,Manager Escalation,0,0
robert.stark@company.com,Benefits,4,0
zachary.robinson@company.com,Payroll,1,0
rebecca.kelly@company.com,Comp Inquiry,0,0
rebecca.kelly@company.com,Payroll,5,0
rebecca.kelly@company.com,IT Access,0,1
sarah.thompson@company.com,Payroll,2,0
sarah.thompson@company.com,IT Access,4,0
sarah.thompson@company.com,IT Access,2,0
sarah.thompson@company.com,Manager Escalation,7,0
renee.wolfe@company.com,Payroll,0,0
alyssa.haynes@company.com,IT Access,0,1
alyssa.haynes@company.com,Comp Inquiry,4,0
alyssa.haynes@company.com,Benefits,4,0
kristy.hart@company.com,Comp Inquiry,2,0
kristy.hart@company.com,PTO Request,0,0
kristy.hart@company.com,IT Access,1,0
kristy.hart@company.com,Payroll,7,0
kristy.hart@company.com,PTO Request,0,1
kristy.hart@company.com,PTO Request,5,0
william.keith@company.com,Payroll,9,0
william.keith@company.com,IT Access,19,0
eric.jr@company.com,Comp Inquiry,1,1
eric.jr@company.com,Comp Inquiry,6,0
eric.jr@company.com,PTO Request,3,0
eric.jr@company.com,IT Access,4,1
eric.jr@company.com,IT Access,2,0
daniel.fox@company.com,IT Access,2,0
daniel.fox@company.com,Manager Escalation,1,0
daniel.fox@company.com,PTO Request,0,0
daniel.fox@company.com,Comp Inquiry,2,0
daniel.fox@company.com,Comp Inquiry,1,0
daniel.fox@company.com,Manager Escalation,6,0
daniel.fox@company.com,Payroll,8,0
daniel.fox@company.com,Policy Question,0,0
thomas.harris@company.com,PTO Request,4,0
thomas.harris@company.com,IT Access,1,0
thomas.harris@company.com,Policy Question,0,0
thomas.harris@company.com,Payroll,0,0
thomas.harris@company.com,Policy Question,14,0
erica.johnson@company.com,Payroll,0,0
erica.johnson@company.com,Comp Inquiry,1,0
sylvia.schroeder@company.com,IT Access,6,0
shannon.yu@company.com,IT Access,3,1
shannon.yu@company.com,PTO Request,1,0
shannon.yu@company.com,Payroll,6,1
shannon.yu@company.com,Comp Inquiry,0,0
shannon.yu@company.com,Manager Escalation,0,0
tom.foster@company.com,IT Access,4,0
tom.foster@company.com,PTO Request,4,0
tom.foster@company.com,IT Access,0,0
tom.foster@company.com,Benefits,1,0
eric.taylor@company.com,Benefits,4,0
eric.taylor@company.com,Payroll,0,1
eric.taylor@company.com,IT Access,2,0
travis.conner@company.com,Benefits,1,0
travis.conner@company.com,Manager Escalation,6,0
travis.conner@company.com,IT Access,0,0
marie.thompson@company.com,Comp Inquiry,3,0
marie.thompson@company.com,PTO Request,2,0
marie.thompson@company.com,Policy Question,1,0
marie.thompson@company.com,Comp Inquiry,0,0
melissa.mcfarland@company.com,Benefits,5,0
courtney.chapman@company.com,Payroll,0,0
courtney.chapman@company.com,Benefits,1,0
eric.barker@company.com,Manager Escalation,2,0
eric.barker@company.com,IT Access,1,0
eric.barker@company.com,Comp Inquiry,0,0
eric.barker@company.com,Policy Question,0,0
eric.barker@company.com,Comp Inquiry,2,1
nicholas.rush@company.com,Comp Inquiry,0,0
nicholas.rush@company.com,Policy Question,4,0
nicholas.rush@company.com,Comp Inquiry,3,0
jenna.gamble@company.com,Comp Inquiry,3,0
jenna.gamble@company.com,Policy Question,2,0
jenna.gamble@company.com,Payroll,1,0
jenna.gamble@company.com,Manager Escalation,1,0
jenna.gamble@company.com,PTO Request,1,0
jenna.gamble@company.com,Benefits,1,0
amanda.guzman@company.com,Policy Question,0,0
amanda.guzman@company.com,Comp Inquiry,1,1
tracy.walker@company.com,Comp Inquiry,2,0
tracy.walker@company.com,Payroll,0,0
taylor.taylor@company.com,Benefits,0,0
cynthia.haas@company.com,IT Access,1,0
cynthia.haas@company.com,Manager Escalation,4,1
cynthia.haas@company.com,Manager Escalation,0,0
stephen.davis@company.com,Payroll,15,0
stephen.davis@company.com,Payroll,0,1
stephen.davis@company.com,IT Access,5,0
stephen.davis@company.com,Manager Escalation,4,0
stephen.davis@company.com,Benefits,0,0
margaret.tanner@company.com,IT Access,0,1
margaret.tanner@company.com,Manager Escalation,2,0
margaret.tanner@company.com,Policy Question,2,1
margaret.tanner@company.com,Policy Question,18,1
margaret.tanner@company.com,Policy Question,1,0
derek.wright@company.com,Policy Question,7,0
derek.wright@company.com,Comp Inquiry,0,0
derek.wright@company.com,Benefits,9,0
david.rodriguez@company.com,Benefits,4,0
david.rodriguez@company.com,Comp Inquiry,2,0
david.rodriguez@company.com,Manager Escalation,1,0
david.rodriguez@company.com,IT Access,0,0
david.rodriguez@company.com,Policy Question,0,0
david.rodriguez@company.com,Benefits,1,1
david.rodriguez@company.com,Policy Question,4,0
james.oconnor@company.com,Benefits,1,0
james.oconnor@company.com,Manager Escalation,7,0
james.oconnor@company.com,Benefits,0,0
stacey.snyder@company.com,Manager Escalation,5,0
stacey.snyder@company.com,Policy Question,5,0
stacey.snyder@company.com,IT Access,6,0
joshua.garcia@company.com,Payroll,6,0
joshua.garcia@company.com,IT Access,2,1
joshua.garcia@company.com,Benefits,0,1
joshua.garcia@company.com,Policy Question,0,0
sean.curtis@company.com,Payroll,1,0
sean.curtis@company.com,IT Access,4,0
elizabeth.flores@company.com,Payroll,0,1
elizabeth.flores@company.com,PTO Request,2,0
elizabeth.flores@company.com,Policy Question,0,0
elizabeth.flores@company.com,Manager Escalation,0,0
elizabeth.flores@company.com,PTO Request,0,0
elizabeth.flores@company.com,Benefits,3,0
elizabeth.flores@company.com,Comp Inquiry,0,1
angela.jackson@company.com,PTO Request,3,1
angela.jackson@company.com,PTO Request,4,0
nicholas.payne@company.com,IT Access,1,0
nicholas.payne@company.com,Comp Inquiry,0,0
karen.johnson@company.com,Payroll,0,0
karen.johnson@company.com,PTO Request,2,0
carmen.preston@company.com,Payroll,3,1
carmen.preston@company.com,Comp Inquiry,5,1
carmen.preston@company.com,Policy Question,5,0
carmen.preston@company.com,PTO Request,1,1
brian.harris@company.com,Payroll,2,0
brian.harris@company.com,Comp Inquiry,8,0
brian.harris@company.com,Comp Inquiry,5,0
brian.harris@company.com,PTO Request,1,0
brian.harris@company.com,Payroll,0,0
brian.harris@company.com,PTO Request,3,0
brian.harris@company.com,Comp Inquiry,0,0
brian.harris@company.com,Benefits,1,0
brian.harris@company.com,Policy Question,2,0
brian.harris@company.com,Comp Inquiry,8,0
michael.bowen@company.com,Payroll,6,0
michael.bowen@company.com,Policy Question,0,0
michael.bowen@company.com,Payroll,1,0
michael.bowen@company.com,PTO Request,2,0
michael.bowen@company.com,Comp Inquiry,1,0
michael.bowen@company.com,Manager Escalation,8,0
deborah.campbell@company.com,Payroll,0,1
deborah.campbell@company.com,IT Access,0,0
deborah.campbell@company.com,Comp Inquiry,7,0
deborah.campbell@company.com,Manager Escalation,3,1
deborah.campbell@company.com,Benefits,2,1
deborah.campbell@company.com,Manager Escalation,0,0
anthony.armstrong@company.com,PTO Request,0,1
brittany.ward@company.com,Benefits,2,0
brittany.ward@company.com,Benefits,0,0
brittany.ward@company.com,IT Access,0,0
brittany.ward@company.com,Policy Question,2,0
edward.stanley@company.com,Manager Escalation,5,1
edward.stanley@company.com,Payroll,0,0
edward.stanley@company.com,PTO Request,3,0
edward.stanley@company.com,Benefits,0,0
edward.stanley@company.com,Policy Question,0,0
edward.stanley@company.com,Payroll,1,0
edgar.miller@company.com,Policy Question,0,1
edgar.miller@company.com,Policy Question,0,1
edgar.miller@company.com,Payroll,0,0
edgar.miller@company.com,Comp Inquiry,0,1
elizabeth.sanders@company.com,PTO Request,0,0
elizabeth.sanders@company.com,Comp Inquiry,2,0
elizabeth.sanders@company.com,PTO Request,3,0
elizabeth.sanders@company.com,IT Access,4,0
matthew.md@company.com,Benefits,2,0
matthew.md@company.com,Policy Question,8,0
matthew.md@company.com,IT Access,4,1
stephen.wood@company.com,PTO Request,0,0
stephen.wood@company.com,Comp Inquiry,0,0
stephen.wood@company.com,Comp Inquiry,2,1
stephen.wood@company.com,Policy Question,3,1
stephen.wood@company.com,IT Access,1,0
stephen.wood@company.com,PTO Request,2,0
stephen.wood@company.com,Payroll,1,0
dennis.marshall@company.com,IT Access,0,0
dennis.marshall@company.com,Policy Question,0,0
dennis.marshall@company.com,Comp Inquiry,3,0
derrick.brown@company.com,PTO Request,4,0
derrick.brown@company.com,Manager Escalation,0,0
derrick.brown@company.com,Benefits,3,0
derrick.brown@company.com,Comp Inquiry,13,0
mary.miller@company.com,Benefits,4,0
mary.miller@company.com,Manager Escalation,1,0
mary.miller@company.com,Benefits,6,1
mary.miller@company.com,Manager Escalation,1,0
mary.miller@company.com,Manager Escalation,2,0
mary.miller@company.com,Comp Inquiry,0,0
mary.miller@company.com,PTO Request,0,0
mary.miller@company.com,Comp Inquiry,1,0
mary.miller@company.com,Payroll,0,0
joshua.arellano@company.com,Payroll,4,0
joshua.arellano@company.com,Benefits,0,0
joshua.arellano@company.com,Comp Inquiry,12,0
joshua.arellano@company.com,PTO Request,1,0
joshua.arellano@company.com,PTO Request,2,0
joshua.arellano@company.com,IT Access,5,0
kristen.randall@company.com,Policy Question,8,0
jennifer.nichols@company.com,Manager Escalation,5,0
jennifer.nichols@company.com,Payroll,0,1
blake.orr@company.com,Payroll,2,0
blake.orr@company.com,Payroll,3,0
blake.orr@company.com,PTO Request,1,0
blake.orr@company.com,Benefits,3,0
blake.orr@company.com,Payroll,2,0
blake.orr@company.com,Payroll,8,0
kathryn.lester@company.com,Policy Question,2,0
kathryn.lester@company.com,Payroll,0,0
kathryn.lester@company.com,IT Access,0,1
megan.oliver@company.com,PTO Request,0,1
megan.oliver@company.com,PTO Request,7,0
megan.oliver@company.com,Comp Inquiry,4,0
megan.oliver@company.com,PTO Request,0,0
peter.thompson@company.com,Comp Inquiry,2,0
peter.thompson@company.com,Comp Inquiry,8,0
peter.thompson@company.com,PTO Request,3,1
dr.martinez@company.com,Benefits,0,0
dr.martinez@company.com,IT Access,2,0
dr.martinez@company.com,Policy Question,7,0
dr.martinez@company.com,Payroll,3,0
william.graham@company.com,Benefits,0,0
william.graham@company.com,Comp Inquiry,7,0
william.graham@company.com,Policy Question,7,0
william.graham@company.com,PTO Request,8,0
william.graham@company.com,Benefits,0,0
william.graham@company.com,Comp Inquiry,3,0
william.graham@company.com,Policy Question,1,0
william.graham@company.com,Payroll,6,0
william.graham@company.com,Payroll,0,0
william.graham@company.com,Manager Escalation,0,0
william.graham@company.com,Comp Inquiry,3,0
lori.md@company.com,PTO Request,0,0
lori.md@company.com,Benefits,1,0
lori.md@company.com,IT Access,1,0
lori.md@company.com,Benefits,1,1
lori.md@company.com,Benefits,0,0
lori.md@company.com,Benefits,3,1
lori.md@company.com,Comp Inquiry,0,0
lori.md@company.com,PTO Request,2,0
suzanne.jones@company.com,Manager Escalation,0,0
suzanne.jones@company.com,Comp Inquiry,3,0
suzanne.jones@company.com,Comp Inquiry,8,1
james.nguyen@company.com,Benefits,0,0
james.nguyen@company.com,Manager Escalation,0,0
james.nguyen@company.com,Comp Inquiry,0,0
james.nguyen@company.com,Benefits,1,0
james.nguyen@company.com,Manager Escalation,0,0
james.nguyen@company.com,Benefits,1,0
jimmy.marks@company.com,Manager Escalation,6,0
jimmy.marks@company.com,PTO Request,6,0
jimmy.marks@company.com,PTO Request,2,0
jimmy.marks@company.com,Benefits,0,0
lisa.mills@company.com,Payroll,4,0
jason.hernandez@company.com,Comp Inquiry,2,1
jason.hernandez@company.com,Comp Inquiry,2,0
jason.hernandez@company.com,Comp Inquiry,2,0
jason.hernandez@company.com,Benefits,3,1
olivia.ayers@company.com,IT Access,12,0
kristine.garcia@company.com,Benefits,0,0
kristine.garcia@company.com,Benefits,8,0
kristine.garcia@company.com,IT Access,1,0
joseph.cooper@company.com,Comp Inquiry,2,0
james.washington@company.com,Manager Escalation,1,1
james.washington@company.com,Policy Question,1,0
james.washington@company.com,Policy Question,1,1
james.washington@company.com,Policy Question,0,0
james.washington@company.com,Benefits,1,0
amanda.hill@company.com,Benefits,2,0
amanda.hill@company.com,PTO Request,8,1
amanda.hill@company.com,Manager Escalation,8,0
amanda.hill@company.com,Manager Escalation,0,0
amanda.hill@company.com,Policy Question,4,0
lee.steele@company.com,PTO Request,0,0
lee.steele@company.com,IT Access,2,0
lee.steele@company.com,Policy Question,2,0
lee.steele@company.com,IT Access,1,0
lee.steele@company.com,IT Access,3,0
steve.rivera@company.com,PTO Request,1,0
steve.rivera@company.com,Manager Escalation,3,0
steve.rivera@company.com,Comp Inquiry,1,0
patrick.mccall@company.com,Comp Inquiry,2,0
patrick.mccall@company.com,Manager Escalation,4,1
patrick.mccall@company.com,Policy Question,0,0
patrick.mccall@company.com,PTO Request,2,0
patrick.mccall@company.com,Comp Inquiry,1,0
patrick.mccall@company.com,PTO Request,1,0
patrick.mccall@company.com,Policy Question,1,0
alicia.roth@company.com,PTO Request,4,0
alicia.roth@company.com,PTO Request,3,0
alicia.roth@company.com,Manager Escalation,0,1
alicia.roth@company.com,Comp Inquiry,1,1
alicia.roth@company.com,Payroll,5,1
alicia.roth@company.com,Benefits,2,0
alicia.roth@company.com,Benefits,0,0
alicia.roth@company.com,IT Access,5,0
alicia.roth@company.com,Comp Inquiry,7,0
douglas.vasquez@company.com,Payroll,0,0
douglas.vasquez@company.com,Manager Escalation,1,1
douglas.vasquez@company.com,Benefits,1,0
douglas.vasquez@company.com,Payroll,5,1
annette.melton@company.com,IT Access,10,1
annette.melton@company.com,IT Access,1,0
annette.melton@company.com,PTO Request,1,1
annette.melton@company.com,IT Access,2,0
annette.melton@company.com,PTO Request,6,1
annette.melton@company.com,Comp Inquiry,5,0
annette.melton@company.com,Manager Escalation,3,0
william.ramos@company.com,Policy Question,11,0
william.ramos@company.com,Policy Question,0,0
william.ramos@company.com,Comp Inquiry,3,0
william.ramos@company.com,Comp Inquiry,0,0
debra.butler@company.com,IT Access,2,0
debra.butler@company.com,IT Access,5,1
debra.butler@company.com,IT Access,7,0
debra.butler@company.com,Payroll,0,0
chelsea.lewis@company.com,Manager Escalation,0,0
chelsea.lewis@company.com,Comp Inquiry,7,1
chelsea.lewis@company.com,Manager Escalation,1,0
chelsea.lewis@company.com,Policy Question,1,0
chelsea.lewis@company.com,Payroll,0,0
chelsea.lewis@company.com,Payroll,1,0
natalie.malone@company.com,Policy Question,6,1
natalie.malone@company.com,Policy Question,0,1
natalie.malone@company.com,IT Access,2,0
natalie.malone@company.com,Policy Question,0,0
samantha.robertson@company.com,Benefits,1,0
samantha.robertson@company.com,Benefits,0,0
samantha.robertson@company.com,Benefits,3,0
samantha.robertson@company.com,Manager Escalation,0,0
eric.hunter@company.com,PTO Request,0,0
eric.hunter@company.com,Manager Escalation,0,0
eric.hunter@company.com,Benefits,3,0
eric.hunter@company.com,Policy Question,0,0
eric.hunter@company.com,Policy Question,2,1
eric.hunter@company.com,Policy Question,4,0
eric.hunter@company.com,Policy Question,2,0
eric.hunter@company.com,Manager Escalation,6,0
samuel.suarez@company.com,Manager Escalation,0,0
samuel.suarez@company.com,PTO Request,1,1
corey.whitaker@company.com,Comp Inquiry,2,0
corey.whitaker@company.com,PTO Request,11,0
corey.whitaker@company.com,Manager Escalation,2,0
danielle.bryant@company.com,PTO Request,0,0
danielle.bryant@company.com,IT Access,0,0
danielle.bryant@company.com,IT Access,1,0
danielle.bryant@company.com,Benefits,5,0
danielle.bryant@company.com,Payroll,0,0
danielle.bryant@company.com,PTO Request,1,0
danielle.bryant@company.com,Policy Question,3,0
danielle.bryant@company.com,IT Access,1,0
danielle.bryant@company.com,Payroll,0,0
michele.hill@company.com,Policy Question,1,0
michele.hill@company.com,IT Access,3,0
michele.hill@company.com,Benefits,4,1
kathy.reid@company.com,Manager Escalation,2,0
kathy.reid@company.com,Manager Escalation,2,1
kathy.reid@company.com,Policy Question,4,0
kathy.reid@company.com,Benefits,3,0
kathy.reid@company.com,Benefits,2,0
kathy.reid@company.com,Payroll,0,0
kathy.reid@company.com,Comp Inquiry,5,0
kathy.reid@company.com,Manager Escalation,7,0
andre.watson@company.com,Payroll,3,0
andre.watson@company.com,PTO Request,0,0
andre.watson@company.com,Benefits,1,0
andre.watson@company.com,IT Access,5,0
andre.watson@company.com,PTO Request,3,0
andre.watson@company.com,Benefits,3,0
cassandra.harrell@company.com,PTO Request,3,0
cassandra.harrell@company.com,Policy Question,3,0
cassandra.harrell@company.com,IT Access,0,0
cassandra.harrell@company.com,IT Access,1,0
cassandra.harrell@company.com,Manager Escalation,1,0
cassandra.harrell@company.com,Policy Question,3,0
cassandra.harrell@company.com,IT Access,1,1
cassandra.harrell@company.com,Comp Inquiry,1,0
hannah.martin@company.com,PTO Request,2,1
hannah.martin@company.com,IT Access,2,1
nicole.barker@company.com,Benefits,1,1
nicole.barker@company.com,PTO Request,0,0
nicole.barker@company.com,IT Access,4,0
nicole.barker@company.com,PTO Request,0,0
nicole.barker@company.com,Comp Inquiry,0,0
nicole.barker@company.com,Manager Escalation,0,0
nicole.barker@company.com,Benefits,2,0
nicole.barker@company.com,Policy Question,2,0
james.martin@company.com,Benefits,1,0
james.martin@company.com,Payroll,0,0
james.martin@company.com,IT Access,0,1
james.martin@company.com,Comp Inquiry,9,0
traci.vincent@company.com,Payroll,6,0
traci.vincent@company.com,Manager Escalation,1,0
traci.vincent@company.com,Manager Escalation,2,0
traci.vincent@company.com,Payroll,9,0
traci.vincent@company.com,Payroll,4,1
traci.vincent@company.com,Payroll,0,0
megan.adams@company.com,Comp Inquiry,5,0
megan.adams@company.com,Manager Escalation,1,0
megan.adams@company.com,Benefits,3,1
megan.adams@company.com,Comp Inquiry,1,0
megan.adams@company.com,IT Access,2,1
megan.adams@company.com,Manager Escalation,0,1
alejandro.deleon@company.com,IT Access,3,0
alejandro.deleon@company.com,Payroll,3,0
alejandro.deleon@company.com,IT Access,0,0
alejandro.deleon@company.com,Manager Escalation,5,0
alejandro.deleon@company.com,PTO Request,1,0
alejandro.deleon@company.com,Manager Escalation,2,0
alexa.buck@company.com,Policy Question,0,0
alexa.buck@company.com,PTO Request,6,0
alexa.buck@company.com,PTO Request,1,0
alexa.buck@company.com,Policy Question,1,0
alexa.buck@company.com,Benefits,3,1
lindsay.smith@company.com,Manager Escalation,2,1
lindsay.smith@company.com,Comp Inquiry,2,1
robert.torres@company.com,Benefits,1,0
robert.torres@company.com,Manager Escalation,1,0
robert.torres@company.com,IT Access,2,1
maria.coleman@company.com,IT Access,6,0
gregory.king@company.com,Policy Question,0,0
gregory.king@company.com,Policy Question,2,0
gregory.king@company.com,PTO Request,8,1
gregory.king@company.com,Benefits,4,0
gregory.king@company.com,Policy Question,0,0
gregory.king@company.com,Benefits,0,1
gregory.king@company.com,Benefits,2,0
gregory.king@company.com,PTO Request,1,0
gregory.king@company.com,PTO Request,12,0
michael.holloway@company.com,Policy Question,0,1
michael.holloway@company.com,Manager Escalation,3,0
michael.holloway@company.com,Payroll,0,0
michael.holloway@company.com,Benefits,0,0
michael.holloway@company.com,Benefits,2,1
brian.hunt@company.com,PTO Request,0,0
brian.hunt@company.com,Payroll,12,0
brian.hunt@company.com,Payroll,0,0
brian.hunt@company.com,PTO Request,5,0
brian.hunt@company.com,Manager Escalation,5,0
brian.hunt@company.com,Policy Question,1,0
sarah.brooks@company.com,Payroll,1,0
sarah.brooks@company.com,PTO Request,9,0
sarah.brooks@company.com,Policy Question,2,0
sarah.brooks@company.com,IT Access,0,0
sarah.brooks@company.com,PTO Request,1,0
sarah.brooks@company.com,IT Access,0,0
sarah.brooks@company.com,IT Access,0,0
sarah.brooks@company.com,Benefits,3,0
sarah.brooks@company.com,Manager Escalation,5,0
sarah.brooks@company.com,IT Access,1,0
sarah.brooks@company.com,Payroll,2,0
lisa.evans@company.com,Comp Inquiry,1,0
lisa.evans@company.com,Payroll,0,0
lisa.evans@company.com,Comp Inquiry,3,1
lisa.evans@company.com,IT Access,5,0
lisa.evans@company.com,Payroll,2,1
arthur.mcneil@company.com,Payroll,0,0
arthur.mcneil@company.com,Manager Escalation,2,0
shannon.green@company.com,IT Access,0,0
shannon.green@company.com,Benefits,5,0
shannon.green@company.com,Policy Question,2,0
stephanie.evans@company.com,Comp Inquiry,2,0
stephanie.evans@company.com,Benefits,0,0
stephanie.evans@company.com,IT Access,2,0
stephanie.evans@company.com,Benefits,0,0
stephanie.evans@company.com,Manager Escalation,1,0
stephanie.evans@company.com,Comp Inquiry,1,0
stephanie.evans@company.com,Benefits,1,0
stephanie.evans@company.com,Policy Question,4,0
ralph.yoder@company.com,Payroll,2,0
ralph.yoder@company.com,Policy Question,0,1
ralph.yoder@company.com,IT Access,2,0
ralph.yoder@company.com,PTO Request,4,0
ralph.yoder@company.com,IT Access,3,0
rebekah.greene@company.com,IT Access,3,0
rebekah.greene@company.com,PTO Request,1,0
rebekah.greene@company.com,IT Access,2,0
rebekah.greene@company.com,Manager Escalation,6,0
rebekah.greene@company.com,PTO Request,5,1
rebekah.greene@company.com,Manager Escalation,4,0
rebekah.greene@company.com,Comp Inquiry,2,0
rebekah.greene@company.com,Policy Question,0,0
melanie.griffith@company.com,Benefits,0,0
melanie.griffith@company.com,Manager Escalation,4,0
yolanda.green@company.com,Manager Escalation,10,0
yolanda.green@company.com,Policy Question,2,0
yolanda.green@company.com,PTO Request,1,0
james.johnson@company.com,Policy Question,6,0
james.johnson@company.com,Benefits,10,1
james.johnson@company.com,Policy Question,3,1
james.johnson@company.com,IT Access,9,0
james.johnson@company.com,Policy Question,1,0
laura.lee@company.com,Manager Escalation,1,0
laura.lee@company.com,PTO Request,0,0
laura.lee@company.com,Comp Inquiry,0,0
laura.lee@company.com,PTO Request,2,0
laura.lee@company.com,Payroll,3,0
laura.lee@company.com,Payroll,10,0
laura.lee@company.com,Payroll,0,0
laura.lee@company.com,PTO Request,3,0
courtney.nichols@company.com,Payroll,2,0
courtney.nichols@company.com,Policy Question,5,0
courtney.nichols@company.com,Manager Escalation,4,0
susan.powers@company.com,Benefits,0,0
susan.powers@company.com,Comp Inquiry,0,1
susan.powers@company.com,Policy Question,5,0
sarah.pittman@company.com,Benefits,4,0
sarah.pittman@company.com,Manager Escalation,0,0
sarah.pittman@company.com,PTO Request,3,0
catherine.davis@company.com,Payroll,5,0
catherine.davis@company.com,Comp Inquiry,3,0
catherine.davis@company.com,Policy Question,1,0
catherine.davis@company.com,Payroll,1,0
david.stokes@company.com,Comp Inquiry,2,0
david.stokes@company.com,Comp Inquiry,6,0
david.stokes@company.com,Policy Question,2,1
david.stokes@company.com,IT Access,0,0
catherine.frazier@company.com,IT Access,13,0
brandon.kelly@company.com,Benefits,0,0
brandon.kelly@company.com,Manager Escalation,4,0
brandon.kelly@company.com,Comp Inquiry,5,0
brandon.kelly@company.com,Policy Question,2,0
elizabeth.french@company.com,Benefits,3,1
elizabeth.french@company.com,Manager Escalation,6,0
elizabeth.french@company.com,Comp Inquiry,2,0
elizabeth.french@company.com,Policy Question,0,0
elizabeth.french@company.com,Benefits,2,0
david.carter@company.com,Policy Question,0,0
david.carter@company.com,PTO Request,2,0
david.carter@company.com,IT Access,4,0
david.carter@company.com,IT Access,1,0
david.carter@company.com,Benefits,6,0
david.carter@company.com,Comp Inquiry,10,0
david.carter@company.com,Comp Inquiry,1,0
david.carter@company.com,Policy Question,2,0
david.carter@company.com,PTO Request,0,0
julie.delacruz@company.com,Comp Inquiry,2,0
julie.delacruz@company.com,Manager Escalation,2,0
julie.delacruz@company.com,Comp Inquiry,1,0
julie.delacruz@company.com,Benefits,3,0
julie.delacruz@company.com,PTO Request,2,0
julie.delacruz@company.com,Policy Question,1,0
terry.jones@company.com,Policy Question,5,0
terry.jones@company.com,PTO Request,0,0
kathryn.dillon@company.com,Benefits,0,0
kathryn.dillon@company.com,Comp Inquiry,10,0
kathryn.dillon@company.com,Policy Question,0,0
kathryn.dillon@company.com,Payroll,1,0
kathryn.dillon@company.com,Benefits,3,0
edwin.brown@company.com,Payroll,1,0
edwin.brown@company.com,Comp Inquiry,0,0
edwin.brown@company.com,Benefits,3,0
edwin.brown@company.com,IT Access,3,0
edwin.brown@company.com,PTO Request,3,0
edwin.brown@company.com,IT Access,1,0
edwin.brown@company.com,Benefits,5,0
edwin.brown@company.com,Manager Escalation,0,0
edwin.brown@company.com,Comp Inquiry,1,0
edwin.brown@company.com,Policy Question,4,0
brenda.gonzalez@company.com,Comp Inquiry,3,0
brenda.gonzalez@company.com,Policy Question,0,0
brenda.gonzalez@company.com,PTO Request,2,0
brenda.gonzalez@company.com,Payroll,0,1
brenda.gonzalez@company.com,IT Access,0,0
brenda.gonzalez@company.com,Benefits,2,0
keith.knox@company.com,Benefits,5,0
keith.knox@company.com,Policy Question,9,0
keith.knox@company.com,PTO Request,5,0
keith.knox@company.com,IT Access,0,0
keith.knox@company.com,Policy Question,2,0
eugene.baldwin@company.com,Manager Escalation,2,0
eugene.baldwin@company.com,IT Access,4,0
eugene.baldwin@company.com,PTO Request,2,0
eugene.baldwin@company.com,Payroll,0,0
eugene.baldwin@company.com,IT Access,1,0
katherine.welch@company.com,Payroll,5,0
katherine.welch@company.com,Policy Question,0,0
katherine.welch@company.com,PTO Request,3,1
katherine.welch@company.com,Benefits,5,0
katherine.welch@company.com,Policy Question,2,0
mark.smith@company.com,Benefits,2,0
mark.smith@company.com,Manager Escalation,0,1
mark.smith@company.com,IT Access,1,0
philip.jackson@company.com,PTO Request,1,0
philip.jackson@company.com,Manager Escalation,9,0
philip.jackson@company.com,Payroll,1,0
philip.jackson@company.com,PTO Request,3,1
philip.jackson@company.com,IT Access,3,0
katherine.gallagher@company.com,PTO Request,2,0
katherine.gallagher@company.com,Policy Question,2,0
katherine.gallagher@company.com,Manager Escalation,5,0
katherine.gallagher@company.com,Comp Inquiry,0,0
lucas.schultz@company.com,Benefits,7,1
vincent.reyes@company.com,PTO Request,1,0
vincent.reyes@company.com,Benefits,1,0
vincent.reyes@company.com,Benefits,1,0
vincent.reyes@company.com,Policy Question,3,0
vincent.reyes@company.com,PTO Request,0,1
vincent.reyes@company.com,Policy Question,1,1
vincent.reyes@company.com,Payroll,1,0
michael.sims@company.com,Comp Inquiry,1,0
michael.cooper@company.com,PTO Request,2,1
michael.cooper@company.com,Benefits,0,0
michael.cooper@company.com,Payroll,2,0
michael.cooper@company.com,Policy Question,0,0
michael.cooper@company.com,Comp Inquiry,5,0
michael.cooper@company.com,IT Access,0,0
michael.cooper@company.com,PTO Request,7,0
michael.cooper@company.com,PTO Request,2,0
james.chapman@company.com,Policy Question,0,0
james.chapman@company.com,IT Access,4,1
james.chapman@company.com,Payroll,0,0
james.chapman@company.com,PTO Request,0,0
james.chapman@company.com,Benefits,0,0
james.chapman@company.com,IT Access,5,1
james.chapman@company.com,Comp Inquiry,1,0
rodney.evans@company.com,Policy Question,4,0
rodney.evans@company.com,IT Access,2,0
rodney.evans@company.com,Benefits,6,0
rodney.evans@company.com,Comp Inquiry,0,0
rodney.evans@company.com,Policy Question,1,0
nicholas.carlson@company.com,PTO Request,1,0
nicholas.carlson@company.com,Comp Inquiry,0,0
nicholas.carlson@company.com,Payroll,1,0
stephen.cowan@company.com,PTO Request,4,0
stephen.cowan@company.com,IT Access,2,0
stephen.cowan@company.com,IT Access,0,0
stephen.cowan@company.com,PTO Request,4,0
stephen.cowan@company.com,Payroll,1,0
stephen.cowan@company.com,IT Access,5,0
stephen.cowan@company.com,Policy Question,4,0
steven.howard@company.com,PTO Request,1,0
steven.howard@company.com,Policy Question,2,0
steven.howard@company.com,Benefits,2,0
steven.howard@company.com,PTO Request,3,0
steven.howard@company.com,Policy Question,0,0
steven.howard@company.com,IT Access,1,0
steven.howard@company.com,IT Access,0,0
steven.howard@company.com,Manager Escalation,0,0
steven.howard@company.com,Comp Inquiry,3,0
travis.hull@company.com,Policy Question,3,0
travis.hull@company.com,PTO Request,0,0
travis.hull@company.com,IT Access,0,0
travis.hull@company.com,PTO Request,0,0
travis.hull@company.com,Policy Question,3,0
darryl.acosta@company.com,Payroll,5,0
darryl.acosta@company.com,PTO Request,0,0
darryl.acosta@company.com,Manager Escalation,0,0
darryl.acosta@company.com,Benefits,0,0
darryl.acosta@company.com,PTO Request,0,0
darryl.acosta@company.com,Benefits,1,0
darryl.acosta@company.com,IT Access,4,0
darryl.acosta@company.com,Payroll,0,0
darryl.acosta@company.com,PTO Request,0,0
nicholas.lawrence@company.com,Payroll,3,0
nicholas.lawrence@company.com,PTO Request,2,1
jacob.santos@company.com,Payroll,1,0
jacob.santos@company.com,IT Access,1,0
jacob.santos@company.com,Manager Escalation,1,0
shawn.scott@company.com,Benefits,6,0
shawn.scott@company.com,PTO Request,0,0
shawn.scott@company.com,Payroll,3,0
shawn.scott@company.com,Policy Question,7,1
shawn.scott@company.com,Comp Inquiry,5,1
shawn.scott@company.com,IT Access,1,0
shawn.scott@company.com,Policy Question,4,1
amber.vang@company.com,Comp Inquiry,1,0
amber.vang@company.com,Manager Escalation,0,0
amber.vang@company.com,Comp Inquiry,0,0
amber.vang@company.com,Benefits,8,0
amber.vang@company.com,Manager Escalation,0,0
amber.vang@company.com,IT Access,2,0
amber.vang@company.com,Payroll,0,0
martha.smith@company.com,Policy Question,12,0
martha.smith@company.com,Benefits,1,1
jennifer.james@company.com,IT Access,1,1
kara.hernandez@company.com,Payroll,16,0
kara.hernandez@company.com,PTO Request,4,0
kara.hernandez@company.com,PTO Request,7,0
kara.hernandez@company.com,Comp Inquiry,0,0
kara.hernandez@company.com,Comp Inquiry,2,0
lorraine.turner@company.com,Comp Inquiry,2,0
lorraine.turner@company.com,Comp Inquiry,3,0
lorraine.turner@company.com,Payroll,0,1
lorraine.turner@company.com,Manager Escalation,0,0
lorraine.turner@company.com,PTO Request,2,0
lorraine.turner@company.com,Policy Question,2,1
mary.nelson@company.com,Benefits,3,0
mary.nelson@company.com,Comp Inquiry,3,1
mary.nelson@company.com,Manager Escalation,7,0
breanna.rivas@company.com,Manager Escalation,2,0
breanna.rivas@company.com,PTO Request,15,0
breanna.rivas@company.com,Benefits,2,0
breanna.rivas@company.com,Payroll,5,0
breanna.rivas@company.com,Comp Inquiry,3,0
breanna.rivas@company.com,Benefits,3,1
breanna.rivas@company.com,IT Access,4,0
breanna.rivas@company.com,PTO Request,9,0
nathan.wilson@company.com,Policy Question,0,0
nathan.wilson@company.com,Benefits,0,0
nathan.wilson@company.com,PTO Request,2,0
nathan.wilson@company.com,Benefits,0,0
nathan.wilson@company.com,PTO Request,2,1
nathan.wilson@company.com,Comp Inquiry,2,0
nathan.wilson@company.com,PTO Request,6,0
nathan.wilson@company.com,IT Access,0,0
nathan.wilson@company.com,Comp Inquiry,5,0
nathan.wilson@company.com,IT Access,0,0
nathan.wilson@company.com,PTO Request,5,0
nathan.wilson@company.com,Payroll,0,0
brian.gonzalez@company.com,Policy Question,4,0
brian.gonzalez@company.com,Payroll,2,0
brian.gonzalez@company.com,PTO Request,2,1
brian.gonzalez@company.com,Benefits,0,0
brian.gonzalez@company.com,Benefits,7,0
brian.gonzalez@company.com,Policy Question,1,0
dennis.mills@company.com,Manager Escalation,2,0
dennis.mills@company.com,Policy Question,0,0
dennis.mills@company.com,IT Access,5,0
dennis.mills@company.com,Manager Escalation,2,0
dennis.mills@company.com,Manager Escalation,1,0
michael.phillips@company.com,PTO Request,15,0
michael.phillips@company.com,Payroll,2,0
jon.clark@company.com,Benefits,0,1
jon.clark@company.com,PTO Request,10,1
jon.clark@company.com,Comp Inquiry,5,0
jon.clark@company.com,Payroll,2,0
erin.smith@company.com,Manager Escalation,4,0
susan.conley@company.com,Benefits,0,0
susan.conley@company.com,IT Access,8,0
susan.conley@company.com,Payroll,3,0
susan.conley@company.com,Benefits,0,0
susan.conley@company.com,PTO Request,1,0
susan.conley@company.com,Benefits,19,1
susan.conley@company.com,Payroll,3,1
susan.conley@company.com,IT Access,2,0
brittany.davis@company.com,Comp Inquiry,3,1
brittany.davis@company.com,PTO Request,1,0
brittany.davis@company.com,IT Access,1,0
brittany.davis@company.com,Policy Question,0,0
brittany.davis@company.com,Payroll,4,0
brittany.davis@company.com,Manager Escalation,4,1
brittany.davis@company.com,IT Access,5,0
misty.garcia@company.com,Payroll,3,0
misty.garcia@company.com,PTO Request,3,0
misty.garcia@company.com,IT Access,1,0
misty.garcia@company.com,IT Access,3,0
david.hinton@company.com,IT Access,4,0
david.hinton@company.com,Manager Escalation,1,0
david.hinton@company.com,Manager Escalation,1,0
david.hinton@company.com,PTO Request,2,0
david.hinton@company.com,IT Access,3,0
john.garcia@company.com,PTO Request,9,0
john.garcia@company.com,PTO Request,5,0
john.garcia@company.com,Payroll,1,0
andrew.roberts@company.com,Policy Question,1,0
andrew.roberts@company.com,Policy Question,2,0
andrew.roberts@company.com,Benefits,2,0
emily.rodgers@company.com,Payroll,0,1
emily.rodgers@company.com,Comp Inquiry,0,1
peter.williams@company.com,Policy Question,1,0
peter.williams@company.com,Comp Inquiry,0,0
peter.williams@company.com,Comp Inquiry,0,1
mary.jackson@company.com,Payroll,0,0
mary.jackson@company.com,Manager Escalation,1,0
mary.jackson@company.com,Payroll,2,0
mary.jackson@company.com,PTO Request,0,0
mary.jackson@company.com,IT Access,3,0
jeffrey.howell@company.com,Benefits,1,0
jeffrey.howell@company.com,Comp Inquiry,0,0
jeffrey.howell@company.com,Benefits,7,0
anna.briggs@company.com,Manager Escalation,0,1
anna.briggs@company.com,Benefits,5,0
anna.briggs@company.com,Policy Question,1,0
anna.briggs@company.com,Payroll,5,0
james.rivers@company.com,PTO Request,0,0
james.rivers@company.com,PTO Request,2,1
james.rivers@company.com,Benefits,1,0
james.jefferson@company.com,Manager Escalation,1,0
mariah.robles@company.com,Payroll,1,0
michael.brown@company.com,PTO Request,0,0
caitlin.perry@company.com,IT Access,1,0
caitlin.perry@company.com,Benefits,1,0
caitlin.perry@company.com,Policy Question,0,0
caitlin.perry@company.com,Benefits,0,0
caitlin.perry@company.com,PTO Request,1,0
caitlin.perry@company.com,Comp Inquiry,1,0
rebekah.gregory@company.com,Manager Escalation,0,0
rebekah.gregory@company.com,PTO Request,0,0
rebekah.gregory@company.com,Comp Inquiry,0,0
rebekah.gregory@company.com,Payroll,1,0
rebekah.gregory@company.com,Policy Question,0,0
rebekah.gregory@company.com,Policy Question,2,0
james.howard@company.com,Comp Inquiry,2,0
james.howard@company.com,Benefits,1,0
james.howard@company.com,PTO Request,5,0
michael.roberson@company.com,Comp Inquiry,3,0
michael.roberson@company.com,Manager Escalation,1,0
michael.roberson@company.com,IT Access,2,0
michael.roberson@company.com,IT Access,1,1
michael.roberson@company.com,Payroll,1,1
michael.roberson@company.com,Manager Escalation,0,1
michael.roberson@company.com,Manager Escalation,0,0
michael.roberson@company.com,Payroll,1,0
bianca.knapp@company.com,Policy Question,0,0
bianca.knapp@company.com,Policy Question,2,0
bianca.knapp@company.com,Payroll,0,0
bianca.knapp@company.com,Benefits,0,0
bianca.knapp@company.com,Policy Question,3,0
jason.williams@company.com,Comp Inquiry,2,0
jason.williams@company.com,Policy Question,2,0
jason.williams@company.com,Comp Inquiry,8,0
jason.williams@company.com,Manager Escalation,3,0
jason.williams@company.com,Manager Escalation,0,0
ernest.bush@company.com,Comp Inquiry,0,0
ernest.bush@company.com,PTO Request,2,0
ernest.bush@company.com,IT Access,0,0
ernest.bush@company.com,Comp Inquiry,6,0
patricia.ray@company.com,Benefits,2,0
patricia.ray@company.com,PTO Request,2,0
patricia.ray@company.com,Payroll,1,0
patricia.ray@company.com,IT Access,9,0
patricia.ray@company.com,IT Access,2,0
patricia.ray@company.com,Payroll,4,0
patricia.ray@company.com,Policy Question,0,0
vanessa.santiago@company.com,PTO Request,7,0
vanessa.santiago@company.com,PTO Request,5,0
vanessa.santiago@company.com,Comp Inquiry,4,0
joseph.haynes@company.com,Benefits,6,1
joseph.haynes@company.com,IT Access,4,0
joseph.haynes@company.com,Comp Inquiry,3,1
joseph.haynes@company.com,Manager Escalation,3,0
matthew.wright@company.com,Policy Question,1,0
matthew.wright@company.com,Payroll,1,0
matthew.wright@company.com,Comp Inquiry,3,1
michael.cruz@company.com,Manager Escalation,10,0
michael.cruz@company.com,IT Access,1,0
michael.cruz@company.com,Payroll,0,1
michael.cruz@company.com,Payroll,1,0
kristin.huerta@company.com,IT Access,1,0
kristin.huerta@company.com,Benefits,0,0
kristin.huerta@company.com,Benefits,0,0
kristin.huerta@company.com,Benefits,1,0
kristin.huerta@company.com,Comp Inquiry,7,0
mason.moore@company.com,IT Access,2,0
mason.moore@company.com,Manager Escalation,1,0
mason.moore@company.com,Payroll,1,0
mason.moore@company.com,Payroll,1,0
mason.moore@company.com,Payroll,6,1
sarah.booth@company.com,Payroll,2,0
sarah.booth@company.com,IT Access,2,0
sarah.booth@company.com,Manager Escalation,7,0
sarah.booth@company.com,PTO Request,1,0
sarah.booth@company.com,Payroll,0,0
john.allen@company.com,Payroll,7,0
john.allen@company.com,PTO Request,6,1
john.allen@company.com,IT Access,4,0
john.allen@company.com,Policy Question,1,1
john.allen@company.com,PTO Request,0,0
john.allen@company.com,Comp Inquiry,1,0
john.allen@company.com,Payroll,0,0
john.allen@company.com,IT Access,7,0
john.allen@company.com,Comp Inquiry,0,0
john.allen@company.com,Comp Inquiry,2,0
amber.walker@company.com,Policy Question,5,0
amber.walker@company.com,Policy Question,2,0
amber.walker@company.com,Payroll,2,0
amber.walker@company.com,Benefits,2,0
amber.walker@company.com,Manager Escalation,0,0
amber.walker@company.com,Comp Inquiry,0,0
amber.walker@company.com,Payroll,2,0
amber.walker@company.com,IT Access,5,0
jennifer.young@company.com,Manager Escalation,1,0
jennifer.young@company.com,Manager Escalation,1,1
jennifer.young@company.com,Manager Escalation,1,0
jennifer.young@company.com,PTO Request,7,0
jennifer.young@company.com,Benefits,0,0
jennifer.young@company.com,Policy Question,0,0
jennifer.young@company.com,IT Access,0,0
jennifer.young@company.com,Policy Question,0,0
jennifer.young@company.com,PTO Request,0,0
robert.west@company.com,PTO Request,0,0
robert.west@company.com,IT Access,8,0
robert.west@company.com,Benefits,0,0
robert.west@company.com,Manager Escalation,4,0
robert.west@company.com,Policy Question,3,0
jillian.wilson@company.com,Policy Question,0,0
jillian.wilson@company.com,IT Access,0,1
jillian.wilson@company.com,PTO Request,0,0
jillian.wilson@company.com,Manager Escalation,1,0
jillian.wilson@company.com,Comp Inquiry,2,1
matthew.md@company.com,Policy Question,2,0
matthew.md@company.com,IT Access,0,1
april.davis@company.com,Manager Escalation,0,0
april.davis@company.com,IT Access,4,0
april.davis@company.com,Payroll,4,0
april.davis@company.com,Manager Escalation,0,0
april.davis@company.com,IT Access,0,0
april.davis@company.com,Policy Question,6,0
april.davis@company.com,Benefits,0,0
lisa.torres@company.com,Comp Inquiry,1,1
lisa.torres@company.com,Benefits,1,0
lisa.torres@company.com,Manager Escalation,3,0
lisa.torres@company.com,Payroll,4,0
christine.powers@company.com,PTO Request,3,1
christine.powers@company.com,Manager Escalation,0,0
christine.powers@company.com,Manager Escalation,3,0
christine.powers@company.com,Payroll,0,0
christine.powers@company.com,Manager Escalation,0,0
christine.powers@company.com,Comp Inquiry,1,0
christine.powers@company.com,Payroll,3,0
christine.powers@company.com,IT Access,1,0
christine.powers@company.com,IT Access,5,0
heidi.brown@company.com,PTO Request,3,0
heidi.brown@company.com,Benefits,4,0
heidi.brown@company.com,Manager Escalation,0,0
jesse.castro@company.com,PTO Request,2,0
jesse.castro@company.com,IT Access,3,0
jesse.castro@company.com,PTO Request,3,0
jesse.castro@company.com,Payroll,2,0
kara.sandoval@company.com,IT Access,0,0
kara.sandoval@company.com,IT Access,6,1
kara.sandoval@company.com,PTO Request,0,0
kara.sandoval@company.com,PTO Request,4,0
kara.sandoval@company.com,Manager Escalation,2,0
ashley.malone@company.com,Manager Escalation,1,0
glenn.gallegos@company.com,Comp Inquiry,0,0
glenn.gallegos@company.com,Benefits,4,0
glenn.gallegos@company.com,Comp Inquiry,0,0
glenn.gallegos@company.com,Payroll,1,1
glenn.gallegos@company.com,Comp Inquiry,1,0
glenn.gallegos@company.com,Manager Escalation,0,0
dorothy.boyd@company.com,Policy Question,0,0
dorothy.boyd@company.com,Policy Question,1,0
dorothy.boyd@company.com,IT Access,4,0
amber.martin@company.com,Payroll,0,0
amber.martin@company.com,Policy Question,2,0
amber.martin@company.com,IT Access,7,0
amber.martin@company.com,PTO Request,1,0
mitchell.griffith@company.com,Manager Escalation,6,0
mitchell.griffith@company.com,Policy Question,0,0
levi.lopez@company.com,PTO Request,3,1
jenna.bryant@company.com,IT Access,0,0
jenna.bryant@company.com,Comp Inquiry,0,0
jenna.bryant@company.com,Manager Escalation,1,0
jenna.bryant@company.com,Payroll,1,1
jenna.bryant@company.com,PTO Request,0,0
michelle.rodriguez@company.com,PTO Request,1,0
michelle.rodriguez@company.com,Manager Escalation,1,0
michelle.rodriguez@company.com,Comp Inquiry,1,0
michelle.rodriguez@company.com,Payroll,1,1
michelle.rodriguez@company.com,Comp Inquiry,5,0
timothy.monroe@company.com,Benefits,0,0
patricia.hayes@company.com,IT Access,5,1
patricia.hayes@company.com,PTO Request,1,1
tina.taylor@company.com,Manager Escalation,0,1
tina.taylor@company.com,Payroll,3,0
tina.taylor@company.com,PTO Request,1,1
tina.taylor@company.com,IT Access,0,1
tina.taylor@company.com,Policy Question,8,0
tina.taylor@company.com,Policy Question,0,0
mr.phd@company.com,Manager Escalation,2,0
mr.phd@company.com,Comp Inquiry,0,0
mr.phd@company.com,Payroll,2,0
mr.phd@company.com,Manager Escalation,1,0
mr.phd@company.com,Benefits,1,0
mr.phd@company.com,IT Access,4,0
mr.thompson@company.com,Comp Inquiry,2,0
mr.thompson@company.com,Payroll,0,0
mr.thompson@company.com,IT Access,0,0
mr.thompson@company.com,Comp Inquiry,2,0
mr.thompson@company.com,Payroll,1,0
mr.thompson@company.com,Payroll,0,0
monica.anderson@company.com,PTO Request,2,0
monica.anderson@company.com,Policy Question,8,0
monica.anderson@company.com,Benefits,2,0
monica.anderson@company.com,PTO Request,1,0
monica.anderson@company.com,IT Access,3,0
kyle.andrade@company.com,Manager Escalation,4,0
kyle.andrade@company.com,Manager Escalation,5,0
kyle.andrade@company.com,Benefits,4,0
kyle.andrade@company.com,Benefits,4,1
kyle.andrade@company.com,Benefits,0,0
kyle.andrade@company.com,Comp Inquiry,5,0
kyle.andrade@company.com,PTO Request,3,0
janice.petty@company.com,IT Access,4,0
janice.petty@company.com,Comp Inquiry,0,1
pamela.hill@company.com,Payroll,2,1
pamela.hill@company.com,Policy Question,4,1
tracy.chavez@company.com,Payroll,3,0
tracy.chavez@company.com,Comp Inquiry,10,0
tracy.chavez@company.com,Manager Escalation,3,0
tracy.chavez@company.com,Payroll,4,1
tracy.chavez@company.com,Policy Question,3,0
tracy.chavez@company.com,Manager Escalation,5,0
tracy.chavez@company.com,Comp Inquiry,5,0
tracy.chavez@company.com,Policy Question,4,0
tracy.chavez@company.com,PTO Request,3,0
jason.graves@company.com,Policy Question,5,0
jason.graves@company.com,Policy Question,1,1
jason.graves@company.com,Payroll,3,0
jason.graves@company.com,Manager Escalation,1,0
jason.graves@company.com,Manager Escalation,7,0
elizabeth.miles@company.com,Policy Question,4,0
elizabeth.miles@company.com,Payroll,5,1
elizabeth.miles@company.com,Benefits,1,0
elizabeth.miles@company.com,IT Access,6,0
michelle.walls@company.com,Benefits,4,1
michelle.walls@company.com,Payroll,15,0
christina.weber@company.com,Manager Escalation,3,0
gregory.chambers@company.com,Benefits,1,0
miss.gordon@company.com,Manager Escalation,1,0
miss.gordon@company.com,Payroll,8,0
miss.gordon@company.com,PTO Request,1,0
miss.gordon@company.com,Policy Question,1,0
miss.gordon@company.com,Manager Escalation,9,1
miss.gordon@company.com,Manager Escalation,4,0
erica.wilson@company.com,Comp Inquiry,0,0
erica.wilson@company.com,Policy Question,0,1
erica.wilson@company.com,Policy Question,0,0
erica.wilson@company.com,IT Access,4,0
erica.wilson@company.com,Manager Escalation,0,0
jennifer.adkins@company.com,Benefits,2,0
jennifer.adkins@company.com,PTO Request,0,0
donna.boone@company.com,Policy Question,5,0
donna.boone@company.com,Manager Escalation,2,1
donna.boone@company.com,PTO Request,2,0
kelly.johnson@company.com,IT Access,7,0
michael.gonzalez@company.com,Comp Inquiry,2,0
michael.gonzalez@company.com,Benefits,0,0
michael.gonzalez@company.com,Payroll,6,0
candace.mitchell@company.com,PTO Request,0,0
candace.mitchell@company.com,Policy Question,9,1
candace.mitchell@company.com,Manager Escalation,1,0
candace.mitchell@company.com,Manager Escalation,4,0
ryan.vaughn@company.com,Comp Inquiry,2,0
ryan.vaughn@company.com,PTO Request,0,1
ryan.vaughn@company.com,Benefits,8,0
ryan.vaughn@company.com,Manager Escalation,2,0
paul.johnson@company.com,Comp Inquiry,2,0
paul.johnson@company.com,Policy Question,2,0
ashley.parrish@company.com,Benefits,14,0
ashley.parrish@company.com,Benefits,0,0
ashley.parrish@company.com,Comp Inquiry,2,0
ashley.parrish@company.com,Benefits,4,0
sharon.newton@company.com,Benefits,1,0
sharon.newton@company.com,Comp Inquiry,2,0
sharon.newton@company.com,Comp Inquiry,3,0
cynthia.mueller@company.com,IT Access,2,0
donna.beck@company.com,Payroll,5,0
donna.beck@company.com,Benefits,0,0
jasmine.frye@company.com,Comp Inquiry,2,1
jasmine.frye@company.com,Comp Inquiry,6,0
jasmine.frye@company.com,Payroll,0,0
jasmine.frye@company.com,Comp Inquiry,2,0
jasmine.frye@company.com,Benefits,0,0
jasmine.frye@company.com,Manager Escalation,0,0
emily.arnold@company.com,IT Access,1,1
emily.arnold@company.com,IT Access,7,0
emily.arnold@company.com,Comp Inquiry,3,0
emily.arnold@company.com,Comp Inquiry,0,0
emily.arnold@company.com,Comp Inquiry,6,0
emily.arnold@company.com,PTO Request,2,0
emily.arnold@company.com,Comp Inquiry,5,0
emily.arnold@company.com,Comp Inquiry,1,0
david.oliver@company.com,IT Access,2,0
david.oliver@company.com,Policy Question,4,0
david.oliver@company.com,Comp Inquiry,3,0
david.oliver@company.com,Comp Inquiry,0,1
david.oliver@company.com,IT Access,0,0
sheila.greer@company.com,Manager Escalation,0,0
sheila.greer@company.com,Benefits,0,1
sheila.greer@company.com,Manager Escalation,3,1
sheila.greer@company.com,Comp Inquiry,0,0
sheila.greer@company.com,Policy Question,1,0
sheila.greer@company.com,Benefits,0,0
sheila.greer@company.com,Policy Question,0,1
michele.holland@company.com,Policy Question,4,0
michele.holland@company.com,Benefits,3,0
kimberly.morrison@company.com,Manager Escalation,1,0
kimberly.morrison@company.com,Manager Escalation,7,0
tracey.phillips@company.com,IT Access,2,0
tracey.phillips@company.com,IT Access,3,1
michael.lopez@company.com,Manager Escalation,2,1
michael.lopez@company.com,Manager Escalation,8,0
michael.lopez@company.com,Policy Question,0,0
michael.lopez@company.com,Comp Inquiry,2,1
jose.bennett@company.com,Manager Escalation,0,1
jose.bennett@company.com,Benefits,11,0
jose.bennett@company.com,Payroll,3,0
justin.anderson@company.com,IT Access,3,0
justin.anderson@company.com,IT Access,1,0
justin.anderson@company.com,Comp Inquiry,3,0
justin.anderson@company.com,Comp Inquiry,1,0
justin.anderson@company.com,Benefits,1,1
justin.anderson@company.com,Payroll,0,0
dawn.rivera@company.com,Policy Question,6,0
dawn.rivera@company.com,Manager Escalation,1,0
dawn.rivera@company.com,IT Access,9,0
dawn.rivera@company.com,IT Access,7,0
dawn.rivera@company.com,Payroll,1,0
dawn.rivera@company.com,IT Access,10,0
dawn.rivera@company.com,PTO Request,11,0
dawn.rivera@company.com,Policy Question,4,0
dawn.rivera@company.com,Policy Question,1,0
dawn.rivera@company.com,Benefits,4,0
brittney.hernandez@company.com,PTO Request,5,0
brittney.hernandez@company.com,Benefits,5,0
anthony.randolph@company.com,Manager Escalation,8,0
anthony.randolph@company.com,IT Access,0,0
anthony.randolph@company.com,Payroll,1,0
anthony.randolph@company.com,Payroll,3,0
anthony.randolph@company.com,PTO Request,0,1
anthony.randolph@company.com,IT Access,1,1
mary.henry@company.com,Payroll,3,0
mary.henry@company.com,Comp Inquiry,1,0
mary.henry@company.com,Policy Question,0,0
mary.henry@company.com,Payroll,1,0
heather.bowers@company.com,Policy Question,3,1
heather.bowers@company.com,Payroll,4,1
heather.bowers@company.com,PTO Request,0,0
daniel.white@company.com,Payroll,7,1
daniel.white@company.com,Manager Escalation,4,0
daniel.white@company.com,Manager Escalation,2,0
daniel.white@company.com,Policy Question,3,1
daniel.white@company.com,Benefits,5,0
daniel.white@company.com,Manager Escalation,11,0
jonathan.perry@company.com,Comp Inquiry,4,0
jonathan.perry@company.com,PTO Request,0,0
anna.walker@company.com,Manager Escalation,1,0
anna.walker@company.com,Policy Question,0,1
anna.walker@company.com,PTO Request,2,0
anna.walker@company.com,Policy Question,0,0
anna.walker@company.com,PTO Request,9,0
gary.ward@company.com,Benefits,2,0
gary.ward@company.com,Payroll,0,0
paul.moreno@company.com,IT Access,5,0
paul.moreno@company.com,IT Access,3,0
paul.moreno@company.com,Benefits,0,0
samantha.md@company.com,Comp Inquiry,5,0
samantha.md@company.com,Payroll,3,0
samantha.md@company.com,Comp Inquiry,17,0
samantha.md@company.com,Comp Inquiry,7,1
samantha.md@company.com,PTO Request,0,0
samantha.md@company.com,Manager Escalation,4,0
samantha.md@company.com,IT Access,1,0
samantha.md@company.com,PTO Request,1,0
samantha.md@company.com,Comp Inquiry,2,0
samantha.md@company.com,Comp Inquiry,1,1
jill.conway@company.com,IT Access,0,1
jill.conway@company.com,PTO Request,0,1
jill.conway@company.com,PTO Request,4,0
jill.conway@company.com,Comp Inquiry,3,0
lisa.haley@company.com,Benefits,0,0
lisa.haley@company.com,IT Access,5,1
lisa.haley@company.com,Manager Escalation,6,0
lisa.haley@company.com,Manager Escalation,1,0
lisa.haley@company.com,Payroll,1,0
erica.moon@company.com,Comp Inquiry,0,0
erica.moon@company.com,Manager Escalation,0,0
erica.moon@company.com,Manager Escalation,2,0
erica.moon@company.com,Payroll,5,0
erica.moon@company.com,PTO Request,0,0
erica.moon@company.com,PTO Request,2,0
erica.moon@company.com,Payroll,1,0
thomas.short@company.com,IT Access,1,0
thomas.short@company.com,Manager Escalation,0,0
thomas.short@company.com,Manager Escalation,0,0
thomas.short@company.com,Benefits,5,0
robert.griffin@company.com,Comp Inquiry,2,1
robert.griffin@company.com,IT Access,1,0
robert.griffin@company.com,Payroll,0,0
steven.lee@company.com,Policy Question,1,0
steven.lee@company.com,Policy Question,2,0
tiffany.jackson@company.com,Benefits,6,1
tiffany.jackson@company.com,Payroll,3,0
tiffany.jackson@company.com,Payroll,1,1
tiffany.jackson@company.com,Payroll,6,0
tiffany.jackson@company.com,Payroll,2,0
tiffany.jackson@company.com,Comp Inquiry,3,0
kimberly.smith@company.com,Comp Inquiry,0,0
kimberly.smith@company.com,Benefits,6,0
kimberly.smith@company.com,Manager Escalation,0,0
kimberly.smith@company.com,Manager Escalation,0,0
kimberly.smith@company.com,Benefits,1,1
michael.ayala@company.com,PTO Request,0,0
michael.ayala@company.com,Policy Question,8,0
michael.ayala@company.com,Comp Inquiry,2,0
michael.ayala@company.com,IT Access,4,0
michael.ayala@company.com,Comp Inquiry,0,0
michael.ayala@company.com,Comp Inquiry,2,0
michael.ayala@company.com,PTO Request,3,0
michael.ayala@company.com,IT Access,1,1
jessica.garcia@company.com,Payroll,11,1
jessica.garcia@company.com,Policy Question,0,0
jessica.garcia@company.com,Benefits,3,0
jessica.garcia@company.com,IT Access,5,0
jessica.garcia@company.com,Manager Escalation,1,0
jessica.garcia@company.com,Payroll,2,1
jessica.garcia@company.com,Comp Inquiry,0,0
jessica.garcia@company.com,Payroll,2,0
michele.cherry@company.com,Manager Escalation,0,0
michele.cherry@company.com,Policy Question,4,0
michele.cherry@company.com,Benefits,5,0
michele.cherry@company.com,Manager Escalation,0,0
michele.cherry@company.com,Comp Inquiry,7,0
michele.cherry@company.com,Policy Question,21,0
michele.cherry@company.com,Policy Question,2,0
michele.cherry@company.com,Benefits,6,0
michele.cherry@company.com,Manager Escalation,6,1
maria.case@company.com,IT Access,0,0
maria.case@company.com,Payroll,3,0
brandon.brown@company.com,Comp Inquiry,4,0
brandon.brown@company.com,Policy Question,4,0
brandon.brown@company.com,PTO Request,13,0
brandon.brown@company.com,Policy Question,0,0
brandon.brown@company.com,Comp Inquiry,0,0
brandon.brown@company.com,IT Access,1,0
brandon.brown@company.com,Policy Question,0,1
brandon.brown@company.com,Manager Escalation,0,0
kristin.andrews@company.com,Policy Question,2,0
david.hughes@company.com,Policy Question,9,0
david.hughes@company.com,Payroll,0,0
david.hughes@company.com,Manager Escalation,1,0
david.hughes@company.com,Comp Inquiry,1,0
david.hughes@company.com,Benefits,10,1
jessica.smith@company.com,Policy Question,2,0
jessica.smith@company.com,Payroll,0,0
jessica.smith@company.com,Manager Escalation,0,0
jessica.smith@company.com,Comp Inquiry,1,0
kimberly.may@company.com,Policy Question,0,0
kimberly.may@company.com,Comp Inquiry,0,0
kimberly.may@company.com,Payroll,1,0
kimberly.may@company.com,Policy Question,0,0
nicole.richards@company.com,Manager Escalation,2,1
nicole.richards@company.com,PTO Request,4,0
nicole.richards@company.com,Benefits,7,0
nicole.richards@company.com,IT Access,4,0
nicole.richards@company.com,PTO Request,1,0
nicole.richards@company.com,Comp Inquiry,2,0
nicole.richards@company.com,Manager Escalation,3,0
nicole.richards@company.com,Comp Inquiry,3,0
angel.reilly@company.com,Manager Escalation,0,0
angel.reilly@company.com,Payroll,6,0
angel.reilly@company.com,PTO Request,6,0
richard.turner@company.com,Policy Question,14,0
richard.turner@company.com,PTO Request,3,0
richard.turner@company.com,Policy Question,3,0
richard.turner@company.com,IT Access,1,0
richard.turner@company.com,Benefits,1,0
richard.turner@company.com,Payroll,2,0
richard.turner@company.com,PTO Request,0,0
richard.turner@company.com,Policy Question,0,0
preston.kim@company.com,Payroll,0,0
matthew.wells@company.com,Payroll,5,0
matthew.wells@company.com,PTO Request,2,0
brandy.myers@company.com,IT Access,0,1
brandy.myers@company.com,Comp Inquiry,3,0
brandy.myers@company.com,IT Access,0,0
kimberly.choi@company.com,Comp Inquiry,2,1
kimberly.choi@company.com,Benefits,0,0
kimberly.choi@company.com,Comp Inquiry,0,0
michael.sloan@company.com,Benefits,1,1
monica.brooks@company.com,Policy Question,5,0
monica.brooks@company.com,Benefits,0,0
monica.brooks@company.com,PTO Request,1,0
monica.brooks@company.com,Comp Inquiry,1,0
monica.brooks@company.com,PTO Request,2,0
monica.brooks@company.com,Manager Escalation,2,0
monica.brooks@company.com,Manager Escalation,0,0
kristen.peters@company.com,IT Access,0,0
kristen.peters@company.com,Payroll,0,1
kristen.peters@company.com,Comp Inquiry,0,0
aaron.carlson@company.com,Benefits,1,0
aaron.carlson@company.com,Comp Inquiry,1,0
aaron.carlson@company.com,Comp Inquiry,1,0
aaron.carlson@company.com,Manager Escalation,0,1
aaron.carlson@company.com,Comp Inquiry,7,0
aaron.carlson@company.com,Manager Escalation,0,0
theresa.torres@company.com,Payroll,2,0
theresa.torres@company.com,PTO Request,3,0
theresa.torres@company.com,PTO Request,1,0
theresa.torres@company.com,Policy Question,2,0
stephanie.cooper@company.com,Policy Question,2,0
stephanie.cooper@company.com,Manager Escalation,8,0
stephanie.cooper@company.com,PTO Request,2,0
stephanie.cooper@company.com,Manager Escalation,4,0
stephanie.cooper@company.com,PTO Request,2,0
matthew.hunt@company.com,Manager Escalation,1,0
matthew.hunt@company.com,Policy Question,0,0
daniel.davenport@company.com,IT Access,6,0
daniel.davenport@company.com,PTO Request,3,0
daniel.davenport@company.com,Manager Escalation,0,0
christopher.marsh@company.com,Comp Inquiry,1,0
christopher.marsh@company.com,Comp Inquiry,14,0
christopher.marsh@company.com,Payroll,4,0
christopher.marsh@company.com,Comp Inquiry,0,0
christopher.marsh@company.com,PTO Request,8,0
christopher.marsh@company.com,Manager Escalation,1,0
sarah.randolph@company.com,Benefits,2,0
sarah.randolph@company.com,Benefits,3,1
sarah.randolph@company.com,Comp Inquiry,7,1
sarah.randolph@company.com,Policy Question,3,0
julia.md@company.com,PTO Request,0,0
julia.md@company.com,Benefits,3,0
julia.md@company.com,Manager Escalation,0,1
julia.md@company.com,Policy Question,0,0
julia.md@company.com,PTO Request,2,0
brett.swanson@company.com,IT Access,4,0
brett.swanson@company.com,IT Access,4,0
brett.swanson@company.com,Manager Escalation,2,0
brett.swanson@company.com,Policy Question,0,0
brett.swanson@company.com,Benefits,4,0
mr.rios@company.com,PTO Request,2,0
mr.rios@company.com,Policy Question,0,0
mr.rios@company.com,Payroll,0,0
mr.rios@company.com,Policy Question,0,0
manuel.mccullough@company.com,IT Access,0,1
manuel.mccullough@company.com,PTO Request,7,0
manuel.mccullough@company.com,Comp Inquiry,0,0
manuel.mccullough@company.com,Benefits,4,1
manuel.mccullough@company.com,Benefits,5,0
jerry.jensen@company.com,IT Access,1,0
jerry.jensen@company.com,IT Access,1,0
jerry.jensen@company.com,Comp Inquiry,9,0
jerry.jensen@company.com,Manager Escalation,2,0
jerry.jensen@company.com,Payroll,4,1
kevin.cunningham@company.com,Benefits,0,0
kevin.cunningham@company.com,IT Access,0,0
eugene.patterson@company.com,Benefits,5,0
eugene.patterson@company.com,Manager Escalation,4,1
eugene.patterson@company.com,Benefits,0,0
eugene.patterson@company.com,IT Access,0,0
david.walker@company.com,Policy Question,2,1
david.walker@company.com,PTO Request,0,1
david.walker@company.com,PTO Request,1,0
david.walker@company.com,PTO Request,4,0
david.walker@company.com,Comp Inquiry,3,0
david.walker@company.com,Policy Question,4,0
david.walker@company.com,Policy Question,3,0
david.walker@company.com,Benefits,3,0
david.walker@company.com,Policy Question,1,0
david.walker@company.com,Payroll,6,0
jessica.larsen@company.com,Manager Escalation,1,0
jessica.larsen@company.com,Benefits,1,0
nicholas.humphrey@company.com,Policy Question,0,0
nicholas.humphrey@company.com,PTO Request,3,0
casey.obrien@company.com,Payroll,4,0
casey.obrien@company.com,PTO Request,2,0
casey.obrien@company.com,Payroll,1,0
casey.obrien@company.com,Payroll,1,0
shannon.taylor@company.com,Comp Inquiry,4,1
shannon.taylor@company.com,Manager Escalation,3,0
shannon.taylor@company.com,IT Access,2,0
shannon.taylor@company.com,Benefits,6,0
shannon.taylor@company.com,Manager Escalation,3,0
shannon.taylor@company.com,PTO Request,1,0
shannon.taylor@company.com,Policy Question,1,0
shannon.taylor@company.com,Manager Escalation,0,0
shannon.taylor@company.com,Comp Inquiry,1,0
shannon.taylor@company.com,Manager Escalation,0,0
shannon.taylor@company.com,Comp Inquiry,2,1
deborah.mercado@company.com,Policy Question,1,0
deborah.mercado@company.com,Payroll,5,0
deborah.mercado@company.com,PTO Request,0,0
bernard.smith@company.com,PTO Request,2,0
bernard.smith@company.com,Comp Inquiry,0,0
bernard.smith@company.com,Policy Question,2,0
bernard.smith@company.com,Benefits,9,0
bernard.smith@company.com,Comp Inquiry,1,0
bernard.smith@company.com,Comp Inquiry,0,0
bernard.smith@company.com,IT Access,9,0
bernard.smith@company.com,Payroll,5,0
bernard.smith@company.com,Payroll,7,0
amanda.perkins@company.com,Benefits,7,0
amanda.perkins@company.com,Payroll,6,0
amanda.perkins@company.com,Policy Question,0,0
amanda.perkins@company.com,Manager Escalation,0,1
amanda.perkins@company.com,PTO Request,2,0
amanda.perkins@company.com,Benefits,7,1
amanda.perkins@company.com,Comp Inquiry,3,0
amanda.perkins@company.com,Payroll,2,0
kevin.escobar@company.com,Benefits,13,0
kevin.escobar@company.com,Payroll,11,0
kimberly.lutz@company.com,Comp Inquiry,7,0
kimberly.lutz@company.com,PTO Request,3,1
reginald.diaz@company.com,Comp Inquiry,2,0
reginald.diaz@company.com,Comp Inquiry,3,0
reginald.diaz@company.com,Policy Question,5,0
reginald.diaz@company.com,Benefits,4,1
reginald.diaz@company.com,Policy Question,2,0
reginald.diaz@company.com,IT Access,0,1
raymond.quinn@company.com,IT Access,1,0
raymond.quinn@company.com,Benefits,5,0
raymond.quinn@company.com,Benefits,1,0
raymond.quinn@company.com,Policy Question,0,0
raymond.quinn@company.com,Policy Question,2,0
john.dixon@company.com,Comp Inquiry,5,0
john.dixon@company.com,PTO Request,0,0
john.dixon@company.com,Policy Question,6,0
john.dixon@company.com,IT Access,1,0
john.dixon@company.com,Benefits,0,0
john.dixon@company.com,Benefits,2,0
jonathan.bates@company.com,PTO Request,0,1
renee.mendez@company.com,Manager Escalation,2,0
renee.mendez@company.com,Benefits,2,1
renee.mendez@company.com,Comp Inquiry,0,0
renee.mendez@company.com,Manager Escalation,1,0
renee.mendez@company.com,Manager Escalation,1,0
renee.mendez@company.com,Comp Inquiry,0,0
renee.mendez@company.com,IT Access,0,0
jose.griffin@company.com,PTO Request,0,0
jose.griffin@company.com,Benefits,0,0
travis.hopkins@company.com,Manager Escalation,7,0
travis.hopkins@company.com,Comp Inquiry,5,0
travis.hopkins@company.com,Comp Inquiry,1,0
travis.hopkins@company.com,IT Access,2,0
travis.hopkins@company.com,Comp Inquiry,0,0
travis.hopkins@company.com,IT Access,4,0
travis.hopkins@company.com,Comp Inquiry,0,1
travis.hopkins@company.com,Policy Question,1,1
travis.hopkins@company.com,Payroll,3,0
nancy.webb@company.com,Payroll,1,0
nancy.webb@company.com,Comp Inquiry,0,0
nancy.webb@company.com,Comp Inquiry,3,0
nancy.webb@company.com,Benefits,1,0
nancy.webb@company.com,Policy Question,1,0
nancy.webb@company.com,PTO Request,11,0
nancy.webb@company.com,PTO Request,0,0
daniel.freeman@company.com,Policy Question,2,0
daniel.freeman@company.com,IT Access,0,0
daniel.freeman@company.com,Manager Escalation,7,0
jacob.williams@company.com,Manager Escalation,0,0
jacob.williams@company.com,Manager Escalation,1,1
jesse.williams@company.com,Policy Question,1,0
jesse.williams@company.com,IT Access,4,0
jesse.williams@company.com,Benefits,1,0
mrs.boyd@company.com,Benefits,5,0
sandy.baker@company.com,Policy Question,0,0
sandy.baker@company.com,IT Access,0,1
sandy.baker@company.com,Comp Inquiry,1,0
sandy.baker@company.com,Manager Escalation,1,0
sandy.baker@company.com,Benefits,8,0
sandy.baker@company.com,PTO Request,1,1
sandy.baker@company.com,Payroll,3,0
sandy.baker@company.com,PTO Request,3,0
carrie.valdez@company.com,PTO Request,1,0
carrie.valdez@company.com,Benefits,1,0
carrie.valdez@company.com,Manager Escalation,0,0
matthew.houston@company.com,PTO Request,0,0
matthew.houston@company.com,Payroll,0,0
jamie.solomon@company.com,Benefits,3,0
jamie.solomon@company.com,Payroll,0,0
jamie.solomon@company.com,IT Access,2,1
jamie.solomon@company.com,Benefits,10,0
jamie.solomon@company.com,Policy Question,2,0
jamie.solomon@company.com,Payroll,1,0
jamie.solomon@company.com,Benefits,1,0
jamie.solomon@company.com,Benefits,1,1
heather.parrish@company.com,Manager Escalation,0,0
heather.parrish@company.com,PTO Request,7,0
heather.parrish@company.com,IT Access,1,0
heather.parrish@company.com,Policy Question,2,0
mr.shaw@company.com,IT Access,0,0
mr.shaw@company.com,PTO Request,1,0
christopher.jones@company.com,Comp Inquiry,0,0
christopher.jones@company.com,Payroll,9,0
christopher.jones@company.com,Manager Escalation,1,1
christopher.jones@company.com,IT Access,1,0
christine.lopez@company.com,Benefits,6,0
christine.lopez@company.com,PTO Request,0,0
christine.lopez@company.com,IT Access,3,0
christine.lopez@company.com,Payroll,1,1
mitchell.wilson@company.com,Comp Inquiry,12,1
mitchell.wilson@company.com,Benefits,0,0
mitchell.wilson@company.com,Benefits,3,0
mitchell.wilson@company.com,Manager Escalation,3,0
mitchell.wilson@company.com,IT Access,2,0
mitchell.wilson@company.com,Manager Escalation,3,0
mitchell.wilson@company.com,PTO Request,1,0
robert.cortez@company.com,Policy Question,3,0
robert.cortez@company.com,Payroll,1,0
mr.martin@company.com,PTO Request,1,0
mr.martin@company.com,Benefits,1,1
mr.martin@company.com,Manager Escalation,3,0
mr.martin@company.com,Policy Question,0,0
mr.martin@company.com,Payroll,2,0
mr.martin@company.com,Manager Escalation,8,0
alison.williams@company.com,Policy Question,6,0
alison.williams@company.com,Payroll,0,0
alison.williams@company.com,Payroll,2,1
alison.williams@company.com,IT Access,0,0
alison.williams@company.com,Manager Escalation,3,1
alison.williams@company.com,Comp Inquiry,10,1
alison.williams@company.com,Payroll,1,1
candace.soto@company.com,Policy Question,1,0
candace.soto@company.com,Manager Escalation,1,0
candace.soto@company.com,Benefits,5,1
kenneth.brown@company.com,Comp Inquiry,1,0
kenneth.brown@company.com,Policy Question,0,0
kenneth.brown@company.com,Benefits,1,0
christopher.mullen@company.com,Payroll,0,0
christopher.mullen@company.com,IT Access,6,0
christopher.mullen@company.com,Policy Question,0,1
christopher.mullen@company.com,PTO Request,0,0
christopher.mullen@company.com,PTO Request,0,0
christopher.mullen@company.com,Comp Inquiry,0,0
christopher.mullen@company.com,PTO Request,1,0
christopher.mullen@company.com,Payroll,0,0
kristy.smith@company.com,Payroll,4,1
kristy.smith@company.com,Payroll,2,0
mary.campbell@company.com,Policy Question,3,0
mary.campbell@company.com,Policy Question,5,0
mary.campbell@company.com,Benefits,0,0
mary.campbell@company.com,Manager Escalation,0,0
mary.campbell@company.com,Benefits,1,0
mary.campbell@company.com,Comp Inquiry,0,0
mary.campbell@company.com,Manager Escalation,5,0
jerry.haney@company.com,IT Access,12,0
jerry.haney@company.com,Payroll,0,0
jerry.haney@company.com,PTO Request,11,0
carolyn.greer@company.com,Payroll,1,0
carolyn.greer@company.com,Manager Escalation,1,0
carolyn.greer@company.com,Manager Escalation,1,0
carolyn.greer@company.com,Policy Question,1,0
carolyn.greer@company.com,Benefits,2,1
carolyn.greer@company.com,PTO Request,9,0
carolyn.greer@company.com,Policy Question,2,0
carolyn.greer@company.com,PTO Request,0,1
rebecca.hoover@company.com,IT Access,3,0
rebecca.hoover@company.com,IT Access,0,0
rebecca.hoover@company.com,PTO Request,0,0
rebecca.hoover@company.com,Manager Escalation,4,1
matthew.baker@company.com,Payroll,0,0
matthew.baker@company.com,Comp Inquiry,2,1
matthew.baker@company.com,IT Access,0,0
matthew.baker@company.com,IT Access,1,0
matthew.baker@company.com,Comp Inquiry,1,0
matthew.baker@company.com,Comp Inquiry,5,0
matthew.baker@company.com,Benefits,3,0
matthew.baker@company.com,Benefits,2,0
grace.chavez@company.com,PTO Request,2,0
grace.chavez@company.com,Payroll,2,0
grace.chavez@company.com,Benefits,0,1
grace.chavez@company.com,Comp Inquiry,4,0
grace.chavez@company.com,Comp Inquiry,0,0
grace.chavez@company.com,PTO Request,8,0
grace.chavez@company.com,Comp Inquiry,2,0
grace.chavez@company.com,PTO Request,0,0
crystal.cruz@company.com,PTO Request,0,0
crystal.cruz@company.com,PTO Request,0,0
crystal.cruz@company.com,PTO Request,6,0
crystal.cruz@company.com,IT Access,1,0
dale.heath@company.com,Benefits,4,0
dale.heath@company.com,Policy Question,0,0
dale.heath@company.com,Policy Question,1,0
dale.heath@company.com,Payroll,1,0
dale.heath@company.com,Manager Escalation,1,0
dale.heath@company.com,Benefits,0,1
jennifer.hernandez@company.com,Comp Inquiry,3,0
jennifer.hernandez@company.com,Policy Question,10,1
jennifer.hernandez@company.com,Comp Inquiry,1,1
jennifer.hernandez@company.com,Payroll,7,0
jennifer.hernandez@company.com,IT Access,1,0
jennifer.hernandez@company.com,Payroll,3,0
jennifer.hernandez@company.com,Manager Escalation,6,1
john.mendez@company.com,Manager Escalation,0,1
john.mendez@company.com,Manager Escalation,8,0
john.mendez@company.com,Manager Escalation,0,0
john.mendez@company.com,PTO Request,4,0
richard.gordon@company.com,Payroll,6,0
richard.gordon@company.com,PTO Request,5,0
john.anderson@company.com,Manager Escalation,2,1
john.anderson@company.com,Manager Escalation,2,0
john.anderson@company.com,Payroll,8,0
john.anderson@company.com,PTO Request,1,0
john.anderson@company.com,Policy Question,3,1
john.anderson@company.com,Comp Inquiry,0,0
samantha.prince@company.com,PTO Request,2,0
samantha.prince@company.com,PTO Request,0,0
marie.boyd@company.com,IT Access,6,0
andrew.moreno@company.com,Manager Escalation,7,0
robert.clarke@company.com,Comp Inquiry,3,0
robert.clarke@company.com,Comp Inquiry,14,0
robert.clarke@company.com,PTO Request,3,0
robert.clarke@company.com,Benefits,2,1
robert.clarke@company.com,PTO Request,1,1
kevin.figueroa@company.com,IT Access,0,1
kevin.figueroa@company.com,Comp Inquiry,2,1
kevin.figueroa@company.com,Benefits,7,0
kevin.figueroa@company.com,Comp Inquiry,0,0
kevin.figueroa@company.com,Policy Question,3,0
kevin.figueroa@company.com,Benefits,3,0
kevin.figueroa@company.com,PTO Request,0,1
kevin.figueroa@company.com,Benefits,3,0
melissa.davis@company.com,PTO Request,0,0
melissa.davis@company.com,PTO Request,3,0
melissa.davis@company.com,PTO Request,3,0
john.hall@company.com,Comp Inquiry,1,0
john.hall@company.com,Comp Inquiry,5,0
john.hall@company.com,Manager Escalation,0,0
john.hall@company.com,Manager Escalation,0,0
john.hall@company.com,Manager Escalation,0,0
diane.mcdowell@company.com,Payroll,1,0
diane.mcdowell@company.com,Manager Escalation,3,0
colin.fletcher@company.com,Policy Question,6,1
colin.fletcher@company.com,Manager Escalation,1,0
colin.fletcher@company.com,Policy Question,0,0
laura.wilson@company.com,Payroll,2,1
laura.wilson@company.com,Policy Question,6,0
laura.wilson@company.com,Manager Escalation,5,1
laura.wilson@company.com,Payroll,0,0
laura.wilson@company.com,Comp Inquiry,0,0
laura.wilson@company.com,Comp Inquiry,2,0
laura.wilson@company.com,IT Access,1,1
laura.wilson@company.com,Manager Escalation,1,0
laura.wilson@company.com,Benefits,11,0
matthew.watts@company.com,PTO Request,3,0
jack.moore@company.com,Manager Escalation,0,0
jack.moore@company.com,Benefits,2,0
jack.moore@company.com,Payroll,0,0
dawn.wyatt@company.com,Manager Escalation,0,0
dawn.wyatt@company.com,Manager Escalation,0,0
dawn.wyatt@company.com,Payroll,0,0
dawn.wyatt@company.com,Policy Question,0,0
dawn.wyatt@company.com,Benefits,3,0
dawn.wyatt@company.com,Benefits,2,0
dawn.wyatt@company.com,Manager Escalation,1,0
dawn.wyatt@company.com,Payroll,0,0
jacob.hill@company.com,Manager Escalation,20,0
jacob.hill@company.com,Manager Escalation,1,0
nicole.gutierrez@company.com,Comp Inquiry,1,0
nicole.gutierrez@company.com,IT Access,5,0
nicole.gutierrez@company.com,PTO Request,0,0
karen.wood@company.com,Benefits,2,0
karen.wood@company.com,PTO Request,6,0
karen.wood@company.com,Benefits,0,0
karen.wood@company.com,Benefits,2,0
karen.wood@company.com,IT Access,0,0
karen.wood@company.com,Payroll,3,1
dawn.parker@company.com,Benefits,2,0
dawn.parker@company.com,Manager Escalation,0,0
dawn.parker@company.com,Manager Escalation,0,0
dawn.parker@company.com,Payroll,6,0
dawn.parker@company.com,Payroll,0,0
dawn.parker@company.com,IT Access,1,1
dawn.parker@company.com,PTO Request,0,0
michael.fitzgerald@company.com,Comp Inquiry,2,0
michael.fitzgerald@company.com,Benefits,7,0
mary.adkins@company.com,Payroll,4,0
mary.adkins@company.com,Policy Question,3,0
mary.adkins@company.com,Payroll,5,0
mary.adkins@company.com,Manager Escalation,0,0
mary.adkins@company.com,Payroll,3,0
mary.adkins@company.com,Comp Inquiry,2,0
mary.adkins@company.com,Manager Escalation,4,0
mary.adkins@company.com,PTO Request,1,0
mary.adkins@company.com,PTO Request,7,1
michael.martin@company.com,PTO Request,0,0
michael.martin@company.com,Benefits,1,0
michael.martin@company.com,Comp Inquiry,4,1
michael.martin@company.com,Benefits,0,0
michael.martin@company.com,Policy Question,0,0
michael.martin@company.com,Benefits,5,0
melissa.mann@company.com,IT Access,0,1
melissa.mann@company.com,IT Access,0,0
melissa.mann@company.com,Payroll,0,0
melissa.mann@company.com,Policy Question,0,0
vincent.smith@company.com,Manager Escalation,3,1
vincent.smith@company.com,PTO Request,3,0
vincent.smith@company.com,PTO Request,0,0
vincent.smith@company.com,IT Access,0,0
vincent.smith@company.com,Benefits,0,0
vincent.smith@company.com,Manager Escalation,0,0
vincent.smith@company.com,Manager Escalation,2,0
charles.frost@company.com,PTO Request,9,0
charles.frost@company.com,Policy Question,1,0
charles.frost@company.com,Policy Question,0,0
charles.frost@company.com,Payroll,3,0
austin.walker@company.com,Manager Escalation,4,0
austin.walker@company.com,Manager Escalation,0,0
austin.walker@company.com,Payroll,2,1
austin.walker@company.com,Benefits,2,0
andrew.cruz@company.com,PTO Request,1,1
andrew.cruz@company.com,IT Access,3,0
andrew.cruz@company.com,Manager Escalation,7,0
andrew.cruz@company.com,Manager Escalation,9,0
andrew.cruz@company.com,IT Access,0,0
andrew.cruz@company.com,PTO Request,0,0
miss.dawson@company.com,Policy Question,3,0
miss.dawson@company.com,PTO Request,1,1
miss.dawson@company.com,PTO Request,5,1
theresa.wilkins@company.com,Comp Inquiry,4,0
theresa.wilkins@company.com,Benefits,0,1
theresa.wilkins@company.com,Manager Escalation,2,0
theresa.wilkins@company.com,PTO Request,1,0
theresa.wilkins@company.com,PTO Request,19,0
theresa.wilkins@company.com,Benefits,1,0
jessica.harris@company.com,Payroll,1,1
regina.mitchell@company.com,Benefits,0,0
regina.mitchell@company.com,Comp Inquiry,2,1
regina.mitchell@company.com,Manager Escalation,1,0
christopher.johnson@company.com,Manager Escalation,9,0
christopher.johnson@company.com,Manager Escalation,0,0
christopher.johnson@company.com,Manager Escalation,1,0
aaron.moore@company.com,Manager Escalation,10,0
aaron.moore@company.com,IT Access,6,0
aaron.moore@company.com,Manager Escalation,6,0
aaron.moore@company.com,Payroll,4,0
penny.md@company.com,Payroll,0,0
penny.md@company.com,Comp Inquiry,0,0
kelly.mclaughlin@company.com,IT Access,1,0
kelly.mclaughlin@company.com,Payroll,0,1
brandon.mitchell@company.com,Manager Escalation,2,0
brandon.mitchell@company.com,PTO Request,6,0
brandon.mitchell@company.com,Policy Question,0,0
brandon.mitchell@company.com,IT Access,0,0
brandon.mitchell@company.com,Payroll,2,0
brandon.mitchell@company.com,Payroll,3,0
brandon.mitchell@company.com,Benefits,2,0
brandon.mitchell@company.com,Benefits,7,0
brandon.mitchell@company.com,Policy Question,0,0
brandon.mitchell@company.com,IT Access,0,0
brandon.mitchell@company.com,Policy Question,11,0
brandon.mitchell@company.com,Policy Question,2,0
brandon.mitchell@company.com,PTO Request,0,0
brandon.mitchell@company.com,IT Access,1,0
brandon.mitchell@company.com,Manager Escalation,2,0
suzanne.bailey@company.com,Policy Question,6,0
suzanne.bailey@company.com,Manager Escalation,7,0
suzanne.bailey@company.com,Manager Escalation,5,0
suzanne.bailey@company.com,PTO Request,2,0
suzanne.bailey@company.com,IT Access,3,0
suzanne.bailey@company.com,PTO Request,4,0
suzanne.bailey@company.com,Policy Question,0,0
suzanne.bailey@company.com,Payroll,6,0
suzanne.bailey@company.com,Policy Question,8,0
suzanne.bailey@company.com,Manager Escalation,0,1
destiny.obrien@company.com,Benefits,0,0
destiny.obrien@company.com,Payroll,4,0
destiny.obrien@company.com,IT Access,0,1
timothy.andrews@company.com,Payroll,2,0
timothy.andrews@company.com,IT Access,5,0
timothy.andrews@company.com,Manager Escalation,6,0
timothy.andrews@company.com,Benefits,4,0
jason.rodriguez@company.com,IT Access,1,0
jason.rodriguez@company.com,IT Access,8,0
jason.rodriguez@company.com,Policy Question,0,0
jason.rodriguez@company.com,Comp Inquiry,0,0
jason.rodriguez@company.com,Comp Inquiry,1,0
jason.rodriguez@company.com,PTO Request,3,0
jason.rodriguez@company.com,Policy Question,1,0
edward.arroyo@company.com,PTO Request,0,0
edward.arroyo@company.com,IT Access,1,1
edward.arroyo@company.com,Benefits,3,0
edward.arroyo@company.com,IT Access,5,0
tina.walter@company.com,PTO Request,11,1
tina.walter@company.com,IT Access,2,0
tina.walter@company.com,Policy Question,3,0
tina.walter@company.com,Benefits,2,1
laura.benson@company.com,Manager Escalation,5,0
laura.benson@company.com,IT Access,0,1
laura.benson@company.com,Benefits,0,0
laura.benson@company.com,Policy Question,0,0
laura.benson@company.com,IT Access,1,0
kristine.carrillo@company.com,Benefits,7,0
kristine.carrillo@company.com,Policy Question,1,0
tonya.ellis@company.com,Benefits,7,0
tonya.ellis@company.com,Manager Escalation,1,0
tonya.ellis@company.com,Manager Escalation,0,1
tonya.ellis@company.com,Policy Question,1,0
tonya.ellis@company.com,IT Access,3,0
tonya.ellis@company.com,PTO Request,6,0
kevin.johnson@company.com,Payroll,4,0
kevin.johnson@company.com,Payroll,7,1
kevin.johnson@company.com,PTO Request,0,0
kevin.johnson@company.com,Policy Question,3,0
kevin.johnson@company.com,Comp Inquiry,2,0
austin.schultz@company.com,PTO Request,2,0
austin.schultz@company.com,Payroll,0,0
austin.schultz@company.com,Comp Inquiry,3,0
austin.schultz@company.com,Manager Escalation,1,1
megan.md@company.com,Policy Question,4,0
megan.md@company.com,PTO Request,0,1
megan.md@company.com,Policy Question,2,0
megan.md@company.com,IT Access,4,1
megan.md@company.com,IT Access,1,1
kelli.smith@company.com,PTO Request,11,1
kelli.smith@company.com,Policy Question,2,0
kelli.smith@company.com,Payroll,0,0
danielle.davis@company.com,IT Access,0,0
danielle.davis@company.com,PTO Request,5,1
danielle.davis@company.com,IT Access,2,0
danielle.davis@company.com,IT Access,3,0
samantha.jones@company.com,Manager Escalation,1,0
samantha.jones@company.com,PTO Request,1,0
samantha.jones@company.com,Benefits,1,0
karen.gomez@company.com,Benefits,0,0
karen.gomez@company.com,PTO Request,4,0
karen.gomez@company.com,Manager Escalation,2,1
karen.gomez@company.com,Payroll,2,0
debra.valentine@company.com,Manager Escalation,1,0
debra.valentine@company.com,IT Access,0,0
debra.valentine@company.com,Comp Inquiry,2,0
debra.valentine@company.com,PTO Request,8,0
debra.valentine@company.com,Payroll,7,0
debra.valentine@company.com,Comp Inquiry,3,0
debra.valentine@company.com,PTO Request,0,0
debra.valentine@company.com,PTO Request,5,1
debra.valentine@company.com,IT Access,0,0
debra.valentine@company.com,PTO Request,3,0
susan.porter@company.com,Benefits,6,0
susan.porter@company.com,Payroll,0,0
susan.porter@company.com,IT Access,1,0
susan.porter@company.com,Manager Escalation,2,0
susan.porter@company.com,PTO Request,3,0
brittney.rodriguez@company.com,Comp Inquiry,3,0
brittney.rodriguez@company.com,IT Access,3,1
brittney.rodriguez@company.com,PTO Request,1,1
brittney.rodriguez@company.com,Policy Question,2,0
brittney.rodriguez@company.com,Benefits,1,0
megan.alvarado@company.com,Manager Escalation,5,0
megan.alvarado@company.com,Comp Inquiry,0,1
megan.alvarado@company.com,IT Access,0,0
megan.alvarado@company.com,IT Access,6,0
pamela.weaver@company.com,IT Access,2,1
pamela.weaver@company.com,Comp Inquiry,2,1
pamela.weaver@company.com,PTO Request,1,0
pamela.weaver@company.com,Payroll,0,0
pamela.weaver@company.com,Manager Escalation,4,0
john.oliver@company.com,Policy Question,2,1
john.oliver@company.com,IT Access,2,0
john.oliver@company.com,IT Access,3,0
john.oliver@company.com,Comp Inquiry,0,0
john.oliver@company.com,Manager Escalation,0,1
john.oliver@company.com,Payroll,1,0
william.phd@company.com,Manager Escalation,2,0
william.phd@company.com,Benefits,0,0
william.phd@company.com,Policy Question,3,0
william.iv@company.com,Manager Escalation,1,0
william.iv@company.com,Payroll,1,0
william.iv@company.com,Payroll,5,0
william.iv@company.com,PTO Request,0,0
kenneth.brown@company.com,PTO Request,0,1
kenneth.brown@company.com,IT Access,3,1
kenneth.brown@company.com,Policy Question,7,0
kenneth.brown@company.com,PTO Request,0,0
karen.fernandez@company.com,Manager Escalation,0,0
karen.fernandez@company.com,PTO Request,3,0
karen.fernandez@company.com,IT Access,0,0
jennifer.parks@company.com,Benefits,7,0
jennifer.parks@company.com,Manager Escalation,12,0
jennifer.parks@company.com,IT Access,9,0
jennifer.parks@company.com,Comp Inquiry,4,1
jennifer.parks@company.com,IT Access,3,0
jennifer.parks@company.com,Benefits,3,0
william.wolfe@company.com,Comp Inquiry,7,0
william.wolfe@company.com,PTO Request,2,0
william.wolfe@company.com,IT Access,4,0
william.wolfe@company.com,Manager Escalation,1,0
william.wolfe@company.com,Comp Inquiry,6,0
william.wolfe@company.com,Comp Inquiry,1,0
william.wolfe@company.com,PTO Request,0,0
william.wolfe@company.com,Manager Escalation,4,0
michael.smith@company.com,Manager Escalation,4,0
kevin.nguyen@company.com,IT Access,11,0
kevin.nguyen@company.com,Manager Escalation,1,0
kevin.nguyen@company.com,Manager Escalation,2,0
kevin.nguyen@company.com,Benefits,2,0
debbie.dunn@company.com,Payroll,10,0
debbie.dunn@company.com,Benefits,5,0
debbie.dunn@company.com,Payroll,8,0
debbie.dunn@company.com,Comp Inquiry,0,1
debbie.dunn@company.com,Manager Escalation,2,0
debbie.dunn@company.com,PTO Request,11,1
debbie.dunn@company.com,Manager Escalation,3,0
debbie.dunn@company.com,IT Access,0,1
john.austin@company.com,Policy Question,0,0
john.austin@company.com,Manager Escalation,1,1
john.austin@company.com,Payroll,0,1
jonathan.clark@company.com,Manager Escalation,3,0
jonathan.clark@company.com,Comp Inquiry,3,0
jacqueline.dickerson@company.com,Benefits,0,1
jacqueline.dickerson@company.com,IT Access,1,0
jacqueline.dickerson@company.com,Comp Inquiry,5,0
christopher.anderson@company.com,Manager Escalation,7,1
christopher.anderson@company.com,Payroll,8,0
christopher.anderson@company.com,IT Access,2,0
christopher.anderson@company.com,Manager Escalation,5,0
christopher.anderson@company.com,IT Access,0,0
christopher.anderson@company.com,Policy Question,1,0
christopher.anderson@company.com,PTO Request,1,0
christopher.anderson@company.com,Payroll,2,0
crystal.garcia@company.com,Payroll,5,0
crystal.garcia@company.com,PTO Request,1,0
crystal.garcia@company.com,Comp Inquiry,4,0
crystal.garcia@company.com,IT Access,0,0
crystal.garcia@company.com,Policy Question,1,0
crystal.garcia@company.com,PTO Request,8,0
crystal.garcia@company.com,PTO Request,1,0
david.reynolds@company.com,Comp Inquiry,0,0
charles.haley@company.com,Manager Escalation,4,0
charles.haley@company.com,Manager Escalation,3,1
charles.haley@company.com,Payroll,2,0
charles.haley@company.com,PTO Request,3,0
charles.haley@company.com,Comp Inquiry,0,1
charles.haley@company.com,Benefits,0,0
robert.thompson@company.com,Manager Escalation,2,0
robert.thompson@company.com,Policy Question,0,0
robert.thompson@company.com,Policy Question,3,0
robert.thompson@company.com,Manager Escalation,7,0
robert.thompson@company.com,IT Access,8,0
dr.dds@company.com,Manager Escalation,1,0
dr.dds@company.com,Payroll,3,0
dr.dds@company.com,IT Access,2,0
dr.dds@company.com,Payroll,2,0
dr.dds@company.com,PTO Request,4,0
dr.dds@company.com,Manager Escalation,1,0
dr.dds@company.com,PTO Request,1,0
dr.dds@company.com,IT Access,4,0
dr.dds@company.com,Comp Inquiry,6,1
elizabeth.hart@company.com,Manager Escalation,1,0
elizabeth.hart@company.com,Manager Escalation,5,0
elizabeth.hart@company.com,Manager Escalation,0,0
elizabeth.hart@company.com,Policy Question,0,0
elizabeth.hart@company.com,Manager Escalation,0,0
elizabeth.hart@company.com,IT Access,0,0
jennifer.vaughn@company.com,Manager Escalation,2,0
jennifer.vaughn@company.com,Manager Escalation,0,0
jennifer.vaughn@company.com,Manager Escalation,1,0
jennifer.vaughn@company.com,Manager Escalation,5,0
jennifer.vaughn@company.com,PTO Request,0,0
jennifer.vaughn@company.com,Payroll,2,0
jennifer.vaughn@company.com,Payroll,1,0
jennifer.vaughn@company.com,Manager Escalation,7,1
jennifer.vaughn@company.com,Benefits,8,1
jennifer.vaughn@company.com,Payroll,1,0
jennifer.vaughn@company.com,IT Access,3,0
jennifer.vaughn@company.com,PTO Request,3,0
robert.woods@company.com,PTO Request,5,0
robert.woods@company.com,Benefits,6,0
justin.frederick@company.com,Comp Inquiry,3,0
justin.frederick@company.com,Policy Question,0,0
justin.frederick@company.com,Payroll,11,0
justin.frederick@company.com,Manager Escalation,4,0
justin.frederick@company.com,Manager Escalation,2,1
justin.frederick@company.com,Comp Inquiry,1,0
justin.frederick@company.com,PTO Request,3,0
justin.frederick@company.com,Comp Inquiry,0,0
justin.frederick@company.com,Policy Question,3,0
justin.frederick@company.com,PTO Request,0,0
alejandro.martinez@company.com,Payroll,0,0
alejandro.martinez@company.com,Payroll,2,0
tracey.gonzalez@company.com,Benefits,1,0
tracey.gonzalez@company.com,Manager Escalation,1,0
mariah.thompson@company.com,Benefits,0,0
mariah.thompson@company.com,Manager Escalation,0,1
heather.nunez@company.com,PTO Request,1,0
heather.nunez@company.com,Benefits,1,0
heather.nunez@company.com,Benefits,9,0
dr.james@company.com,Policy Question,0,1
dr.james@company.com,PTO Request,7,0
mark.thomas@company.com,PTO Request,5,0
robert.rogers@company.com,Manager Escalation,0,0
laura.sweeney@company.com,Policy Question,10,0
christopher.perez@company.com,Comp Inquiry,4,0
christopher.perez@company.com,IT Access,5,0
christopher.perez@company.com,Payroll,6,0
christopher.perez@company.com,Policy Question,0,0
eddie.adams@company.com,Manager Escalation,3,0
eddie.adams@company.com,IT Access,10,0
eddie.adams@company.com,Payroll,0,1
eddie.adams@company.com,Comp Inquiry,2,0
denise.wallace@company.com,Policy Question,0,0
denise.wallace@company.com,Manager Escalation,2,0
denise.wallace@company.com,Manager Escalation,2,0
heidi.matthews@company.com,Comp Inquiry,1,0
heidi.matthews@company.com,Payroll,0,1
heidi.matthews@company.com,Payroll,6,0
heidi.matthews@company.com,IT Access,2,0
jennifer.white@company.com,Policy Question,1,0
jennifer.white@company.com,Benefits,5,0
jennifer.white@company.com,Comp Inquiry,2,0
jennifer.white@company.com,Comp Inquiry,3,1
jennifer.white@company.com,IT Access,0,0
nicholas.stanley@company.com,Manager Escalation,0,0
mercedes.miller@company.com,PTO Request,5,0
mercedes.miller@company.com,Manager Escalation,3,0
mercedes.miller@company.com,PTO Request,3,0
mercedes.miller@company.com,Policy Question,3,1
mercedes.miller@company.com,IT Access,0,0
mercedes.miller@company.com,IT Access,3,0
mercedes.miller@company.com,PTO Request,0,0
mercedes.miller@company.com,Comp Inquiry,3,1
mercedes.miller@company.com,Manager Escalation,1,0
brian.brown@company.com,Comp Inquiry,4,0
brian.brown@company.com,Policy Question,1,0
brian.brown@company.com,Benefits,12,0
brian.brown@company.com,Policy Question,6,0
brian.brown@company.com,Policy Question,0,0
brian.brown@company.com,Benefits,3,0
kimberly.johnson@company.com,Payroll,3,0
kimberly.johnson@company.com,PTO Request,5,0
kimberly.johnson@company.com,Policy Question,2,0
kimberly.johnson@company.com,IT Access,2,1
phillip.miller@company.com,Manager Escalation,6,1
phillip.miller@company.com,Manager Escalation,4,0
phillip.miller@company.com,Manager Escalation,1,0
phillip.miller@company.com,Payroll,2,0
phillip.miller@company.com,Benefits,6,0
phillip.miller@company.com,PTO Request,1,0
christopher.pena@company.com,IT Access,2,0
christopher.pena@company.com,Manager Escalation,0,1
christopher.pena@company.com,Policy Question,1,0
christopher.pena@company.com,IT Access,1,0
christopher.pena@company.com,Policy Question,5,1
christopher.pena@company.com,Comp Inquiry,2,0
ellen.wright@company.com,Comp Inquiry,2,0
ellen.wright@company.com,Policy Question,2,0
ellen.wright@company.com,Benefits,0,1
ellen.wright@company.com,Benefits,2,0
ellen.wright@company.com,Manager Escalation,1,1
ellen.wright@company.com,Comp Inquiry,2,1
ellen.wright@company.com,Payroll,2,0
ellen.wright@company.com,IT Access,0,0
mark.anderson@company.com,Comp Inquiry,2,0
mark.anderson@company.com,Manager Escalation,0,0
mark.anderson@company.com,PTO Request,0,0
mark.anderson@company.com,Manager Escalation,1,0
mark.anderson@company.com,Comp Inquiry,0,0
alyssa.alvarado@company.com,Benefits,4,0
alyssa.alvarado@company.com,Manager Escalation,10,0
alyssa.alvarado@company.com,Policy Question,2,0
kimberly.nelson@company.com,PTO Request,0,0
wayne.wolfe@company.com,Benefits,6,0
kyle.welch@company.com,Manager Escalation,0,0
kyle.welch@company.com,IT Access,2,0
kyle.welch@company.com,Benefits,2,0
kristy.mills@company.com,Policy Question,4,0
kristy.mills@company.com,Manager Escalation,1,0
kristy.mills@company.com,IT Access,0,0
kristy.mills@company.com,Payroll,4,1
emily.reed@company.com,PTO Request,3,0
emily.reed@company.com,Benefits,17,0
emily.reed@company.com,Benefits,2,0
emily.reed@company.com,PTO Request,0,1
emily.reed@company.com,Comp Inquiry,1,0
emily.reed@company.com,Payroll,3,0
regina.ramos@company.com,Payroll,4,0
regina.ramos@company.com,Policy Question,7,1
regina.ramos@company.com,Comp Inquiry,4,0
regina.ramos@company.com,Benefits,0,0
regina.ramos@company.com,IT Access,0,1
david.torres@company.com,Comp Inquiry,3,0
robert.charles@company.com,Policy Question,2,0
robert.charles@company.com,PTO Request,0,0
robert.charles@company.com,Benefits,2,0
theresa.woods@company.com,Comp Inquiry,0,0
theresa.woods@company.com,Payroll,0,0
theresa.woods@company.com,Manager Escalation,10,1
theresa.woods@company.com,IT Access,5,0
jeffrey.carter@company.com,Comp Inquiry,4,1
jeffrey.carter@company.com,Benefits,1,0
jeffrey.carter@company.com,Manager Escalation,2,0
jeffrey.carter@company.com,Comp Inquiry,2,0
adam.brooks@company.com,PTO Request,1,0
adam.brooks@company.com,Benefits,4,0
adam.brooks@company.com,Manager Escalation,7,0
adam.brooks@company.com,PTO Request,0,0
justin.foster@company.com,IT Access,0,0
justin.foster@company.com,IT Access,4,0
justin.foster@company.com,Manager Escalation,2,0
justin.foster@company.com,Payroll,2,0
justin.foster@company.com,IT Access,1,0
justin.foster@company.com,Policy Question,0,0
justin.foster@company.com,Manager Escalation,6,0
justin.foster@company.com,Manager Escalation,0,0
justin.foster@company.com,Policy Question,2,0
justin.foster@company.com,Manager Escalation,2,0
justin.foster@company.com,Payroll,2,1
justin.foster@company.com,Payroll,5,0
omar.price@company.com,Manager Escalation,0,0
omar.price@company.com,Comp Inquiry,0,0
omar.price@company.com,Benefits,0,0
dennis.henderson@company.com,PTO Request,0,0
dennis.henderson@company.com,PTO Request,1,0
dennis.henderson@company.com,PTO Request,1,0
dennis.henderson@company.com,Manager Escalation,0,0
dennis.henderson@company.com,Manager Escalation,0,0
phillip.kent@company.com,Benefits,3,1
phillip.kent@company.com,Policy Question,2,0
phillip.kent@company.com,Policy Question,2,0
phillip.kent@company.com,IT Access,3,0
melinda.mitchell@company.com,Manager Escalation,3,1
melinda.mitchell@company.com,Payroll,8,0
rhonda.gutierrez@company.com,Manager Escalation,3,0
rhonda.gutierrez@company.com,PTO Request,0,0
rhonda.gutierrez@company.com,Comp Inquiry,3,1
rhonda.gutierrez@company.com,Policy Question,3,0
lisa.nelson@company.com,Payroll,2,0
lisa.nelson@company.com,Comp Inquiry,4,0
lisa.nelson@company.com,Benefits,1,0
lisa.nelson@company.com,Benefits,1,0
lisa.nelson@company.com,PTO Request,0,0
chelsea.smith@company.com,Manager Escalation,6,0
chelsea.smith@company.com,IT Access,0,0
joseph.lopez@company.com,Manager Escalation,1,0
joseph.lopez@company.com,Policy Question,6,0
joseph.lopez@company.com,Comp Inquiry,0,0
joseph.lopez@company.com,IT Access,1,0
joseph.lopez@company.com,Policy Question,5,0
derrick.espinoza@company.com,Payroll,1,0
derrick.espinoza@company.com,Policy Question,0,1
derrick.espinoza@company.com,PTO Request,0,0
crystal.hernandez@company.com,Benefits,5,0
crystal.hernandez@company.com,PTO Request,0,0
crystal.hernandez@company.com,Payroll,5,0
glenn.dds@company.com,Comp Inquiry,0,0
glenn.dds@company.com,Benefits,5,1
glenn.dds@company.com,Policy Question,1,1
glenn.dds@company.com,PTO Request,1,0
mrs.dvm@company.com,Benefits,5,0
mrs.dvm@company.com,Manager Escalation,5,1
mrs.dvm@company.com,Payroll,0,0
amy.rowe@company.com,Manager Escalation,8,1
amy.rowe@company.com,Benefits,1,0
amy.rowe@company.com,Payroll,0,0
amy.rowe@company.com,Policy Question,0,0
amy.rowe@company.com,Policy Question,3,0
amy.rowe@company.com,PTO Request,2,0
amy.rowe@company.com,IT Access,1,0
john.lee@company.com,IT Access,2,0
john.lee@company.com,Manager Escalation,0,0
ruth.clayton@company.com,Comp Inquiry,4,0
ruth.clayton@company.com,Payroll,3,0
ruth.clayton@company.com,Comp Inquiry,0,0
ruth.clayton@company.com,Manager Escalation,2,0
randy.wright@company.com,Policy Question,2,0
randy.wright@company.com,IT Access,3,0
randy.wright@company.com,Payroll,1,0
randy.wright@company.com,Benefits,2,1
randy.wright@company.com,PTO Request,0,1
randy.wright@company.com,Policy Question,6,0
joel.wise@company.com,PTO Request,2,0
joel.wise@company.com,Comp Inquiry,3,0
joel.wise@company.com,IT Access,8,0
vickie.kennedy@company.com,PTO Request,3,1
amanda.pineda@company.com,Payroll,6,0
amanda.pineda@company.com,IT Access,0,0
dawn.little@company.com,PTO Request,3,0
dawn.little@company.com,Manager Escalation,0,0
dawn.little@company.com,Payroll,0,0
dawn.little@company.com,Policy Question,3,0
dawn.little@company.com,Manager Escalation,0,0
dawn.little@company.com,PTO Request,1,0
stephen.boyer@company.com,Benefits,0,0
stephen.boyer@company.com,IT Access,1,0
stephen.boyer@company.com,IT Access,1,0
brian.chen@company.com,Comp Inquiry,1,0
brian.chen@company.com,IT Access,0,0
brian.chen@company.com,Manager Escalation,0,0
brian.chen@company.com,PTO Request,1,0
brian.chen@company.com,IT Access,1,0
brian.chen@company.com,Payroll,3,0
brian.chen@company.com,IT Access,0,0
brian.chen@company.com,IT Access,0,1
christopher.hill@company.com,IT Access,2,0
christopher.hill@company.com,Policy Question,0,0
christopher.hill@company.com,Comp Inquiry,0,0
richard.smith@company.com,Benefits,1,0
richard.smith@company.com,IT Access,2,0
richard.smith@company.com,Policy Question,1,1
richard.alvarez@company.com,Payroll,0,0
richard.alvarez@company.com,Manager Escalation,0,1
richard.alvarez@company.com,Benefits,1,0
richard.alvarez@company.com,Payroll,0,0
richard.alvarez@company.com,Payroll,1,1
jacqueline.davis@company.com,Benefits,5,0
jacqueline.davis@company.com,Comp Inquiry,0,0
jacqueline.davis@company.com,Payroll,0,0
brandon.montgomery@company.com,Manager Escalation,1,0
brandon.montgomery@company.com,Benefits,0,0
brandon.montgomery@company.com,Payroll,0,0
yolanda.garrett@company.com,IT Access,1,0
yolanda.garrett@company.com,Policy Question,2,0
yolanda.garrett@company.com,IT Access,3,0
yolanda.garrett@company.com,IT Access,0,0
yolanda.garrett@company.com,Policy Question,7,0
yolanda.garrett@company.com,Manager Escalation,11,0
matthew.miles@company.com,Comp Inquiry,0,1
matthew.miles@company.com,Policy Question,6,0
beth.hall@company.com,Benefits,0,0
beth.hall@company.com,Policy Question,1,0
beth.hall@company.com,IT Access,2,1
dr.trujillo@company.com,PTO Request,4,0
corey.norris@company.com,Payroll,0,0
chad.roach@company.com,IT Access,2,0
chad.roach@company.com,Benefits,4,0
chad.roach@company.com,Benefits,0,0
chad.roach@company.com,Benefits,1,0
chad.roach@company.com,Benefits,1,1
chad.roach@company.com,Policy Question,1,1
chad.roach@company.com,IT Access,0,0
chad.roach@company.com,Payroll,1,0
chad.roach@company.com,PTO Request,0,0
chad.roach@company.com,Manager Escalation,7,0
chad.roach@company.com,PTO Request,2,0
mr.terry@company.com,Policy Question,2,0
mr.terry@company.com,Payroll,5,0
cody.bailey@company.com,Benefits,2,0
cody.bailey@company.com,Benefits,0,0
cody.bailey@company.com,Comp Inquiry,3,0
cody.bailey@company.com,Policy Question,0,0
cody.bailey@company.com,IT Access,0,0
cody.bailey@company.com,IT Access,1,0
cody.bailey@company.com,Benefits,0,0
cody.bailey@company.com,PTO Request,2,0
